anime_id,counts
32281,0.055897305541433656
5114,0.6246568378240976
28977,0.03523131672597865
9253,0.4901626842907982
9969,0.09336553126588713
32935,0.0313421453990849
11061,0.2179715302491103
820,0.022953736654804272
15335,0.06418403660396543
15417,0.064489069649212
4181,0.4538383324860193
28851,0.0011184544992374173
918,0.1264361972547026
2904,0.6162175902389425
28891,0.10104219623792578
199,0.5839857651245551
23273,0.24016268429079818
24701,0.04351804778851042
12355,0.19595831215048298
1575,0.7045754956786985
263,0.12544483985765126
44,0.1456278596847992
1,0.39422979156075244
30276,0.33995932892730046
164,0.41441281138790037
7311,0.24341637010676156
17074,0.1539908490086426
21939,0.06319267920691408
457,0.17803762074224708
2001,0.4915353329944077
245,0.2496187086934418
32983,0.0
5258,0.093467208947636
28957,0.01797153024911032
11665,0.08274021352313167
431,0.43868835790543975
11741,0.30622775800711743
31757,0.0019318759532282665
19,0.11677681748856127
12365,0.1264361972547026
1535,1.0
32366,0.002414844941535333
30654,0.07430096593797661
20583,0.1873157092018302
19647,0.05574478901881037
4282,0.12714794102694457
10379,0.09555160142348755
22135,0.058998474834773766
21329,0.04633960345704118
31043,0.2333502796136248
7785,0.05315200813421454
3297,0.026715810879511945
30709,0.009227249618708694
6114,0.07775800711743772
31240,0.15564311133706152
4565,0.07709710218607016
5300,0.11736146415861719
9989,0.431952211489578
24415,0.12460599898322318
11577,0.16545500762582613
10408,0.1767666497203864
28171,0.2031011692933401
32995,0.0
21899,0.0063294356888662934
26055,0.06970005083884087
7472,0.05490594814438231
777,0.19067107269954245
22535,0.2939501779359431
28735,0.026182003050330454
12431,0.024250127097102187
28805,0.047508896797153026
578,0.19712760549059483
16894,0.20932892730045755
5028,0.03238434163701068
21,0.0
801,0.10704117946110829
31933,0.0
5205,0.10673614641586172
17389,0.023029994916115914
170,0.06891204880528724
10162,0.17686832740213523
18617,0.01273512963904423
32182,0.08983223182511439
877,0.16174377224199288
2251,0.28139298423995934
24687,0.030604982206405694
16498,0.7520081342145399
10030,0.1566853075749873
5941,0.039527198779867816
30346,0.012328418912048805
3784,0.20338078291814946
13125,0.15937976614133198
12029,0.020843924758515507
14397,0.07791052364006101
10087,0.3615658362989324
14719,0.12714794102694457
9756,0.42834265378749364
10165,0.14806812404677172
13601,0.35607524148449415
22789,0.1697508896797153
30230,0.02206405693950178
18115,0.18502796136248092
11981,0.1137519064565328
11917,0.014590747330960854
205,0.357600406710727
32282,0.0909506863243518
6594,0.135155058464667
11979,0.07661413319776308
7655,0.026893746822572444
2246,0.048017285205897306
25835,0.06138790035587188
2921,0.0027707168276563296
136,0.14300965937976615
30503,0.17125063548551092
12531,0.11995424504321302
523,0.32404677173360447
467,0.1608795119471276
572,0.18070665988815454
19815,0.4653279105236401
2559,0.009633960345704119
392,0.17193695983731572
486,0.06481952211489578
11771,0.2928825622775801
1698,0.136934417895272
5341,0.21621759023894255
25781,0.06204880528723945
10863,0.1895017793594306
28701,0.15681240467717336
5420,0.015048296898830707
9260,0.024733096085409252
32,0.2611337061514997
4224,0.6172597864768683
2236,0.3317996949669548
2685,0.07671581087951194
31181,0.05772750381291306
45,0.20081342145399084
2418,0.13002033553634978
1365,0.03609557702084393
22297,0.19649211997966445
627,0.04239959328927301
10937,0.0
23755,0.20823589222165734
4081,0.15383833248601933
4155,0.11151499745805796
1889,0.23301982714794103
137,0.07086934417895271
139,0.07341128622267412
23317,0.03688357905439756
558,0.039527198779867816
5040,0.06873411286222673
57,0.14613624809354347
33,0.18157092018301982
5,0.1760803253685816
1842,0.037366548042704624
6336,0.021301474326385357
20651,0.022801220132180985
1210,0.2547788510421962
338,0.01797153024911032
13759,0.30205897305541435
6547,0.6909761057447891
5081,0.41148957803762076
32867,0.0
264,0.06387900355871887
12859,0.0867819013726487
853,0.4845958312150483
5460,0.026436197254702594
6746,0.4768174885612608
5690,0.07803762074224707
329,0.060116929334011186
34240,0.03929842399593289
513,0.193111337061515
6945,0.03345195729537367
1142,0.07381799694966955
6811,0.09603457041179461
16664,0.027351296390442297
1604,0.17130147432638534
22145,0.09008642602948652
2966,0.3027452974072191
31964,0.15338078291814947
19363,0.07125063548551093
18195,0.06204880528723945
9890,0.015378749364514489
9130,0.027580071174377226
9863,0.053304524656837826
7674,0.21875953228266395
11843,0.20818505338078291
16782,0.16840366039654295
28675,0.03675648195221149
3226,0.03467208947635994
21557,0.03352821555668531
31715,0.02724961870869344
43,0.2273767158108795
9617,0.12264870360955771
31051,0.013955261820030504
10153,0.011438739196746314
1033,0.054829689883070666
32188,0.019725470259278087
3091,0.08675648195221149
12115,0.0646670055922725
28223,0.2661921708185053
121,0.6362989323843417
3002,0.0771733604473818
138,0.07602948652770716
6675,0.10683782409761057
10800,0.11352313167259787
32005,0.0020081342145399084
813,0.4329435688866294
27821,0.11644636502287747
28725,0.02691916624300966
585,0.10823589222165735
16067,0.1376970005083884
30,0.44956786985256736
31490,0.002262328418912049
759,0.08924758515505847
6,0.2815709201830198
6864,0.03845958312150483
9735,0.012074224707676665
11977,0.08228266395526182
11123,0.08535841382816471
23847,0.16542958820538892
33161,0.016420945602440264
962,0.02747839349262837
1519,0.2474580579562786
2167,0.5521352313167259
16706,0.14572953736654803
5681,0.24733096085409254
3901,0.13337569903406202
6467,0.02458057956278597
10271,0.04905948144382308
22507,0.016420945602440264
3701,0.0269954245043213
19123,0.017056431113370615
33255,0.0
372,0.08657854600915099
265,0.05655821047280122
25681,0.06764107778342654
4722,0.14880528723945094
24277,0.040137264870360956
239,0.06601423487544485
512,0.199288256227758
4477,0.09163701067615658
15323,0.029486527707168277
31174,0.02099644128113879
23327,0.04496695475343162
5365,0.046441281138790036
3702,0.12145399084900864
3167,0.08993390950686324
7465,0.06217590238942552
7054,0.39123029994916114
1257,0.032867310625317746
23283,0.2552618200305033
2025,0.39631418403660396
235,0.0
1364,0.03408744280630402
18689,0.04016268429079817
22043,0.0597864768683274
31988,0.0
20899,0.08881545500762583
1453,0.011133706151499745
23623,0.037493645144890696
1559,0.14372140315200813
1382,0.004346720894763599
23289,0.2332994407727504
18,0.048576512455516016
4814,0.121021860701576
16662,0.06309100152516522
12031,0.028037620742247076
8129,0.10785460091509913
14513,0.2518301982714794
2581,0.13207930859176412
30015,0.1025419420437214
6171,0.039044229791560754
1827,0.07740213523131673
25013,0.1298932384341637
1367,0.031240467717336046
27833,0.05719369598373157
26213,0.02458057956278597
1974,0.010676156583629894
8425,0.1795627859684799
12069,0.024478901881037112
185,0.06860701576004068
18679,0.35205897305541434
2034,0.25200813421453994
437,0.11334519572953737
721,0.05338078291814947
12477,0.06982714794102694
4938,0.05193187595322827
2402,0.003940010167768175
6702,0.31377732587697
1566,0.060116929334011186
31741,0.03238434163701068
440,0.04031520081342145
4107,0.08146924250127097
1506,0.02836807320793086
2759,0.23129130655821048
72,0.2347483477376716
3016,0.00945602440264362
3783,0.14105236400610066
3927,0.10607524148449415
11597,0.25538891713268935
28025,0.08324860193187596
24833,0.16372648703609557
29893,0.003050330452465684
27663,0.027961362480935434
1482,0.22653787493645144
3371,0.00523640061006609
25313,0.01021860701576004
1430,0.04031520081342145
33051,0.0
7720,0.022877478393492627
1914,0.02043721403152008
20371,0.01809862735129639
15039,0.0693695983731571
2164,0.04552618200305033
237,0.19956786985256736
2449,0.021276054905948145
10643,0.013014743263853584
17739,0.004829689883070666
135,0.060955770208439244
6045,0.29326385358413826
16001,0.12414844941535333
6211,0.09743263853584139
232,0.19044229791560752
4789,0.0929588205388917
16918,0.09644128113879004
16,0.09888154550076259
1486,0.02018301982714794
24997,0.021962379257752924
32902,0.0
8063,0.04410269445856634
25879,0.060116929334011186
889,0.31878495170310117
21419,0.01034570411794611
2952,0.11026944585663447
934,0.3279359430604982
12189,0.2674885612608033
731,0.042831723436705646
1530,0.18472292831723436
9656,0.20002541942043722
20507,0.38307066598881545
31149,0.004651753940010168
4918,0.0501779359430605
14075,0.19140823589222167
4772,0.011565836298932384
781,0.03718861209964413
1363,0.034341637010676156
223,0.3588459583121505
2004,0.0036858159633960347
25649,0.024478901881037112
153,0.04707676664972039
5029,0.013091001525165227
302,0.011133706151499745
8740,0.047000508388408746
5682,0.12130147432638536
21647,0.051220132180986276
16049,0.11471784443314692
1065,0.008668022369089985
18179,0.06474326385358414
47,0.24778851042196237
4901,0.10762582613116421
23199,0.13833248601931877
32122,0.005617691916624301
30415,0.005770208439247585
851,0.004041687849517031
10049,0.08144382308083375
1943,0.1737163192679207
4053,0.027707168276563294
846,0.12440264361972547
9926,0.10991357397051348
31173,0.04349262836807321
4059,0.23899339095068634
589,0.01128622267412303
15059,0.02333502796136248
7791,0.24232333502796136
17265,0.2843670564311134
20815,0.010752414844941535
535,0.057346212506354854
2563,0.019064565327910524
9963,0.02074224707676665
32551,0.014209456024402644
2951,0.04173868835790544
2762,0.005058464667005593
14713,0.16420945602440265
14807,0.030503304524656837
81,0.03784951703101169
9204,0.004346720894763599
31098,0.026512455516014236
1023,0.05038129130655821
33253,0.0
24921,0.005719369598373157
1471,0.007702084392475852
27831,0.08703609557702084
2924,0.1469242501270971
4672,0.054321301474326386
2448,0.015785460091509912
3907,0.004117946110828673
186,0.058540925266903916
10080,0.2347483477376716
30885,0.022292831723436705
21469,0.004117946110828673
9941,0.08500254194204372
14813,0.3018810371123538
6421,0.07234367056431114
21855,0.09433146924250127
11739,0.04509405185561769
2159,0.039679715302491106
28297,0.10655821047280122
29831,0.000788002033553635
2154,0.04140823589222166
6505,0.015022877478393492
861,0.1391713268937468
1689,0.3635993899339095
34103,0.020894763599389934
3665,0.004422979156075242
9996,0.00157600406710727
7711,0.11469242501270971
77,0.051626842907981696
401,0.07460599898322318
32093,0.04313675648195221
12113,0.07145399084900864
7338,0.1579816980172852
32613,2.541942043721403e-05
3014,0.0143111337061515
645,0.01891204880528724
11135,0.017386883579054397
5781,0.06403152008134215
13767,0.007549567869852568
5678,0.06715810879511946
6774,0.023055414336553125
1089,0.02201321809862735
25161,0.035409252669039146
995,0.03449415353329944
2752,0.029664463650228776
15,0.061616675139806815
122,0.05345704117946111
29095,0.07874936451448906
1594,0.0807829181494662
3092,0.1525673614641586
10721,0.1101423487544484
16395,0.013573970513472294
3588,0.502262328418912
4106,0.08012201321809863
387,0.09313675648195222
16916,0.0512709710218607
1088,0.035383833248601934
10620,0.5548042704626335
2143,0.006253177427554652
6582,0.0035841382816471784
2158,0.02458057956278597
22319,0.4613624809354347
11113,0.04237417386883579
6586,0.0298932384341637
66,0.17036095577020843
8142,0.04735638027452974
6438,0.01260803253685816
33032,0.006253177427554652
227,0.33431621759023894
73,0.20584646670055923
4898,0.39611082867310626
19111,0.0706405693950178
7222,0.01908998474834774
22097,0.029334011184544994
15689,0.17437722419928825
957,0.039552618200305034
24,0.18182511438739196
33286,0.0
849,0.4769700050838841
2623,0.0038891713268937467
268,0.14051855617691916
29093,0.06530249110320285
427,0.043746822572445346
4280,0.13289273004575497
18429,0.009023894255210982
17549,0.08304524656837824
26123,2.541942043721403e-05
28,0.04189120488052872
9513,0.1492374173868836
14353,0.10022877478393492
8408,0.13543467208947635
13331,0.08329944077275038
4985,0.022343670564311132
29803,0.1639552618200305
22,0.06893746822572445
2618,0.0038891713268937467
793,0.060116929334011186
30279,0.02666497203863752
28755,0.04161159125571937
10029,0.04994916115912557
2035,0.011972547025927809
790,0.19664463650228775
9289,0.11438739196746314
15809,0.36527707168276563
27989,0.07811387900355872
5630,0.2711489578037621
2829,0.006481952211489578
30831,0.1376715810879512
416,0.09211997966446366
85,0.026436197254702594
30240,0.13945094051855617
1254,0.07234367056431114
2605,0.15460091509913573
4163,0.04735638027452974
3228,0.07801220132180986
1485,0.0063294356888662934
6351,0.2010930350788002
13119,0.003965429588205389
3782,0.15058464667005592
3572,0.09407727503812913
8310,0.013472292831723437
114,0.05221148957803762
11813,0.016420945602440264
658,0.0402135231316726
10012,0.06245551601423487
32370,0.025622775800711744
22961,0.040747330960854096
22777,0.02219115404168785
29787,0.018378240976105745
7062,0.016039654295882055
11887,0.23070665988815456
9088,0.0037112353838332484
12815,0.010523640061006609
12017,0.008668022369089985
6377,0.0476359938993391
1470,0.013879003558718862
780,0.03665480427046263
27633,0.04517031011692933
2321,0.006456532791052364
17273,0.0056939501779359435
429,0.01507371631926792
18661,0.028520589730554144
14349,0.10231316725978648
1729,0.013904422979156075
31973,0.007727503812913066
17949,0.01034570411794611
996,0.07180986273512964
9465,0.06243009659379766
14175,0.0300711743772242
11239,0.01034570411794611
967,0.01985256736146416
1695,0.004194204372140315
339,0.15513472292831723
7724,0.20864260294865278
2753,0.0019572953736654805
8516,0.2012455516014235
779,0.04135739705134723
1366,0.029334011184544994
19319,0.023131672597864767
15195,0.023614641586171835
187,0.051601423487544484
30311,0.002618200305033045
597,0.12600406710726997
400,0.08014743263853584
18245,0.05927808845958312
10521,0.1266395526182003
28907,0.16784443314692424
31637,0.11100660904931367
1571,0.11954753431621759
267,0.08449415353329943
253,0.01997966446365023
22673,0.013955261820030504
4080,0.0170310116929334
27947,0.005083884087442806
12917,0.0008642602948652771
3750,0.0114133197763091
569,0.015149974580579562
6007,0.1028978139298424
1253,0.02913065582104728
15771,0.027885104219623792
397,0.01695475343162176
949,0.041637010676156584
11001,0.007092018301982715
17909,0.04133197763091002
21185,0.04476359938993391
9724,0.05973563802745297
6768,0.020564311133706152
4872,0.04605998983223183
12413,0.11331977630910016
2076,0.0019318759532282665
31251,0.030681240467717336
5485,0.004677173360447382
5005,0.007295373665480427
890,0.005770208439247585
269,0.3265124555160142
14741,0.35282155566853074
1472,0.006481952211489578
33028,0.02747839349262837
7304,0.005490594814438231
8609,0.009659379766141332
6033,0.1039908490086426
8479,0.05439755973563803
254,0.01260803253685816
8525,0.29972038637519066
19703,0.03614641586171835
25517,0.022140315200813422
31764,0.04135739705134723
27775,0.11644636502287747
21339,0.055770208439247584
2104,0.14941535332994407
24893,0.0442043721403152
2150,0.011489578037620742
12445,0.15785460091509915
543,0.09832231825114388
23225,0.02117437722419929
9252,0.06464158617183528
12893,0.052567361464158614
1505,0.027325876970005086
4447,0.025571936959837317
317,0.24372140315200813
22265,0.11481952211489578
13117,0.005871886120996441
9563,0.009888154550076259
16904,0.06771733604473817
97,0.09656837824097611
20517,0.017793594306049824
2273,0.05190645653279105
1735,0.0
20159,0.10264361972547026
12403,0.07819013726487035
7044,0.020462633451957295
31646,0.0
32998,0.046390442297915606
30123,0.08401118454499237
31339,2.541942043721403e-05
2890,0.17241992882562276
468,0.10427046263345195
29755,0.0029486527707168276
25303,0.021148957803762074
24471,0.0028723945094051855
516,0.008668022369089985
1425,0.007092018301982715
5310,0.024046771733604474
93,0.11164209456024403
8038,0.02938485002541942
322,0.10401626842907982
6154,0.005541433655312659
7588,0.02559735638027453
10083,0.04717844433146924
1172,0.047432638535841384
31711,0.014158617183528215
2265,0.010066090493136757
23249,0.002999491611591256
202,0.1595831215048297
30370,0.0
9919,0.5389933909506863
1818,0.31148957803762073
34036,0.00012709710218607016
10090,0.004041687849517031
17895,0.19809354346720895
1824,0.014158617183528215
4192,0.07674123029994916
10357,0.05188103711235384
30745,0.004372140315200813
19489,0.03673106253177427
4472,0.1293594306049822
19613,0.0056939501779359435
5530,0.1922216573462125
6591,0.009989832231825115
10218,0.08342653787493645
388,0.00971021860701576
28999,0.18942552109811897
1473,0.006278596847991866
1379,0.027452974072191154
23293,0.004321301474326385
1910,0.002440264361972547
33221,0.0015505846466700559
18897,0.26276054905948143
31592,0.002923233350279614
31380,0.0006354855109303507
28677,0.1298678190137265
7193,0.05541433655312659
1961,0.011464158617183529
21405,0.14110320284697508
6024,0.012201321809862735
2761,0.0021098118962887646
1491,0.003838332486019319
106,0.024351804778851044
5835,0.02704626334519573
3604,0.019954245043213015
11237,0.008210472801220132
2828,0.002694458566344687
4087,0.05076258261311642
28881,0.0029486527707168276
21473,0.019903406202338585
582,0.0033045246568378242
8311,0.036527707168276566
21995,0.1722928317234367
532,0.09654295882053889
552,0.23881545500762583
13629,0.0068632435180477885
7645,0.007346212506354855
249,0.23711235383833248
4886,0.015404168784951704
451,0.0780630401626843
9734,0.06293848500254194
433,0.10876970005083884
6115,0.020462633451957295
80,0.04351804778851042
1092,0.013167259786476869
20767,0.07079308591764108
10119,0.04458566344687341
1921,0.006176919166243009
1562,0.11380274529740722
11111,0.5116929334011184
32863,0.0006354855109303507
11737,0.10536349771225216
28249,0.07882562277580071
13535,0.1110320284697509
1520,0.0059481443823080835
28121,0.23634977122521605
30191,0.010396542958820539
10497,0.014006100660904932
6862,0.10437214031520081
251,0.04245043213014743
18153,0.28347737671581086
875,0.024631418403660395
795,0.005617691916624301
33994,0.0
18397,0.09140823589222166
29830,0.0009913573970513473
16870,0.06771733604473817
479,0.05556685307574987
15197,0.05241484494153533
32189,0.029206914082358922
31859,0.11568378240976106
15451,0.23647686832740214
33446,0.00022877478393492628
570,0.05965937976614133
5680,0.4083375699034062
2175,0.023792577529232334
1887,0.29354346720894764
90,0.10223690899847483
91,0.0382308083375699
2594,0.02092018301982715
210,0.0835027961362481
1007,0.023131672597864767
19775,0.0885866802236909
534,0.08629893238434164
9790,0.08035078800203356
2582,0.004575495678698526
407,0.015378749364514489
6213,0.206532791052364
1000,0.007142857142857143
1375,0.005871886120996441
8514,0.06914082358922216
951,0.0037874936451448905
12117,0.01695475343162176
2508,0.07521606507371632
19115,0.00643111337061515
6904,0.019522114895780377
22125,0.0188357905439756
4454,0.011769191662430097
32547,0.004016268429079817
15959,0.011489578037620742
16239,0.026817488561260802
31772,0.03256227758007117
396,0.02043721403152008
8407,0.16779359430604981
20057,0.08032536858159633
9074,0.08695983731570921
7305,0.0037112353838332484
226,0.6991865785460092
644,0.030910015251652264
2405,0.0019318759532282665
15117,0.08619725470259278
10460,0.06474326385358414
6050,0.011108286731062532
444,0.017107269954245042
82,0.025292323335027962
15315,0.19214539908490086
30347,0.0257244534824606
31704,0.07768174885612608
1699,0.08101169293340112
517,0.06499745805795627
29829,0.0013218098627351296
30868,0.009532282663955262
22199,0.3264361972547026
14941,0.02226741230299949
978,0.004372140315200813
2994,0.09883070665988815
14735,0.012836807320793085
10350,0.01337061514997458
20431,0.03243518047788511
15487,0.03734112862226741
1462,0.03240976105744789
13667,0.10482968988307066
28927,0.11847991865785461
398,0.013523131672597865
20847,0.08256227758007118
2451,0.004499237417386883
8937,0.19031520081342146
12883,0.06662430096593798
30413,0.004804270462633452
30902,0.013599389933909507
6347,0.3085155058464667
3841,0.02724961870869344
8086,0.11746314184036603
9982,0.08556176919166243
1888,0.02112353838332486
33082,0.011947127605490595
1096,0.012836807320793085
14407,0.038535841382816474
1719,0.0683019827147941
290,0.024809354346720894
154,0.19862735129639045
11757,0.7774021352313167
5074,0.03309608540925267
31733,0.011209964412811389
1690,0.04862735129639044
4177,0.07643619725470259
10092,0.057371631926792066
9785,0.001525165226232842
985,0.07216573462125063
18055,0.03215556685307575
6984,0.012658871377732587
27991,0.05775292323335028
21659,0.08004575495678698
3545,0.0019572953736654805
474,0.027122521606507372
1211,0.010523640061006609
9510,0.03449415353329944
5751,0.010777834265378749
3515,0.02610574478901881
13663,0.12056431113370615
13851,0.03510421962379258
6956,0.178978139298424
9441,0.02198779867819014
233,0.011464158617183529
2397,0.055287239450940516
345,0.016115912557193697
71,0.2921962379257753
10793,0.370310116929334
9760,0.06926792069140823
160,0.037493645144890696
3713,0.05096593797661413
2593,0.18027452974072192
2454,0.005083884087442806
32380,0.031011692933401117
33263,0.0
13203,0.016115912557193697
2963,0.10859176410777835
87,0.022928317234367057
20,0.6589984748347738
31953,0.03978139298423996
28069,0.03294356888662939
1002,0.036858159633960344
9471,0.0898576512455516
150,0.1905439755973564
60,0.15910015251652262
19671,0.028978139298423997
120,0.28291814946619215
74,0.05749872902897814
30364,0.002211489578037621
8426,0.035282155566853074
33209,0.00043213014743263855
2547,0.00838840874428063
22101,0.0760803253685816
182,0.08861209964412811
21867,0.0028978139298423996
28979,0.03670564311133706
16011,0.12264870360955771
22819,0.0017793594306049821
9062,0.06642094560244026
477,0.04725470259278088
6772,0.07653787493645145
2450,0.003126588713777326
5177,0.07928317234367056
2229,0.00920183019827148
6927,0.017488561260803254
4811,0.01644636502287748
13403,0.05604982206405694
228,0.1433146924250127
30952,0.0012201321809862736
24135,0.015378749364514489
8795,0.1481952211489578
12021,0.008540925266903915
17249,0.001601423487544484
1011,0.013599389933909507
18119,0.07508896797153025
2787,0.21972547025927808
6046,0.033146924250127094
9000,0.02508896797153025
10717,0.023462125063548552
31580,0.06997966446365023
31483,0.012531774275546517
531,0.05355871886120996
4596,0.023131672597864767
1015,0.08609557702084393
4725,0.13601931875953227
6637,0.10040671072699542
255,0.010320284697508897
10790,0.19430604982206406
23385,0.042679206914082356
1418,0.005134722928317234
14511,0.02981698017285206
10389,0.024377224199288255
7592,0.11225216065073716
31289,0.011870869344178952
32729,0.055821047280122015
2112,0.029969496695475342
208,0.057473309608540926
30296,0.10991357397051348
1008,0.015810879511947127
65,0.10188103711235384
2499,0.009913573970513472
3470,0.18797661413319777
540,0.023792577529232334
26,0.0413065582104728
1293,0.0073970513472292835
856,0.08065582104728013
9201,0.04885612608032537
2214,0.005083884087442806
32108,0.02491103202846975
123,0.061642094560244026
488,0.043848500254194206
3603,0.0037620742247076767
32268,0.02043721403152008
7270,0.006049822064056939
1376,0.0034316217590238942
464,0.05859176410777834
9745,0.020818505338078292
21843,0.09883070665988815
539,0.03401118454499238
14227,0.3337061514997458
11319,0.1844178952719878
24151,0.041077783426537874
997,0.04595831215048297
24913,0.02023385866802237
31478,0.07574987290289781
28479,0.006100660904931368
2471,0.008845958312150484
240,0.10930350788002034
1301,0.006914082358922217
18619,0.014921199796644637
9065,0.05396542958820539
5060,0.12018301982714794
3731,0.149644128113879
1412,0.027122521606507372
20785,0.19356888662938485
2985,0.03965429588205389
1483,0.003914590747330961
10161,0.16110828673106253
462,0.06301474326385359
5507,0.06842907981698017
6444,0.05772750381291306
10715,0.024707676664972037
95,0.012430096593797662
8247,0.12547025927808847
20031,0.1302491103202847
7471,0.003863751906456533
986,0.07798678190137265
28669,0.0022369089984748346
2026,0.11174377224199289
450,0.08662938485002541
32491,0.021352313167259787
6624,0.022648703609557702
3466,0.020843924758515507
15439,0.012760549059481444
19669,0.029664463650228776
25015,0.02882562277580071
331,0.0029486527707168276
33338,0.010320284697508897
23777,0.006786985256736147
10278,0.0512709710218607
2557,0.002999491611591256
1830,0.01682765632943569
24405,0.023665480427046262
4416,0.0010676156583629894
740,0.10660904931367565
2213,0.008439247585155059
371,0.0842399593289273
7303,0.0028723945094051855
430,0.28350279613624807
1813,0.057600406710727
16528,0.0476359938993391
9288,0.003228266395526182
6372,0.13035078800203356
17,0.01652262328418912
3931,0.014107778342653787
24439,0.1104982206405694
23441,0.020716827656329435
1915,0.03937468225724453
323,0.11202338586680223
2313,0.0073970513472292835
584,0.04702592780884596
24543,0.009049313675648195
6634,0.045983731570920186
355,0.3037620742247077
30549,0.004092526690391459
1279,0.005871886120996441
10033,0.0188357905439756
11531,0.02750381291306558
966,0.0
25341,0.00340620233858668
10534,0.0013218098627351296
32979,0.0
132,0.06926792069140823
14467,0.25538891713268935
8532,0.027020843924758516
1606,0.06042196237925775
9136,0.064133197763091
2227,0.003202846975088968
7627,0.05236400610066091
32485,0.021708185053380784
6773,0.11733604473817998
1650,0.00472801220132181
2558,0.0030249110320284696
1840,0.3052618200305033
33513,5.083884087442806e-05
2724,0.007041179461108287
905,0.0884087442806304
32915,0.004092526690391459
1395,0.0006609049313675648
10471,0.000788002033553635
5231,0.026944585663446874
5204,0.11316725978647686
12487,0.045882053889171326
324,0.009633960345704119
709,0.009532282663955262
21755,0.003329944077275038
32668,0.019827147941026944
1034,0.014921199796644637
33157,0.0
23701,0.017615658362989325
10716,0.023868835790543975
1924,0.0027707168276563296
33350,0.0001525165226232842
3090,0.02773258769700051
7647,0.14570411794611082
530,0.18019827147941028
3785,0.1260549059481444
7902,0.03045246568378241
1281,0.032257244534824606
24765,0.07961362480935434
129,0.028978139298423997
7661,0.035510930350788
31997,0.0006354855109303507
24703,0.11718352821555668
10999,0.004016268429079817
6116,0.0003050330452465684
16762,0.14753431621759025
18849,0.011997966446365024
10500,0.011337061514997459
14123,0.009862735129639044
10573,0.005719369598373157
8675,0.2003812913065582
1557,0.029740721911540417
14289,0.22648703609557702
11743,0.0570665988815455
30458,0.04097610574478902
29854,0.04560244026436197
11433,0.15574478901881036
31821,0.032689374682257244
14967,0.23362989323843417
12049,0.0907727503812913
6152,0.008032536858159633
1393,0.000788002033553635
19191,0.023157092018301982
11617,0.36954753431621756
10935,0.00340620233858668
914,0.0056939501779359435
24781,0.012175902389425522
21327,0.11352313167259787
10568,0.10874428063040163
1087,0.009633960345704119
33605,0.00027961362480935433
15051,0.10927808845958312
11933,0.1269700050838841
23301,0.0052872394509405184
5493,0.00920183019827148
23775,0.01614133197763091
9751,0.02308083375699034
969,0.09926283680732079
32681,0.025241484494153532
2202,0.004168784951703101
7762,0.010066090493136757
10495,0.11560752414844941
880,0.058540925266903916
15061,0.0015505846466700559
857,0.2151753940010168
110,0.00826131164209456
23251,0.06143873919674631
587,0.07829181494661921
12725,0.0028469750889679717
11013,0.19489069649211999
452,0.08111337061514998
1579,0.07297915607524148
32869,0.0021606507371631925
6793,0.07163192679206914
6172,0.014667005592272497
21105,0.07234367056431114
194,0.030223690899847482
3001,0.042602948652770714
8190,0.022165734621250637
23277,0.10160142348754449
2498,0.010269445856634469
25729,0.0016522623284189121
4654,0.2886120996441281
18139,0.06405693950177936
16005,0.0559735638027453
32015,0.0
22147,0.1688103711235384
1946,0.010752414844941535
67,0.09290798169801728
32365,0.009354346720894764
14345,0.30711743772241995
11359,0.021098118962887647
428,0.014870360955770209
4188,0.017234367056431114
340,0.013014743263853584
10588,0.11459074733096085
5958,0.22280122013218098
14669,0.018759532282663954
1478,0.003228266395526182
8331,0.008337569903406202
455,0.00876970005083884
18507,0.23601931875953228
27411,0.007473309608540925
17729,0.12302999491611591
26023,0.014107778342653787
21075,0.003050330452465684
8217,0.0021098118962887646
617,0.07763091001525166
31798,0.0887900355871886
8841,0.3059735638027453
9396,0.01494661921708185
11371,0.028444331469242502
32542,0.06855617691916624
5306,0.0188357905439756
2268,0.009227249618708694
177,0.1389171326893747
22729,0.19679715302491102
4835,0.18228266395526183
8888,0.08520589730554143
5348,0.010193187595322827
9786,0.0012963904422979157
25687,0.044306049822064056
31552,0.005998983223182512
14131,0.08009659379766142
2002,0.05879511947127605
145,0.078266395526182
5290,0.002440264361972547
250,0.03301982714794103
23321,0.14644128113879004
2743,0.00643111337061515
3626,0.007244534824605999
10020,0.14247585155058465
1873,0.002135231316725979
528,0.1672343670564311
2562,0.015175394001016777
1861,0.010396542958820539
8995,0.01034570411794611
17437,0.009354346720894764
32673,0.0
1985,0.005210981189628877
304,0.04664463650228775
12291,0.10571936959837315
1488,0.004346720894763599
4182,0.12432638535841382
9839,0.001677681748856126
874,0.12513980681240466
2673,0.0013980681240467717
31376,0.04145907473309608
1251,0.017996949669547534
32215,0.010549059481443824
2012,0.005388917132689374
2848,0.006914082358922217
15813,0.006227758007117438
5162,0.055719369598373154
13245,0.0037366548042704626
3673,0.016319267920691407
21667,0.02168276563294357
3848,0.04555160142348755
26243,0.20541433655312658
5419,0.008998474834773767
46,0.04966954753431622
16241,0.02384341637010676
2198,0.02541942043721403
1239,0.0777071682765633
2768,0.02389425521098119
2514,0.012531774275546517
1394,0.0005846466700559227
17187,0.029334011184544994
11663,0.006761565836298933
270,0.35826131164209457
1356,0.009354346720894764
6553,0.022674123029994917
1567,0.006964921199796644
15437,0.06698017285205897
13655,0.08962887646161667
334,0.020030503304524657
7651,0.0016522623284189121
1029,0.03701067615658363
209,0.049135739705134726
15775,0.029537366548042704
10469,0.008413828164717845
16524,0.1619471276054906
10714,0.0259023894255211
32899,0.0
10216,0.042170818505338076
6408,0.039018810371123536
32828,0.03729028978139298
10067,0.17874936451448906
13115,0.023665480427046262
2174,0.0049059481443823084
821,0.018734112862226742
5494,0.0009659379766141333
6604,0.0009150991357397051
32526,0.019191662430096595
8100,0.038052872394509406
14527,0.06804778851042197
2835,0.00045754956786985256
2549,0.0005592272496187087
814,0.015531265887137774
28497,0.148576512455516
15989,0.01021860701576004
2098,0.004422979156075242
7858,0.08129130655821047
5118,0.08085917641077783
1651,0.0025165226232841892
691,0.0021098118962887646
11759,0.27254702592780883
16273,0.030782918149466192
1240,0.03881545500762583
2424,0.025546517539400102
6573,0.25015251652262327
21743,0.03637519064565328
901,0.1045500762582613
14837,0.08253685815963396
31706,0.016090493136756482
364,0.004245043213014743
4060,0.0018301982714794102
23269,0.021199796644636504
3165,0.017488561260803254
449,0.07709710218607016
32870,0.0001525165226232842
522,0.050584646670055924
96,0.041662430096593796
10589,0.09888154550076259
3420,0.04677173360447382
10378,0.045246568378240974
31327,0.0
3369,0.0034316217590238942
8197,0.01934417895271988
1072,0.03289273004575496
18499,0.008947635993899338
5075,0.0006100660904931368
1195,0.3901118454499237
1003,0.030681240467717336
11235,0.08256227758007118
586,0.03014743263853584
4981,0.05732079308591764
2961,0.09832231825114388
1747,0.011870869344178952
2409,0.008591764107778342
4039,0.007295373665480427
2458,0.0037366548042704626
22693,0.0006863243518047789
1563,0.026283680732079307
1289,0.003482460599898322
9181,0.14646670055922725
33091,0.01759023894255211
9979,0.0026690391459074734
1608,0.003228266395526182
5277,0.13271479410269446
18523,0.033299440772750384
7041,0.008057956278596849
2923,0.11212506354855109
9930,0.011184544992374174
31297,0.028723945094051857
1919,0.0021606507371631925
18753,0.08797661413319777
18497,0.03739196746314184
21639,0.0
283,0.005922724961870869
2889,0.21835282155566854
18671,0.17961362480935433
16934,0.08286731062531774
1479,0.0027961362480935434
2171,0.025546517539400102
32948,0.0
3213,0.00043213014743263855
19195,0.014539908490086425
21273,0.04450940518556177
5998,0.006380274529740722
2330,0.007269954245043213
3449,0.009405185561769192
218,0.025876970005083884
1047,0.018047788510421964
22539,0.005210981189628877
16287,0.008210472801220132
8476,0.059532282663955265
13587,0.035866802236908996
10257,0.0036349771225216063
10731,0.005973563802745298
23281,0.1649974580579563
166,0.08507880020335537
8317,0.005185561769191663
8557,0.08701067615658363
1913,0.021047280122013217
25801,0.0005846466700559227
6802,0.05930350788002033
30911,0.03502796136248094
200,0.012379257752923234
3613,0.03357905439755973
3712,0.26675139806812403
22419,0.001499745805795628
13709,0.022114895780376207
1474,0.004194204372140315
15199,0.02623284189120488
8687,0.0
10765,0.004270462633451958
9023,0.014260294865277072
1454,0.018683274021352312
3392,0.03045246568378241
2971,0.017386883579054397
98,0.0891204880528724
20541,0.11034570411794611
1095,0.016115912557193697
593,0.014412811387900355
32566,0.006939501779359431
2680,0.028088459583121506
32026,0.00327910523640061
708,0.001626842907981698
10445,0.009989832231825115
13391,0.033706151499745804
2596,0.05183019827147941
441,0.02521606507371632
5262,0.06731062531774276
1372,0.010676156583629894
2337,0.0007371631926792069
24627,0.02615658362989324
102,0.07613116420945602
24919,0.007447890188103711
1686,0.25338078291814947
1681,0.02724961870869344
2800,0.012658871377732587
27601,0.02610574478901881
22839,0.02018301982714794
356,0.37913065582104727
6922,0.13337569903406202
4061,0.0014743263853584138
28607,0.006583629893238434
9834,0.05353329944077275
10075,0.030427046263345196
5854,0.0006100660904931368
2257,0.0004829689883070666
11889,0.01443823080833757
1459,0.008998474834773767
8676,0.13973055414336552
10719,0.32905439755973565
59,0.3155821047280122
4186,0.1126842907981698
17121,0.028190137264870362
6231,0.009074733096085408
7045,0.002211489578037621
15613,0.04664463650228775
6895,0.08795119471276056
379,0.06982714794102694
10209,0.08940010167768175
12053,0.019954245043213015
5713,0.028952719877986782
24227,0.039501779359430604
6187,0.024250127097102187
490,0.029028978139298424
64,0.1480427046263345
5671,0.045805795627859684
5355,0.08769700050838841
20671,0.0008896797153024911
1728,0.009481443823080834
567,0.041026944585663444
1911,0.00668530757498729
481,0.14593289273004575
5244,0.010421962379257754
12187,0.031062531774275547
31553,0.02333502796136248
1477,0.003177427554651754
24655,0.019267920691408237
1368,0.011514997458057957
2392,0.002287747839349263
18465,0.027935943060498222
852,0.003253685815963396
9865,0.00681240467717336
6399,0.015149974580579562
3652,0.1201067615658363
22763,0.012785968479918659
5710,0.0017285205897305542
1091,0.013141840366039654
7877,0.0005846466700559227
28149,0.00472801220132181
34136,5.083884087442806e-05
131,0.012531774275546517
879,0.01456532791052364
1642,0.013014743263853584
5712,0.004321301474326385
14189,0.047991865785460094
885,0.026334519572953737
3974,0.04707676664972039
9047,0.05132180986273513
2203,0.00170310116929334
156,0.05569395017793594
29,0.005770208439247585
12149,0.031189628876461616
18893,0.06710726995424504
11633,0.21624300965937976
17269,0.02691916624300966
1476,0.0035078800203355363
15201,0.01746314184036604
26349,0.11184544992374174
17641,0.07635993899339096
25389,0.036476868327402136
6783,0.007574987290289781
32930,0.0
6291,0.033706151499745804
27631,0.0767920691408236
134,0.10348246059989832
5929,0.00027961362480935433
28825,0.09092526690391459
5291,0.004092526690391459
12679,0.030477885104219622
9366,0.0681240467717336
1021,0.006024402643619725
6707,0.2505083884087443
207,0.027630910015251652
1424,0.0028723945094051855
3468,0.007676664972038638
2518,0.0010930350788002034
1241,0.02407219115404169
32792,0.002999491611591256
5252,0.031748856126080326
19221,0.1682765632943569
165,0.06098118962887646
13267,0.008464667005592272
25,0.05920183019827148
5538,0.01568378240976106
24365,0.015226232841891205
2129,0.1340366039654296
8481,0.020564311133706152
1050,0.0228266395526182
1222,0.12178444331469243
1069,0.004219623792577529
13349,0.009506863243518049
23359,0.0036858159633960347
15583,0.26258261311642095
5096,0.001601423487544484
906,0.07900355871886121
18393,0.059100152516522626
1391,0.0013726487036095577
2037,0.002338586680223691
1773,0.00510930350788002
5228,0.01443823080833757
389,0.052109811896288764
3199,0.002338586680223691
9124,0.004804270462633452
327,0.007930859176410779
130,0.01860701576004067
2216,0.03408744280630402
31680,0.017819013726487035
15731,0.006837824097610574
696,0.04877986781901373
12015,0.013014743263853584
11553,0.09001016776817489
181,0.05925266903914591
2608,0.00864260294865277
1327,0.007219115404168785
2922,0.0006609049313675648
4037,0.019700050838840875
24625,0.013879003558718862
8768,0.06461616675139807
256,0.10330452465683783
16009,0.09359430604982207
435,0.040188103711235386
10110,0.20027961362480937
8246,0.11545500762582613
1203,0.00327910523640061
770,0.053812913065582106
11499,0.22097102186070158
29786,0.11855617691916624
959,0.0037112353838332484
10294,0.03347737671581088
10713,0.027910523640061007
28285,0.03126588713777326
10798,0.07132689374682258
12711,0.055719369598373154
4752,0.2802236908998475
183,0.008286731062531773
798,0.005083884087442806
28771,0.0003050330452465684
5251,0.010676156583629894
68,0.1543467208947636
2553,0.00157600406710727
13335,0.010676156583629894
1392,0.0007117437722419929
19193,0.017615658362989325
506,0.0021098118962887646
20903,0.027275038129130656
142,0.038002033553634976
1004,0.07384341637010676
10918,0.00800711743772242
3358,0.0614133197763091
76,0.06115912557193696
32698,0.0
31722,0.02513980681240468
31414,0.022877478393492627
353,0.006481952211489578
1060,0.018479918657854602
10178,0.00643111337061515
19369,0.11985256736146416
14267,0.00643111337061515
19291,0.009252669039145907
792,0.01929334011184545
3674,0.013446873411286222
167,0.05566853075749873
5909,0.1107015760040671
24037,0.032206405693950176
5233,0.024046771733604474
2014,0.0059481443823080835
24459,0.020589730554143367
1006,0.0230045754956787
27899,0.29356888662938485
3972,0.03408744280630402
25519,0.030604982206405694
30869,0.0006863243518047789
1536,0.11189628876461617
1475,0.0034316217590238942
13837,0.004829689883070666
10703,0.007371631926792069
2672,0.0013472292831723436
23311,0.033807829181494664
1852,0.030528723945094052
2228,0.0028723945094051855
15591,0.009735638027452974
1808,0.027351296390442297
489,0.02432638535841383
2286,0.0069903406202338585
2954,0.006278596847991866
3469,0.00681240467717336
8460,0.1240721911540417
2929,0.002211489578037621
31,0.14056939501779359
1212,0.03233350279613625
11179,0.1110320284697509
9959,0.00012709710218607016
12067,0.010676156583629894
2903,0.0020843924758515505
2254,0.0004067107269954245
960,0.0018047788510421963
1577,0.008566344687341128
5667,0.09806812404677173
4189,0.0062023385866802234
33094,0.0
21435,0.007574987290289781
11701,0.10950686324351805
1589,0.02730045754956787
9340,0.0004067107269954245
7972,0.004702592780884596
2817,0.004448398576512456
19163,0.15353329944077276
1684,0.0012709710218607015
9135,0.09644128113879004
25183,0.13057956278596847
23703,0.010320284697508897
10870,0.00510930350788002
1825,0.004295882053889171
31158,0.0006354855109303507
31665,0.014285714285714285
2204,0.0038129130655821047
1691,0.20981189628876462
31227,0.0020843924758515505
31952,0.026054905948144382
1426,0.004778851042196238
10624,0.026207422470767665
520,0.006354855109303508
3342,0.09028978139298424
6325,0.12564819522114895
27787,0.12730045754956787
3965,0.02836807320793086
32051,0.008413828164717845
1010,0.01443823080833757
13429,0.016090493136756482
399,0.0022369089984748346
5947,0.02452974072191154
8115,0.009989832231825115
2126,0.006456532791052364
7870,0.03350279613624809
10396,0.14466192170818507
16592,0.25627859684799187
29067,0.06868327402135231
501,0.010828673106253177
17535,0.03622267412302999
9032,0.006456532791052364
1878,0.0017539400101677682
9213,0.026817488561260802
16353,0.06263345195729537
30829,0.001601423487544484
3268,0.015607524148449415
2460,0.003329944077275038
2253,0.004194204372140315
1238,0.02516522623284189
8769,0.351423487544484
6896,0.04036603965429588
11835,0.00012709710218607016
16123,0.01568378240976106
30187,0.056380274529740725
15751,0.05081342145399085
6572,0.06047280122013218
2585,0.0019572953736654805
560,0.009354346720894764
23725,0.005795627859684799
21737,0.0019572953736654805
1146,0.013065582104728012
10629,0.0023131672597864767
2820,0.0011184544992374173
113,0.015810879511947127
970,0.0021606507371631925
18177,0.011692933401118455
2548,0.0036349771225216063
101,0.22419928825622776
103,0.00643111337061515
15927,0.0172089476359939
3744,0.0015505846466700559
6880,0.4295119471276055
484,0.009125571936959837
476,0.034773767158108794
14811,0.06959837315709202
242,0.02798678190137265
9931,0.0005592272496187087
33241,0.004067107269954245
31499,0.0005338078291814947
9938,0.03342653787493645
822,0.02175902389425521
2408,0.0033045246568378242
2927,0.06588713777325877
17643,0.017412302999491612
1419,0.005388917132689374
158,0.02623284189120488
1190,0.01886120996441281
23421,0.055719369598373154
5984,0.014260294865277072
10464,0.041154041687849516
10483,0.0052872394509405184
4715,0.018073207930859175
2978,0.003940010167768175
8726,0.025826131164209457
3125,0.0013980681240467717
30641,0.0014743263853584138
24591,0.0007371631926792069
25755,0.002541942043721403
30790,0.0017793594306049821
2125,0.007244534824605999
763,0.034265378749364514
656,0.04735638027452974
2969,0.04453482460599898
6676,0.05665988815455008
25731,0.04834773767158109
23383,0.028647686832740212
10531,0.006532791052364006
2656,0.0011438739196746315
15925,0.0006863243518047789
20509,0.045322826639552616
344,0.005617691916624301
18229,0.07364006100660905
21039,0.02150482968988307
31324,0.01103202846975089
4551,0.0679461108286731
27969,0.003940010167768175
7337,0.039501779359430604
12729,0.06827656329435688
20853,0.1313675648195221
666,0.018937468225724452
29583,0.005338078291814947
633,0.004753431621759024
1590,0.000788002033553635
1439,0.0031011692933401117
10050,0.003202846975088968
1064,0.00460091509913574
2488,0.004422979156075242
14575,0.014972038637519065
84,0.024860193187595324
17505,0.031698017285205896
1655,0.006100660904931368
23673,0.11492119979664464
21031,0.0012963904422979157
815,0.02206405693950178
17137,0.0005338078291814947
7662,0.07722419928825623
2942,0.013218098627351297
1764,0.011870869344178952
1170,0.018810371123538384
1081,0.003177427554651754
4884,0.06893746822572445
3352,0.030732079308591766
20977,0.026588713777325877
5332,0.008871377732587697
1744,0.007829181494661922
8457,0.01967463141840366
878,0.016065073716319267
4038,0.014463650228774784
31245,0.011464158617183529
4970,0.07323335027961363
1078,0.029334011184544994
4138,0.002338586680223691
5593,0.06026944585663447
2665,0.0010676156583629894
2676,0.0010167768174885613
408,0.08624809354346721
32696,0.01677681748856126
551,0.01827656329435689
32648,0.025241484494153532
15225,0.18782409761057448
8074,0.5862989323843416
6064,0.027859684799186577
483,0.011718352821555669
10628,0.005007625826131164
1972,0.003075749872902898
5273,0.0007371631926792069
1288,0.006888662938485003
2269,0.007702084392475852
601,0.03881545500762583
465,0.05259278088459583
1117,0.136934417895272
10862,0.0028469750889679717
710,0.08861209964412811
10334,0.004829689883070666
20709,0.043162175902389424
15793,0.021708185053380784
21573,0.011006609049313675
1815,0.06347229283172344
15307,0.0020843924758515505
8098,0.007142857142857143
198,0.056837824097610574
23319,0.01418403660396543
19251,0.009735638027452974
2009,0.0005846466700559227
9611,0.009557702084392475
50,0.11514997458057956
31771,0.01311642094560244
2986,0.06446365022877479
3076,0.01776817488561261
1373,0.0035332994407727505
1614,0.026842907981698017
15109,0.039603457041179464
5684,0.004372140315200813
908,0.07305541433655313
505,0.0028723945094051855
15863,0.027859684799186577
246,0.04555160142348755
18835,0.0010676156583629894
6574,0.04077275038129131
5150,0.06481952211489578
30300,0.03393492628368073
714,0.0009150991357397051
2336,0.011057447890188104
4312,0.0034570411794611084
13261,0.007625826131164209
2407,0.004194204372140315
519,0.019572953736654804
330,0.12412302999491612
6712,0.012328418912048805
28299,0.013650228774783935
17875,0.017920691408235892
3292,0.004448398576512456
168,0.061642094560244026
573,0.02180986273512964
6153,0.00472801220132181
1302,0.004473817996949669
5034,0.05660904931367565
1548,0.000838840874428063
2555,0.001525165226232842
33969,0.0
565,0.05510930350788002
27957,0.029283172343670564
855,0.07015760040671072
5832,0.002465683782409761
4703,0.001601423487544484
33302,0.0005083884087442806
15911,0.034875444839857654
764,0.022547025927808845
10479,0.006227758007117438
8756,0.008210472801220132
20787,0.2500508388408744
1450,0.0025165226232841892
10163,0.15910015251652262
2649,0.0006100660904931368
117,0.011133706151499745
1250,0.07074224707676664
31389,0.02094560244026436
653,0.007295373665480427
5521,0.03881545500762583
191,0.08505338078291814
14833,0.1447127605490595
20221,0.00983731570920183
3655,0.09232333502796136
6030,0.0838840874428063
463,0.05709201830198272
2107,0.04992374173868836
1094,0.03070665988815455
238,0.038052872394509406
18041,0.036934417895271986
3256,0.0025927808845958313
17080,0.006227758007117438
18277,0.16354855109303507
30321,0.017691916624300967
33558,0.02201321809862735
13333,0.06619217081850534
8022,0.004016268429079817
27,0.12290289781392984
3791,0.0514489069649212
11266,0.07638535841382817
22433,0.031621759023894254
485,0.01090493136756482
2512,0.012023385866802237
2658,0.0011438739196746315
6930,0.0010676156583629894
6401,0.01728520589730554
3568,0.0015505846466700559
1441,0.004321301474326385
15699,0.08080833756990341
30991,0.012938485002541942
14753,0.013472292831723437
13469,0.08451957295373666
18295,0.06293848500254194
3958,0.10805795627859685
32574,0.003228266395526182
845,0.04570411794611083
32953,0.0010676156583629894
1090,0.014921199796644637
1722,0.0612353838332486
2472,0.17437722419928825
4437,0.15274529740721912
1237,0.026588713777325877
13659,0.21235383833248603
2141,0.002694458566344687
108,0.011972547025927809
161,0.039628876461616676
527,0.23726487036095578
2182,0.005922724961870869
13599,0.08848500254194204
4664,0.007168276563294357
32175,0.01179461108286731
1171,0.019700050838840875
6381,0.05404168784951703
11793,0.005058464667005593
4663,0.0022369089984748346
2113,0.005592272496187087
3036,0.000813421453990849
25157,0.14646670055922725
2427,0.0021098118962887646
7058,0.04555160142348755
28405,0.021199796644636504
9544,0.014285714285714285
1983,0.002999491611591256
2756,0.011006609049313675
5065,0.025063548551093034
10444,0.012963904422979155
332,0.0014489069649211998
2677,0.00157600406710727
2661,0.002211489578037621
19645,0.0003812913065582105
21681,0.03474834773767158
1030,0.04194204372140315
31989,0.0018301982714794102
3859,0.003863751906456533
10804,0.007371631926792069
10805,0.0748093543467209
10536,0.024123029994916115
22817,0.004295882053889171
17259,0.029028978139298424
335,0.026080325368581597
738,0.019013726487036097
2294,0.008540925266903915
443,0.06037112353838332
20939,0.0373157092018302
12753,0.025775292323335027
15651,0.012531774275546517
1255,0.01349771225216065
1259,0.017158108795119472
1381,0.002338586680223691
867,0.01840366039654296
869,0.019445856634468735
2013,0.004880528723945094
5141,0.009074733096085408
2683,0.02452974072191154
3051,0.0018556176919166242
5764,0.07819013726487035
5525,0.12371631926792069
49,0.04936451448906965
1292,0.16298932384341638
3549,0.020284697508896797
5578,0.0014743263853584138
3203,0.0010676156583629894
10638,0.0472801220132181
2654,0.0011438739196746315
2393,0.0021606507371631925
12875,0.008210472801220132
287,0.025317742755465174
20689,0.10353329944077275
27829,0.02963904422979156
1410,0.008845958312150484
953,0.04822064056939502
10298,0.055770208439247584
147,0.10584646670055922
16732,0.04667005592272496
844,0.0052872394509405184
6299,0.003914590747330961
7761,0.0003304524656837824
3225,0.06573462125063549
6288,0.04730554143365531
2926,0.13751906456532792
272,0.054778851042196236
28683,0.003050330452465684
326,0.042272496187086936
10711,0.07442806304016268
2744,0.011209964412811389
5753,0.0031011692933401117
1329,0.0008896797153024911
2193,0.002338586680223691
22273,0.05749872902897814
868,0.019140823589222165
5226,0.0037874936451448905
15077,0.002465683782409761
541,0.01728520589730554
32174,0.0014234875444839859
10834,0.017920691408235892
5356,0.11504829689883071
15611,0.006049822064056939
20479,0.014133197763091002
21395,0.00020335536349771224
2398,0.04822064056939502
32410,0.0
3727,0.001677681748856126
30694,0.0
12231,0.0340620233858668
1906,0.0035841382816471784
1206,0.0028215556685307576
940,0.05442297915607524
2808,0.007854600915099135
4483,0.009684799186578545
99,0.04926283680732079
1196,0.004422979156075242
16444,0.054753431621759024
4062,0.0005592272496187087
5597,0.020843924758515507
12467,0.09466192170818505
10928,0.023157092018301982
4114,0.00157600406710727
1526,0.07333502796136249
4921,0.00035587188612099647
2111,0.00327910523640061
15963,0.011057447890188104
4063,0.201423487544484
9355,0.036527707168276566
9793,0.010294865277071684
6380,0.01456532791052364
3089,0.039450940518556174
944,0.013573970513472294
3457,0.36855617691916626
935,0.06354855109303507
14951,0.009023894255210982
92,0.016929334011184544
713,0.06392984239959329
3006,0.0005846466700559227
13931,0.003050330452465684
2675,0.0011184544992374173
2648,0.0011438739196746315
2634,0.0004067107269954245
4726,0.058362989323843414
27525,0.02755465175394001
664,0.03355363497712252
3508,0.014260294865277072
6795,0.009888154550076259
4639,0.000813421453990849
386,0.0037366548042704626
1663,0.0029740721911540417
3335,0.0005592272496187087
13271,0.04811896288764616
6980,0.0051601423487544484
28623,0.12259786476868327
8068,0.011311642094560244
17247,0.12257244534824606
30307,0.11459074733096085
6512,0.1761057447890188
8423,0.0014489069649211998
418,0.020793085917641077
6713,0.003914590747330961
2486,0.0021860701576004067
1231,0.012709710218607015
16694,0.04382308083375699
3861,0.014387391967463142
536,0.02610574478901881
1147,0.009150991357397052
7861,0.0014234875444839859
807,0.05022877478393493
306,0.04527198779867819
32977,0.0
282,0.006049822064056939
11697,0.029334011184544994
104,0.042094560244026434
24727,0.006024402643619725
6948,0.03342653787493645
5675,0.028978139298423997
1521,0.009684799186578545
8369,0.0009150991357397051
2597,0.010269445856634469
2660,0.0009150991357397051
1858,0.017386883579054397
411,0.04618708693441789
14645,0.02704626334519573
9013,0.0004067107269954245
1374,0.013955261820030504
1432,0.004295882053889171
3345,0.0009405185561769192
2152,0.005846466700559228
7769,0.1565073716319268
33190,0.0001525165226232842
10448,0.013879003558718862
10825,0.0020335536349771225
4618,0.03772241992882562
10884,0.018505338078291814
4015,0.05856634468734113
4581,0.07147941026944586
152,0.017641077783426537
75,0.019903406202338585
341,0.03922216573462125
30344,0.010574478901881037
3009,0.004626334519572953
3088,0.01725978647686833
712,0.00971021860701576
9117,0.03665480427046263
1278,0.022852058973055416
1674,0.02074224707676665
6149,0.0
2813,0.004702592780884596
3627,0.024555160142348754
1369,0.015048296898830707
2515,0.010879511947127605
1313,0.16954753431621758
2670,0.0019318759532282665
381,0.01942043721403152
654,0.0029740721911540417
655,0.005338078291814947
22013,0.0010421962379257752
3485,0.017895271987798677
32740,0.004295882053889171
11077,0.03553634977122522
31326,0.0085155058464667
13357,0.08899339095068633
10189,0.011108286731062532
19619,0.00027961362480935433
15735,0.00510930350788002
8134,0.0011947127605490594
21863,0.09651753940010167
24475,0.018810371123538384
2734,0.0027198779867819013
1969,0.006126080325368582
8857,0.044789018810371124
2020,0.028927300457549567
9888,0.018327402135231315
4028,0.028901881037112352
1965,0.08083375699034062
8934,0.056837824097610574
19021,0.02994407727503813
10321,0.10371123538383324
31178,0.0
20359,0.01652262328418912
975,0.009786476868327402
9332,0.031291306558210476
1347,0.013294356888662939
12293,0.1470767666497204
3087,0.060574478901881036
2383,0.0036349771225216063
1678,0.01311642094560244
17917,0.0009913573970513473
902,0.08129130655821047
23539,0.0
16700,0.030503304524656837
14765,0.04153533299440773
16035,0.08284189120488053
31780,0.0017539400101677682
15379,0.11243009659379766
32871,7.62582613116421e-05
3577,0.017107269954245042
1013,0.020157600406710725
190,0.10467717336044738
963,0.05190645653279105
1609,0.022674123029994917
4056,0.0012963904422979157
8424,0.15116929334011184
94,0.08248601931875953
13585,0.040086426029486526
16143,0.00510930350788002
31918,0.002440264361972547
9893,0.004092526690391459
16868,0.029715302491103202
6758,0.02249618708693442
415,0.018073207930859175
7,0.06682765632943569
976,0.007549567869852568
7745,0.005058464667005593
30870,0.00017793594306049823
17901,0.007092018301982715
9925,0.04514489069649212
30206,0.026436197254702594
2116,0.04809354346720895
1723,0.12968988307066598
61,0.15630401626842907
31163,0.07058973055414336
3230,0.0748093543467209
2484,0.0009659379766141333
19951,0.03553634977122522
3418,0.0004067107269954245
2544,0.0017793594306049821
3229,0.0838840874428063
3245,0.000762582613116421
3272,0.0017539400101677682
1516,0.006939501779359431
32245,0.012760549059481444
11777,0.0029740721911540417
1967,0.006914082358922217
3467,0.1010930350788002
16468,0.014209456024402644
2385,0.0385866802236909
195,0.13952719877986783
3887,0.012913065582104729
30714,0.011514997458057957
13073,0.003050330452465684
21073,0.0037366548042704626
25647,0.005871886120996441
13055,0.06187086934417895
24029,0.003863751906456533
28621,0.04697508896797153
9241,0.004778851042196238
390,0.07313167259786477
21881,0.3511438739196746
16417,0.0989069649211998
2500,0.004245043213014743
30901,0.026766649720386376
13677,0.01771733604473818
9120,0.02806304016268429
8915,0.0733604473817997
2803,0.0010421962379257752
6988,0.0012709710218607015
11053,0.0007117437722419929
376,0.18723945094051855
1126,0.0036095577020843926
1524,0.0037366548042704626
21635,0.01934417895271988
5658,0.001677681748856126
27945,0.0011438739196746315
958,0.009506863243518049
4550,0.03756990340620234
25159,0.10643111337061514
3223,0.002338586680223691
634,0.03088459583121505
33074,0.0012709710218607015
1437,0.003050330452465684
28013,0.008795119471276055
18391,0.0005592272496187087
2736,0.0020843924758515505
11033,0.009074733096085408
19653,0.0159379766141332
9999,0.03289273004575496
8171,0.011997966446365024
2386,0.04123029994916116
107,0.025038129130655822
2847,0.054295882053889175
2361,0.004321301474326385
28495,0.0018556176919166242
173,0.022979156075241484
1303,0.06654804270462633
3455,0.22277580071174377
4896,0.11789527198779867
883,0.020462633451957295
1901,0.0036349771225216063
32323,0.004270462633451958
12669,0.0201067615658363
31754,0.010015251652262329
1205,0.014667005592272497
10681,0.03924758515505847
24469,0.01695475343162176
24429,0.002262328418912049
9379,0.13901881037112354
2667,0.0009150991357397051
2666,0.0009913573970513473
2655,0.002389425521098119
893,0.0403914590747331
1299,0.004931367564819522
29325,0.009938993390950687
24231,0.08162175902389425
15785,0.0018556176919166242
469,0.13248601931875953
3222,0.002541942043721403
11313,0.031189628876461616
5042,0.0518047788510422
837,0.032765632943568886
1422,0.0030249110320284696
5084,0.00523640061006609
7261,0.0027707168276563296
5351,0.004194204372140315
2948,0.0019318759532282665
4879,0.01733604473817997
1168,0.00523640061006609
20877,0.0067361464158617185
460,0.06245551601423487
11019,0.006100660904931368
1846,0.004473817996949669
22865,0.06367564819522115
21561,0.08993390950686324
5014,0.0006100660904931368
3067,0.0011692933401118454
3956,0.048906964921199794
100,0.044356888662938486
5504,0.01568378240976106
12191,0.004448398576512456
1652,0.0018556176919166242
180,0.07422470767666497
3269,0.028418912048805287
11375,0.011337061514997459
13939,0.0679206914082359
10447,0.050076258261311644
2920,0.0008896797153024911
15711,0.004092526690391459
15687,0.07455516014234875
1683,0.002465683782409761
11783,0.05777834265378749
2671,0.000788002033553635
2030,0.02376715810879512
2624,0.0006100660904931368
1886,0.0012201321809862736
31737,0.05343162175902389
32071,0.00010167768174885612
3734,0.0009405185561769192
2899,0.06751398068124047
10507,0.01362480935434672
16774,0.03032536858159634
28387,0.037874936451448904
21563,0.0445602440264362
52,0.049466192170818504
4195,0.02831723436705643
6163,0.021911540416878494
6016,0.006278596847991866
3247,0.03418912048805287
1416,0.00510930350788002
12637,0.008490086426029487
13093,0.02465683782409761
351,0.009150991357397052
12001,0.009227249618708694
14749,0.14006100660904933
9981,0.049135739705134726
1120,0.06492119979664464
1191,0.010777834265378749
1124,0.006634468734112863
6581,0.011718352821555669
866,0.01934417895271988
2583,0.0020081342145399084
32034,7.62582613116421e-05
10232,0.014870360955770209
14835,0.008540925266903915
30740,0.02269954245043213
18441,0.058413828164717845
33929,0.0
2513,0.011769191662430097
27825,0.0013218098627351296
3218,0.0035078800203355363
1335,0.023945094051855617
915,0.007625826131164209
2987,0.0005083884087442806
15617,0.01103202846975089
3010,0.0077783426537874935
16668,0.09252669039145907
274,0.03457041179461108
192,0.07760549059481443
32543,0.0001525165226232842
1429,0.002694458566344687
2818,0.00043213014743263855
333,0.0014234875444839859
6262,0.0002541942043721403
3437,0.0006863243518047789
6999,0.005007625826131164
1835,0.006354855109303508
529,0.057956278596847995
3186,0.0021098118962887646
79,0.1807829181494662
3594,0.04562785968479919
1860,0.04161159125571937
201,0.017996949669547534
3322,0.021199796644636504
3043,0.0027707168276563296
2333,0.0020081342145399084
6901,0.00027961362480935433
12651,0.0013472292831723436
2748,0.0036349771225216063
6198,0.008845958312150484
12623,0.0015505846466700559
3231,0.03784951703101169
3298,0.029410269445856636
1774,0.0018556176919166242
31500,0.0170310116929334
1358,0.011616675139806812
2745,0.0010930350788002034
20505,0.0006100660904931368
12175,0.08301982714794102
4903,0.023665480427046262
277,0.030172852058973056
1017,0.01853075749872903
10397,0.07755465175394001
16442,0.00170310116929334
1847,0.028342653787493646
16051,0.01891204880528724
34085,0.002287747839349263
31280,0.002262328418912049
3000,0.0037112353838332484
11341,0.008845958312150484
6169,0.005312658871377733
178,0.0201067615658363
1920,0.004219623792577529
1932,0.0035332994407727505
23447,0.01954753431621759
30205,0.059506863243518046
6164,0.0360447381799695
1736,0.0035332994407727505
2589,0.019776309100152517
4071,0.0013726487036095577
12079,0.04595831215048297
526,0.006151499745805796
21437,0.042170818505338076
6460,0.0017539400101677682
5216,0.014590747330960854
7081,0.0018301982714794102
2123,0.018683274021352312
2668,0.0010167768174885613
1931,0.0025165226232841892
652,0.008185053380782919
395,0.12191154041687849
1490,0.0036603965429588205
8120,0.0007117437722419929
5041,0.019649211997966445
1371,0.002338586680223691
1116,0.002491103202846975
26441,0.052694458566344686
6954,0.0472801220132181
1556,0.011972547025927809
2901,0.0005592272496187087
5079,0.06530249110320285
10456,0.07175902389425522
1413,0.00315200813421454
276,0.0443823080833757
352,0.009608540925266904
6023,0.05991357397051347
2947,0.002364006100660905
2108,0.010116929334011185
1362,0.026893746822572444
1731,0.041154041687849516
3593,0.015149974580579562
16742,0.20955770208439248
3692,0.0018047788510421963
550,0.11344687341128622
8894,0.00643111337061515
19759,0.027656329435688867
1498,0.0929334011184545
30711,0.011692933401118455
974,0.047839349262836804
24031,0.0454753431621759
2222,0.0037874936451448905
14829,0.0679206914082359
19159,0.008159633960345703
1140,0.05762582613116421
6463,0.0006609049313675648
20457,0.05485510930350788
34178,0.0
2542,0.004499237417386883
189,0.20368581596339602
1414,0.0033045246568378242
24455,0.08851042196237925
2834,0.0013218098627351296
4134,0.05246568378240976
3111,0.0014234875444839859
14293,0.03884087442806304
613,0.0027707168276563296
12673,0.03141840366039654
8133,0.003126588713777326
28215,0.007854600915099135
23987,0.0035841382816471784
1108,0.01337061514997458
1080,0.008820538891713268
1531,0.04092526690391459
4382,0.267691916624301
2747,0.0037112353838332484
12695,0.021606507371631927
5397,0.004753431621759024
6951,0.02356380274529741
5196,0.007269954245043213
369,0.02806304016268429
2036,0.001525165226232842
1352,0.008820538891713268
34349,0.00017793594306049823
2657,0.0011947127605490594
31201,2.541942043721403e-05
10842,0.008108795119471277
1845,0.0019572953736654805
384,0.17376715810879512
2400,0.0038129130655821047
2416,0.0010930350788002034
650,0.017793594306049824
18713,0.016217590238942554
990,0.041637010676156584
144,0.04201830198271479
1145,0.0034316217590238942
1086,0.013065582104728012
3670,0.00472801220132181
10152,0.049415353329944074
4198,0.0006863243518047789
17819,0.009379766141331977
279,0.013040162684290799
5019,0.002262328418912049
1968,0.006278596847991866
1941,0.004651753940010168
10686,0.04161159125571937
31645,0.0076512455516014235
27539,0.00027961362480935433
2283,0.0012455516014234875
1236,0.0010421962379257752
5702,0.025038129130655822
4162,0.0031011692933401117
1144,0.015429588205388917
4705,0.031291306558210476
22689,0.022394509405185562
16866,0.04550076258261312
17699,0.0028469750889679717
6567,0.0013726487036095577
3738,0.005744789018810371
30845,0.0004829689883070666
2225,0.01443823080833757
10647,0.0460091509913574
2825,0.0033045246568378242
31298,0.0013218098627351296
9645,0.00017793594306049823
31417,0.004092526690391459
8359,0.0014743263853584138
4586,0.0012455516014234875
2659,0.0011438739196746315
4798,0.015175394001016777
6361,0.02610574478901881
13183,0.0073970513472292835
380,0.022394509405185562
27567,0.0003304524656837824
243,0.10083884087442806
1016,0.029664463650228776
3299,0.07920691408235893
9958,0.027630910015251652
23153,0.004422979156075242
3946,0.0010676156583629894
2602,0.03215556685307575
5717,0.034316217590238944
31610,0.0052872394509405184
631,0.013548551093035079
629,0.004778851042196238
14817,0.005261820030503304
12979,0.015556685307574987
19511,0.011311642094560244
4191,0.0008896797153024911
15649,0.007625826131164209
2110,0.0034316217590238942
3624,0.0011184544992374173
22859,0.011820030503304525
33004,0.0035587188612099642
3044,0.005516014234875445
2816,0.005922724961870869
732,0.06637010676156584
394,0.05442297915607524
14027,0.0753431621759024
9539,0.01733604473817997
5163,0.02508896797153025
1132,0.09631418403660397
2662,0.0007117437722419929
2664,0.0011438739196746315
5760,0.00020335536349771224
4246,0.043238434163701066
1534,0.0035332994407727505
12419,0.025876970005083884
13161,0.14898322318251145
11785,0.13057956278596847
2264,0.002440264361972547
28869,0.0017539400101677682
16033,0.006227758007117438
2048,0.002262328418912049
15359,0.016420945602440264
206,0.015353329944077275
1417,0.004168784951703101
30014,0.007193695983731571
13409,0.01652262328418912
3305,0.0010167768174885613
1732,0.019877986781901374
459,0.07437722419928826
5440,0.00017793594306049823
1493,0.003838332486019319
1538,0.023868835790543975
23043,0.0010676156583629894
2543,0.005973563802745298
2109,0.0036603965429588205
3868,0.0009913573970513473
22359,0.004143365531265887
12823,0.011387900355871887
3221,0.028393492628368072
1823,0.002389425521098119
19211,0.030096593797661414
8909,0.004804270462633452
1133,0.02257244534824606
6548,0.02930859176410778
53,0.07763091001525166
7059,0.20350788002033554
3460,0.000813421453990849
31145,0.0011184544992374173
1778,0.0006609049313675648
12879,0.017742755465175394
898,0.09689883070665989
6151,0.027580071174377226
1179,0.002440264361972547
3219,0.006888662938485003
6610,0.04443314692425013
3270,0.012125063548551094
3421,0.003202846975088968
911,0.004194204372140315
25143,0.006253177427554652
690,0.01677681748856126
1164,0.015149974580579562
872,0.00826131164209456
17717,0.0033807829181494663
5343,0.0004829689883070666
8917,0.03210472801220132
30771,0.0005592272496187087
34034,0.0
11841,0.00012709710218607016
3363,0.00813421453990849
4214,0.2614387391967463
678,0.007625826131164209
19117,0.042679206914082356
2429,0.0015505846466700559
2716,0.0008642602948652771
13171,0.01878495170310117
1891,0.0011947127605490594
1246,0.004422979156075242
8475,0.016344687341128622
24973,0.0026436197254702592
32313,0.0085155058464667
8363,0.0010421962379257752
4690,0.0022369089984748346
2962,0.039069649211997966
4200,0.0029486527707168276
2674,0.0005083884087442806
5670,0.009252669039145907
18411,0.028698525673614642
3760,0.0004067107269954245
13561,0.008185053380782919
3121,0.032231825114387394
1397,0.013777325876970005
2459,0.0021860701576004067
1215,0.020310116929334012
15719,0.0049059481443823084
1565,0.045856634468734114
31564,0.010269445856634469
9055,0.019954245043213015
22583,0.0003050330452465684
842,0.0035587188612099642
21189,0.017386883579054397
553,0.04247585155058465
482,0.07219115404168785
11339,0.015912557193695984
16201,0.05327910523640061
3079,0.0007117437722419929
22677,0.008235892221657347
23361,0.0037874936451448905
1576,0.019725470259278087
2937,0.014539908490086425
4286,0.0001525165226232842
6280,0.02724961870869344
2199,0.002465683782409761
21797,0.03032536858159634
8364,0.0010676156583629894
424,0.005312658871377733
10948,0.0021860701576004067
5983,0.0033807829181494663
665,0.017361464158617182
29927,0.0003050330452465684
32686,0.0
4375,0.0013218098627351296
1738,0.011997966446365024
5200,0.0011438739196746315
785,0.014107778342653787
10822,0.0018047788510421963
1601,0.014743263853584139
5691,0.004422979156075242
5199,0.004778851042196238
1066,0.04232333502796136
566,0.012811387900355872
21085,0.09994916115912557
1543,0.024733096085409252
29513,0.007549567869852568
54,0.07907981698017286
762,0.12755465175394
2043,0.006939501779359431
1312,0.004194204372140315
8362,0.0014234875444839859
10155,0.0920183019827148
2517,0.0037112353838332484
28211,0.008286731062531773
7088,0.23444331469242502
4156,0.013446873411286222
432,0.011311642094560244
31405,0.03680732079308592
9159,0.009430604982206405
2176,0.0029740721911540417
20649,0.009303507880020335
21853,0.0029486527707168276
1588,0.01797153024911032
4926,0.0010167768174885613
11761,0.09791560752414845
21603,0.14321301474326387
1135,0.010523640061006609
2200,0.0009150991357397051
11021,0.048474834773767156
1546,0.04239959328927301
1619,0.021403152008134214
1944,0.010599898322318252
12221,0.002440264361972547
609,0.016878495170310117
6203,0.030681240467717336
2117,0.00630401626842908
1101,0.01652262328418912
9733,0.0019827147941026946
1539,0.002135231316725979
19383,0.0259023894255211
1264,0.013319776309100152
5458,0.012658871377732587
3505,0.00012709710218607016
367,0.0014489069649211998
1079,0.01725978647686833
19877,0.00022877478393492628
9907,0.011642094560244027
6747,0.1315200813421454
2669,0.000813421453990849
2678,0.000762582613116421
15159,0.0006100660904931368
9367,0.16929334011184544
10115,0.0001525165226232842
30290,0.0003050330452465684
15811,0.014921199796644637
729,0.00035587188612099647
4549,0.0051601423487544484
1336,0.00643111337061515
4851,0.0020843924758515505
16890,0.045246568378240974
23227,0.025876970005083884
24171,0.0026690391459074734
3752,0.0012963904422979157
4662,0.01507371631926792
2490,0.03457041179461108
1564,0.08182511438739197
592,0.000838840874428063
31919,0.00017793594306049823
32094,0.013065582104728012
20047,0.07224199288256228
478,0.04382308083375699
2452,0.0035332994407727505
8986,0.01034570411794611
23587,0.018632435180477885
20035,0.010193187595322827
1555,0.028393492628368072
2331,0.002389425521098119
3446,0.03756990340620234
568,0.019903406202338585
831,0.013548551093035079
2354,0.008947635993899338
1796,0.003228266395526182
393,0.049034062023385866
6959,0.004067107269954245
28539,0.00010167768174885612
3447,0.009125571936959837
23619,0.014133197763091002
2998,0.0010167768174885613
6909,0.0012455516014234875
1864,0.004041687849517031
1261,0.00838840874428063
149,0.1121504829689883
33299,0.0
2931,0.003228266395526182
30016,0.0
350,0.01936959837315709
6324,0.12979156075241485
5279,0.05076258261311642
12709,0.002694458566344687
7144,0.0016522623284189121
3614,0.009074733096085408
754,0.0006609049313675648
26165,0.024478901881037112
3354,0.03622267412302999
493,0.014031520081342145
7817,0.21570920183019826
33080,0.017234367056431114
5032,0.0038129130655821047
2907,0.0034316217590238942
2651,0.00045754956786985256
5197,0.0004829689883070666
32801,0.0011947127605490594
26057,0.00945602440264362
1829,0.08172343670564311
6867,0.02831723436705643
23083,0.0010676156583629894
247,0.011337061514997459
8206,0.0027198779867819013
3027,0.0036603965429588205
606,0.0067361464158617185
2077,0.0010167768174885613
2797,0.0021606507371631925
6379,0.005465175394001017
7066,0.007092018301982715
604,0.005541433655312659
2044,0.0022369089984748346
5030,0.115200813421454
1110,0.021047280122013217
2279,0.0027198779867819013
3059,0.001525165226232842
1199,0.0
32603,0.0
461,0.061006609049313675
1569,0.04715302491103203
11009,0.005414336553126588
34514,0.0
2369,0.03502796136248094
20973,0.05457549567869852
938,0.002465683782409761
3138,0.0038891713268937467
6098,0.02913065582104728
10351,0.004321301474326385
448,0.052058973055414334
7654,0.003253685815963396
2470,0.0021098118962887646
21439,0.014260294865277072
3486,0.0005338078291814947
32717,0.0
31080,0.013192679206914082
284,0.007625826131164209
286,0.006583629893238434
23237,0.016039654295882055
6217,0.00170310116929334
992,0.014539908490086425
19067,0.0010676156583629894
2815,0.0010930350788002034
2132,0.02074224707676665
5978,0.034265378749364514
3110,0.0011947127605490594
17741,0.052160650737163194
1436,0.004219623792577529
252,0.020157600406710725
10690,0.0028469750889679717
4997,0.005846466700559228
33003,0.0
442,0.1994407727503813
31404,0.06537874936451449
10302,0.006761565836298933
11569,0.0006354855109303507
33713,0.0005846466700559227
17391,0.008566344687341128
27441,0.014972038637519065
32038,0.0
2586,0.0013218098627351296
1602,0.016217590238942554
2011,0.002923233350279614
6312,0.0014489069649211998
3137,0.0020081342145399084
1922,0.003228266395526182
30419,0.0007117437722419929
548,0.03200305033045247
31588,0.0
7152,0.0009659379766141333
1051,0.03403660396542959
1554,0.0172089476359939
751,0.0010676156583629894
34077,0.0
3432,0.00045754956786985256
30383,0.030223690899847482
2913,0.0007117437722419929
3033,0.020538891713268937
1803,0.0017285205897305542
16385,0.02534316217590239
1045,0.01746314184036604
5267,0.0007117437722419929
4476,0.0021860701576004067
3327,0.0002541942043721403
9723,0.008617183528215557
1592,0.009481443823080834
7728,0.012938485002541942
20673,0.004219623792577529
1025,0.010269445856634469
2130,0.041128622267412304
33511,5.083884087442806e-05
1434,0.0037874936451448905
8097,0.0025165226232841892
8666,0.007269954245043213
620,0.011006609049313675
7308,0.0006609049313675648
2298,0.012887646161667514
1688,0.01520081342145399
1209,0.003940010167768175
2489,0.002389425521098119
10108,0.012379257752923234
24211,0.04087442806304016
325,0.05808337569903406
1118,0.12384341637010676
23285,0.0029486527707168276
907,0.04860193187595323
23135,0.0
28617,0.054194204372140314
758,0.01481952211489578
151,0.008591764107778342
917,0.006761565836298933
22663,0.07585155058464667
6974,0.06817488561260804
4021,0.021657346212506354
5220,0.02798678190137265
29027,0.026258261311642096
10775,0.0021606507371631925
2170,0.009074733096085408
876,0.019242501270971022
760,0.02389425521098119
31370,0.002694458566344687
343,0.0429334011184545
2300,0.0023131672597864767
20449,0.03340111845449924
27655,0.13014743263853584
9346,0.0003812913065582105
17677,0.0036349771225216063
16157,0.04415353329944077
3745,0.002389425521098119
291,0.030020335536349772
29437,0.0005592272496187087
1726,0.20932892730045755
2652,0.00045754956786985256
2950,0.013472292831723437
2819,0.0012201321809862736
1046,0.012226741230299949
16982,0.02219115404168785
2799,0.003838332486019319
1020,0.006405693950177936
2891,0.009989832231825115
33242,0.0004829689883070666
29785,0.06065073716319268
11299,0.0004067107269954245
3483,0.0011438739196746315
32030,0.00022877478393492628
912,0.0013472292831723436
32013,0.029028978139298424
31378,0.006761565836298933
1492,0.006456532791052364
2000,0.0075241484494153535
11441,0.013777325876970005
22877,0.09430604982206406
8057,0.013065582104728012
2758,7.62582613116421e-05
29163,0.01456532791052364
8250,0.0014234875444839859
3667,0.08622267412302999
2577,0.0027961362480935434
3737,0.0067361464158617185
28841,0.0011947127605490594
1207,0.0012201321809862736
48,0.11105744789018811
7113,0.004575495678698526
230,0.022165734621250637
929,0.0018301982714794102
32802,0.0009659379766141333
23991,0.0010167768174885613
8394,0.002694458566344687
13839,0.0052872394509405184
2355,0.007625826131164209
900,0.08416370106761566
5152,0.04128113879003559
30544,0.0967463141840366
383,0.017488561260803254
4983,0.0067361464158617185
475,0.0031011692933401117
21653,0.024046771733604474
3638,0.000788002033553635
3616,0.034850025419420436
10372,0.0476359938993391
7904,0.0005083884087442806
10336,0.020055922724961872
1659,0.006380274529740722
1696,0.05185561769191662
2151,0.004245043213014743
5520,0.0006863243518047789
2805,0.0005846466700559227
524,0.041662430096593796
4742,0.0005846466700559227
6178,0.0402135231316726
1709,0.0643111337061515
2993,0.352491103202847
3493,0.003482460599898322
4650,0.004651753940010168
22687,0.07112353838332486
19697,0.011718352821555669
10249,0.02244534824605999
1225,0.011997966446365024
58,0.03970513472292832
998,0.014895780376207422
2561,0.0020843924758515505
6202,0.00020335536349771224
2206,0.002389425521098119
16726,0.0009659379766141333
1022,0.005846466700559228
4765,0.017488561260803254
2997,0.0012963904422979157
8630,0.1741230299949161
23425,0.0019318759532282665
2335,0.007295373665480427
2403,0.07104728012201322
8876,0.05360955770208439
31815,0.006405693950177936
1384,0.01154041687849517
1138,0.04199288256227758
22071,0.022343670564311132
3656,0.028622267412303
3136,0.0012709710218607015
9798,0.0013218098627351296
7695,0.03195221148957804
10276,0.0030249110320284696
10819,0.0018301982714794102
12137,0.004270462633451958
1258,0.013396034570411795
30649,0.0003304524656837824
30363,0.047559735638027456
33433,0.0
2604,0.016624300965937977
12321,0.014590747330960854
6941,0.005261820030503304
961,0.0036603965429588205
4773,0.00045754956786985256
4094,0.0242755465175394
7366,0.0003812913065582105
2124,0.033299440772750384
15037,0.11255719369598373
5071,0.00010167768174885612
10418,0.10203355363497713
3561,0.0005846466700559227
30988,0.0023131672597864767
507,0.03919674631418404
24457,0.0003812913065582105
18097,0.004829689883070666
358,0.02198779867819014
9041,0.26964921199796643
10794,0.07600406710726995
4082,0.010981189628876462
33490,0.0
968,0.0012455516014234875
20039,0.007015760040671073
5834,0.0001525165226232842
30896,0.0007371631926792069
6182,0.0011438739196746315
1916,0.009049313675648195
1137,0.012404677173360447
2084,0.0007117437722419929
6219,0.0017285205897305542
32553,0.007041179461108287
2570,0.001499745805795628
15807,0.01179461108286731
9716,0.002999491611591256
10592,0.0011692933401118454
31229,0.018937468225724452
6344,0.011845449923741739
3332,0.00020335536349771224
3574,0.01733604473817997
9673,0.0012201321809862736
5298,0.0060752414844941535
4651,0.0004067107269954245
2810,0.0027707168276563296
659,0.045882053889171326
27727,0.02414844941535333
9348,0.00022877478393492628
18745,0.01776817488561261
9200,0.0002541942043721403
1826,0.005643111337061515
3312,0.008032536858159633
903,0.08795119471276056
30925,0.015836298932384342
10947,0.002287747839349263
32607,0.0
10504,0.007702084392475852
14653,0.031723436705643114
6554,0.0006100660904931368
2157,0.0030249110320284696
31233,0.0004829689883070666
1421,0.0027452974072191155
20141,0.001601423487544484
157,0.09001016776817489
796,0.0009913573970513473
3837,0.0004829689883070666
521,0.03235892221657346
6946,0.008795119471276055
10659,0.03398576512455516
3424,0.0003812913065582105
941,0.015048296898830707
2713,0.002567361464158617
11487,0.004677173360447382
23233,0.1119471276054906
32105,0.0
1857,0.0011947127605490594
7014,0.003329944077275038
20969,0.0005083884087442806
27509,0.003355363497712252
5955,0.04776309100152516
3754,0.0011438739196746315
3072,0.0009913573970513473
1514,0.00655821047280122
15933,0.01601423487544484
5342,0.07709710218607016
596,0.061565836298932385
1953,0.044738179969496694
930,0.0020335536349771225
859,0.044687341128622264
3032,0.017742755465175394
2630,0.0005846466700559227
116,0.010777834265378749
18001,0.07323335027961363
13411,0.06337061514997458
2389,0.0038891713268937467
33740,0.0012201321809862736
11355,0.010116929334011185
1184,0.009354346720894764
3484,0.0011947127605490594
3313,0.0009150991357397051
8234,0.002567361464158617
1869,0.017412302999491612
525,0.005795627859684799
1122,0.06888662938485003
4026,0.04623792577529232
6749,0.004524656837824098
10824,0.0014489069649211998
169,0.1059989832231825
342,0.00826131164209456
174,0.13091001525165227
5895,0.00010167768174885612
1128,0.008540925266903915
4415,0.04135739705134723
1028,0.004346720894763599
33254,0.0014743263853584138
3620,0.0028469750889679717
1014,0.004295882053889171
1311,0.052287747839349266
4646,0.003050330452465684
5031,0.002414844941535333
933,0.019242501270971022
32494,0.0
7643,0.0
892,0.04036603965429588
899,0.09041687849517031
5072,0.009074733096085408
13163,0.0
12225,0.0009405185561769192
2717,0.0011692933401118454
21431,0.1349262836807321
31368,0.009862735129639044
32700,0.000762582613116421
24261,0.017183528215556684
3807,0.0005338078291814947
3811,0.0006354855109303507
10934,0.01771733604473818
598,0.007168276563294357
31670,0.0009659379766141333
1457,0.004778851042196238
1573,0.005566853075749873
7593,0.2378495170310117
4786,0.010930350788002034
17635,0.005617691916624301
10720,0.0011692933401118454
3653,0.031570920183019824
1435,0.006354855109303508
3654,0.03505338078291815
4202,0.0011692933401118454
4051,0.0004829689883070666
621,0.011311642094560244
6884,0.0418403660396543
607,0.0020335536349771225
3847,0.000788002033553635
1104,0.006126080325368582
5307,0.012582613116420945
10821,0.002389425521098119
8348,0.01614133197763091
21781,0.005083884087442806
689,0.00630401626842908
28257,0.0001525165226232842
311,0.0020589730554143367
3829,0.0018301982714794102
14913,0.00027961362480935433
4535,0.0454753431621759
21729,0.0036603965429588205
1049,0.004372140315200813
32240,0.0005083884087442806
3116,0.0010676156583629894
984,0.03215556685307575
1631,0.011489578037620742
31056,0.005185561769191663
30825,0.002287747839349263
5534,0.0001525165226232842
4876,0.0006354855109303507
20045,0.029791560752414844
5039,0.04400101677681749
1438,0.00340620233858668
2017,0.0037620742247076767
20871,0.004397559735638028
162,0.017412302999491612
21027,0.00043213014743263855
3751,0.0009405185561769192
8767,0.0020081342145399084
30375,0.009532282663955262
33033,2.541942043721403e-05
1584,0.002211489578037621
1568,0.03612099644128114
3419,0.011972547025927809
2491,0.0009405185561769192
1925,0.002541942043721403
1843,0.002440264361972547
9331,0.09089984748347738
2706,0.0028215556685307576
579,0.027885104219623792
11285,0.19303507880020335
3407,0.04252669039145907
31105,0.00043213014743263855
31196,0.0014743263853584138
12255,0.028164717844433147
8358,0.0020081342145399084
8360,0.0013218098627351296
10017,0.01967463141840366
127,0.015378749364514489
2165,0.0005083884087442806
3579,0.0009659379766141333
10950,0.0018301982714794102
5217,0.000838840874428063
30533,0.003177427554651754
25087,0.00010167768174885612
4205,0.01443823080833757
6293,0.0010167768174885613
4078,0.006354855109303508
1399,0.006888662938485003
632,0.007092018301982715
2751,0.004575495678698526
31138,0.02048805287239451
6902,0.00010167768174885612
1260,0.012353838332486019
5203,0.0008896797153024911
4810,0.0011184544992374173
2415,0.0021860701576004067
1208,0.0021860701576004067
2097,0.002262328418912049
9874,0.008845958312150484
1892,0.0007117437722419929
15489,0.006914082358922217
18677,0.09923741738688358
7669,0.019877986781901374
873,0.05348246059989832
9776,0.054778851042196236
8,0.010498220640569395
13145,0.010193187595322827
30903,0.0003050330452465684
16512,0.08906964921199796
1151,0.009633960345704119
9314,0.05409252669039146
11809,0.0012201321809862736
5688,0.0005846466700559227
2916,0.0002541942043721403
456,0.009227249618708694
1180,0.0035332994407727505
10191,0.013955261820030504
1637,0.007320793085917641
3281,0.0003812913065582105
3019,0.002694458566344687
673,0.013218098627351297
9712,0.03838332486019319
32534,0.00010167768174885612
16910,0.02559735638027453
12119,0.020386375190645654
1152,0.006507371631926792
32468,0.000762582613116421
25099,0.04504321301474326
12281,0.019267920691408237
1710,0.023055414336553125
12223,0.0009405185561769192
31374,0.023665480427046262
32409,0.0006354855109303507
10014,0.0012963904422979157
3174,0.01936959837315709
21409,0.00157600406710727
1897,0.00045754956786985256
308,0.004753431621759024
2404,0.11047280122013219
10737,0.014361972547025929
8285,0.0002541942043721403
1798,0.00510930350788002
834,0.11967463141840366
2692,0.0010421962379257752
1844,0.006583629893238434
8728,0.01954753431621759
2172,0.0008642602948652771
2595,0.029613624809354346
502,0.048398576512455514
22695,0.003050330452465684
870,0.016725978647686834
1465,0.004194204372140315
2749,0.0003304524656837824
811,0.0242755465175394
4935,0.0005338078291814947
6566,0.0022369089984748346
143,0.04679715302491103
3318,0.02592780884595831
5235,0.0001525165226232842
1400,0.006380274529740722
4807,0.0003812913065582105
2573,0.0005846466700559227
196,0.09308591764107778
19845,0.004143365531265887
31231,0.0005846466700559227
34325,0.0005083884087442806
1119,0.09262836807320793
1553,0.002999491611591256
1489,0.006914082358922217
10572,0.04313675648195221
1256,0.016090493136756482
789,0.03500254194204372
14617,0.003050330452465684
24133,0.060447381799694964
10923,0.005566853075749873
15673,0.002287747839349263
1720,0.005338078291814947
30547,0.0011947127605490594
26453,0.0011947127605490594
5992,0.0002541942043721403
2006,0.038002033553634976
303,0.01840366039654296
3266,0.01985256736146416
3359,0.04557702084392476
280,0.0003812913065582105
1797,0.007168276563294357
5116,0.02414844941535333
27653,0.00012709710218607016
17827,0.033274021352313166
8624,0.01784443314692425
28221,0.02066598881545501
5155,0.004626334519572953
19261,0.0036349771225216063
18343,0.003838332486019319
2280,0.0003812913065582105
2999,0.0009913573970513473
10079,0.09318759532282664
21511,0.05711743772241993
32376,0.0006863243518047789
15819,0.0002541942043721403
580,0.005541433655312659
10122,0.009303507880020335
1431,0.003355363497712252
1504,0.007168276563294357
31884,0.0
1951,0.007829181494661922
4232,0.007015760040671073
30514,0.012023385866802237
12591,0.0006354855109303507
32634,0.0009659379766141333
33606,0.002338586680223691
17115,0.012430096593797662
1525,0.019801728520589732
16678,0.002999491611591256
32160,0.0005592272496187087
31559,0.034265378749364514
5996,0.006659888154550076
1357,0.007193695983731571
28625,0.011438739196746314
7768,0.020767666497203865
4208,0.0005338078291814947
2625,0.0003812913065582105
4166,0.004753431621759024
687,0.06972547025927808
711,0.0014489069649211998
8422,0.02831723436705643
2746,0.02491103202846975
19023,0.019445856634468735
6165,0.022165734621250637
6489,0.025266903914590747
1249,0.0068632435180477885
31763,0.002262328418912049
1762,0.004880528723945094
10431,0.024351804778851044
11703,0.12338586680223691
891,0.04300965937976614
12035,0.0013726487036095577
9347,0.024885612608032535
1929,0.005363497712252161
981,0.03362989323843416
20945,0.0006609049313675648
11281,0.00043213014743263855
5968,0.0020843924758515505
18045,0.01860701576004067
1578,0.005058464667005593
1032,0.003838332486019319
33197,0.0
1415,0.0033045246568378242
9630,0.0031011692933401117
2613,0.00045754956786985256
2235,0.021606507371631927
1174,0.013929842399593289
31442,0.07661413319776308
229,0.026868327402135232
28431,0.0033807829181494663
6201,0.12722419928825623
1954,0.012836807320793085
1942,0.0038891713268937467
28105,0.00655821047280122
33491,0.00022877478393492628
508,0.02623284189120488
1549,0.001499745805795628
2832,0.014590747330960854
971,0.008693441789527198
4999,0.14026436197254702
23369,0.004702592780884596
1668,0.03347737671581088
1186,0.004778851042196238
8440,0.04239959328927301
3456,0.030910015251652264
2118,0.004092526690391459
1890,0.011997966446365024
10116,0.0004067107269954245
956,0.0005592272496187087
24169,0.0018301982714794102
3031,0.017310625317742755
993,0.005643111337061515
7559,0.026842907981698017
126,0.023309608540925265
3519,0.0005592272496187087
4240,0.00017793594306049823
12481,0.0003304524656837824
2230,0.0018047788510421963
11161,0.02351296390442298
642,0.022953736654804272
1192,0.03355363497712252
2487,0.000788002033553635
10213,0.10271987798678191
2501,0.0005592272496187087
2201,0.04984748347737671
212,0.00920183019827148
11227,0.034316217590238944
29317,0.048983223182511436
419,0.04501779359430605
8677,0.00012709710218607016
11751,0.03807829181494662
7375,0.020716827656329435
2578,0.0011692933401118454
1587,0.006964921199796644
2715,0.0010930350788002034
1540,0.0021860701576004067
1111,0.007193695983731571
31909,0.003863751906456533
1024,0.005922724961870869
1248,0.007574987290289781
29223,0.0036858159633960347
5755,0.0005846466700559227
492,0.017437722419928827
405,0.10421962379257753
2122,0.003253685815963396
3690,0.00017793594306049823
2055,0.0005846466700559227
2722,0.0014489069649211998
12565,0.05340620233858668
5136,0.000813421453990849
6734,0.0003050330452465684
3854,0.0007117437722419929
7109,5.083884087442806e-05
3710,0.003965429588205389
3227,0.0020843924758515505
4190,0.0008642602948652771
31234,0.007600406710726995
5043,0.000838840874428063
8277,0.10137264870360956
641,0.024046771733604474
20423,0.02112353838332486
5914,0.021581087951194712
15783,0.0011692933401118454
193,0.08060498220640569
2016,0.0037874936451448905
1040,0.0006609049313675648
9693,0.015149974580579562
3615,0.022623284189120487
5023,0.0001525165226232842
561,0.009557702084392475
1166,0.002440264361972547
4332,0.0002541942043721403
2029,0.0013726487036095577
20021,0.14372140315200813
12727,0.0014234875444839859
2493,0.0009659379766141333
1129,0.004143365531265887
1481,0.00170310116929334
30355,0.015175394001016777
11837,0.06530249110320285
9547,0.00157600406710727
3631,0.0011692933401118454
750,0.005490594814438231
6246,0.0013980681240467717
25437,0.00668530757498729
2684,0.006786985256736147
2121,0.003329944077275038
32483,0.00800711743772242
514,0.04387391967463142
22699,0.0025927808845958313
124,0.017132689374682257
9154,0.00022877478393492628
2215,0.0036603965429588205
5091,0.0005846466700559227
3462,0.00035587188612099647
1917,0.00958312150482969
33546,0.00035587188612099647
1792,0.004092526690391459
13377,0.024300965937976614
19365,0.03762074224707677
30806,0.022343670564311132
884,0.0172089476359939
19841,0.016115912557193697
3248,0.0015505846466700559
21851,0.0010167768174885613
5830,0.00017793594306049823
3501,0.0026436197254702592
6479,0.021479410269445855
2274,0.02125063548551093
1841,0.009125571936959837
292,0.014031520081342145
896,0.09514489069649212
118,0.007193695983731571
2973,0.002440264361972547
603,0.01375190645653279
12163,0.00010167768174885612
2569,0.004880528723945094
636,0.007168276563294357
2772,0.013319776309100152
1768,0.0020589730554143367
5967,0.002389425521098119
3547,0.00020335536349771224
5891,0.000788002033553635
20889,0.01204880528723945
6794,0.007422470767666497
13247,0.0009150991357397051
32153,0.002262328418912049
2707,0.00020335536349771224
1509,0.010193187595322827
1935,0.0039908490086426026
936,0.16004067107269954
800,0.011514997458057957
4054,0.0003304524656837824
9884,0.0001525165226232842
31756,0.008413828164717845
2363,0.022623284189120487
6973,0.015429588205388917
8800,0.003838332486019319
1703,0.003253685815963396
2492,0.0010167768174885613
3317,0.00020335536349771224
1648,0.005566853075749873
1923,0.0027707168276563296
2087,0.0009405185561769192
3196,0.0007117437722419929
2554,0.002338586680223691
28391,0.02887646161667514
812,0.018251143873919674
2090,0.0012455516014234875
10259,0.0001525165226232842
1837,0.0028469750889679717
2646,0.0004067107269954245
1930,0.0030249110320284696
22189,0.019242501270971022
30039,0.0006354855109303507
10604,0.04392475851550585
31068,0.00012709710218607016
3349,0.010599898322318252
28423,0.019013726487036097
10893,0.03136756481952212
6209,0.0037620742247076767
89,0.008998474834773767
5395,0.00020335536349771224
18095,0.06016776817488561
10549,0.0012709710218607015
12863,0.0013472292831723436
9127,0.0015505846466700559
300,0.018429079816980172
15411,0.012023385866802237
8092,0.0004829689883070666
25045,0.015505846466700559
11241,0.08474834773767158
1817,0.03365531265887138
25907,0.008998474834773767
261,0.013345195729537367
24347,0.0012709710218607015
2757,0.0005338078291814947
1501,0.008362989323843417
9675,0.045754956786985254
2243,0.0005846466700559227
1804,0.0035332994407727505
1423,0.002338586680223691
1398,0.007752923233350279
2223,0.0010676156583629894
4086,0.0019064565327910523
6890,0.0016522623284189121
6031,0.00035587188612099647
23849,0.0009150991357397051
6112,0.019191662430096595
1727,0.018886629384850025
8017,0.0011184544992374173
21195,0.005668530757498729
3071,0.000838840874428063
21065,0.0003812913065582105
882,0.019522114895780377
9875,0.0029740721911540417
2682,0.0013980681240467717
14751,0.026842907981698017
8361,0.0009659379766141333
12549,0.15625317742755465
1795,0.0020081342145399084
2520,0.022165734621250637
266,0.010854092526690392
262,0.009354346720894764
1956,0.06189628876461617
4196,0.044229791560752414
17497,0.0003812913065582105
5045,0.012150482968988307
20745,0.02275038129130656
34447,0.0
2248,0.08708693441789528
9988,0.009354346720894764
10346,0.0002541942043721403
7845,0.00012709710218607016
19285,0.06850533807829182
1603,0.004422979156075242
391,0.020589730554143367
20473,0.011997966446365024
2725,0.008362989323843417
8023,0.03192679206914082
2728,0.002541942043721403
743,0.028266395526182004
33589,0.0
595,0.012963904422979155
4548,0.04659379766141332
313,0.0010676156583629894
244,0.0018810371123538384
1214,0.009354346720894764
2259,0.0010167768174885613
32741,0.0003050330452465684
1859,0.006659888154550076
29101,0.02244534824605999
7580,0.028723945094051857
22057,0.013675648195221149
1230,0.019750889679715302
21671,0.0011438739196746315
11079,0.04100152516522623
1707,0.006456532791052364
670,0.03256227758007117
630,0.004778851042196238
83,0.010676156583629894
2144,0.14954245043213016
7367,0.02930859176410778
9568,0.0011438739196746315
33569,0.004473817996949669
5940,0.09135739705134722
23201,0.01021860701576004
538,0.033146924250127094
1517,0.007676664972038638
3086,0.027859684799186577
423,0.0027961362480935434
1532,0.04082358922216574
4532,0.0003050330452465684
10622,0.0188357905439756
9005,0.0025927808845958313
19157,0.0
285,0.008617183528215557
5311,0.0004829689883070666
109,0.053228266395526184
29589,0.030223690899847482
115,0.008210472801220132
25011,0.010066090493136757
10348,0.0068632435180477885
13281,0.00170310116929334
3367,0.0012455516014234875
25719,0.007092018301982715
4353,0.006914082358922217
2793,0.0015505846466700559
1448,0.00800711743772242
1654,0.018454499237417387
7333,0.0015505846466700559
3991,0.002389425521098119
23945,0.033375699034062026
1018,0.009150991357397052
7857,0.004753431621759024
5249,0.0001525165226232842
9917,0.01942043721403152
25805,0.004448398576512456
9806,0.00022877478393492628
14627,0.01047280122013218
2965,0.00327910523640061
544,0.005643111337061515
2316,0.0005592272496187087
2289,0.001601423487544484
6032,0.0035841382816471784
13029,0.0005846466700559227
9618,0.03304524656837824
4151,0.03558718861209965
1068,0.0012201321809862736
8368,0.000762582613116421
62,0.05297407219115404
17357,0.0014234875444839859
2645,0.00035587188612099647
894,0.09651753940010167
9330,0.1108795119471276
6055,0.0002541942043721403
4124,0.0020335536349771225
4856,0.00020335536349771224
1760,0.006532791052364006
6726,0.0026690391459074734
4334,0.017946110828673107
509,0.034290798169801726
5296,0.0006354855109303507
3129,0.0003812913065582105
4485,0.0001525165226232842
1420,0.0028978139298423996
1502,0.002694458566344687
6199,0.002999491611591256
4406,0.000788002033553635
10370,0.004041687849517031
2614,0.0004067107269954245
2231,0.0005846466700559227
7474,0.008871377732587697
14685,0.002440264361972547
9883,0.0003304524656837824
1121,0.06789527198779868
3765,0.0005592272496187087
2510,0.0005592272496187087
3098,0.0005592272496187087
2420,0.0014234875444839859
8908,0.0038129130655821047
5734,0.05244026436197255
9063,0.029181494661921707
4066,0.010854092526690392
10513,0.0020081342145399084
6709,0.009252669039145907
5104,0.0003050330452465684
2212,0.004295882053889171
404,0.023995932892730047
27737,0.0004067107269954245
2131,0.1108795119471276
1629,0.005414336553126588
4854,0.0002541942043721403
3646,0.00045754956786985256
24909,0.0029486527707168276
21333,0.00027961362480935433
146,0.05442297915607524
554,0.018683274021352312
4074,0.00043213014743263855
3425,0.00012709710218607016
2933,0.00045754956786985256
1290,0.006532791052364006
4936,0.002135231316725979
10740,0.018047788510421964
1882,0.0020589730554143367
6056,0.00022877478393492628
30464,0.003838332486019319
4075,0.001525165226232842
3159,0.00035587188612099647
33037,0.0023131672597864767
278,0.004651753940010168
4083,0.00035587188612099647
20545,0.02364006100660905
2928,0.018556176919166244
13053,0.0017285205897305542
26449,0.007981698017285205
3193,0.0013980681240467717
2205,0.016573462125063547
33041,0.0
694,0.021784443314692425
1219,0.013701067615658364
15633,0.015022877478393492
17113,0.00017793594306049823
14893,0.03934926283680732
25383,0.00017793594306049823
8536,0.08530757498729029
4855,0.0003050330452465684
13287,0.0010930350788002034
2494,0.08523131672597865
649,0.018810371123538384
21407,0.002287747839349263
1645,0.0028215556685307576
1721,0.014997458057956279
15377,0.046873411286222674
8228,0.00043213014743263855
727,0.0001525165226232842
15609,0.02697000508388409
8078,0.011438739196746314
3948,0.005770208439247585
6741,0.004168784951703101
10945,0.003050330452465684
1469,0.02887646161667514
942,0.009811896288764617
29129,0.004092526690391459
2611,0.005414336553126588
1638,0.0031011692933401117
33420,7.62582613116421e-05
7245,0.00010167768174885612
623,0.00170310116929334
10297,0.003914590747330961
10502,0.005312658871377733
18121,0.014641586171835282
605,0.002135231316725979
5037,0.0017285205897305542
31430,0.020284697508896797
4804,0.003863751906456533
23405,0.0029486527707168276
5763,0.0005338078291814947
1112,0.007269954245043213
2884,0.006024402643619725
2688,0.0007117437722419929
27815,0.002135231316725979
12505,0.024885612608032535
111,0.008108795119471277
2632,0.0003812913065582105
2166,0.027859684799186577
3053,0.006837824097610574
128,0.009176410777834265
6735,0.0003050330452465684
487,0.08159633960345704
3146,0.0006100660904931368
1169,0.0027707168276563296
6069,0.0009150991357397051
2178,0.014336553126588714
2938,0.0009913573970513473
704,0.01248093543467209
5859,0.0035078800203355363
219,0.013777325876970005
4073,0.00035587188612099647
7135,0.007803762074224708
8062,0.00510930350788002
860,0.034773767158108794
3162,0.0005083884087442806
8410,0.005566853075749873
88,0.015277071682765634
13201,0.006939501779359431
21325,0.011642094560244027
30365,0.00876970005083884
7396,0.013065582104728012
2584,0.001601423487544484
1377,0.0017285205897305542
1127,0.012557193695983732
29087,0.0
965,0.0027452974072191155
886,0.050076258261311644
2120,0.00327910523640061
16419,0.0038129130655821047
895,0.09023894255210982
1599,0.0035587188612099642
6418,0.00472801220132181
1800,0.007371631926792069
2784,0.008617183528215557
29868,0.0006354855109303507
3288,0.005744789018810371
1902,0.007295373665480427
3689,0.0003304524656837824
1898,0.002923233350279614
30376,0.0011692933401118454
17725,0.023131672597864767
1805,0.0037366548042704626
7590,0.07730045754956787
25375,0.0025165226232841892
33372,0.0034570411794611084
1597,0.002491103202846975
20743,0.002923233350279614
7793,0.0003050330452465684
33031,0.0
2263,0.011514997458057957
12783,0.032257244534824606
1541,0.0028978139298423996
14629,0.0028469750889679717
8754,0.0025165226232841892
3672,0.0001525165226232842
22117,0.013675648195221149
27887,0.0018810371123538384
4943,0.0006100660904931368
14117,0.00340620233858668
2964,0.017361464158617182
2119,0.0034570411794611084
10578,0.09440772750381292
8366,0.0007371631926792069
1755,0.0018556176919166242
17419,0.0035587188612099642
296,0.012709710218607015
7435,0.0003304524656837824
12471,0.043670564311133704
377,0.006405693950177936
19109,0.014972038637519065
7254,0.0013218098627351296
12461,0.04595831215048297
8465,0.03449415353329944
3326,0.009659379766141332
12963,0.0004067107269954245
6297,0.0005592272496187087
10098,0.0049059481443823084
4262,0.03240976105744789
2695,0.0050330452465683784
1243,0.01588713777325877
28819,0.06222674123029995
31980,0.011057447890188104
9922,0.0445602440264362
1035,0.001601423487544484
6275,0.006532791052364006
10933,0.01725978647686833
13727,0.005668530757498729
32151,0.000788002033553635
21879,0.020259278088459582
26395,0.007193695983731571
28835,0.000788002033553635
688,0.01563294356888663
6166,0.09682257244534824
8648,0.003965429588205389
31147,0.017641077783426537
16355,0.05238942552109812
5802,0.0012709710218607015
22513,0.000762582613116421
32415,0.0006354855109303507
4486,0.0004829689883070666
3602,0.0013980681240467717
646,0.0029486527707168276
1082,0.007727503812913066
9957,5.083884087442806e-05
2598,0.000762582613116421
7148,0.11517539400101677
21235,0.008744280630401627
25897,0.0034316217590238942
273,0.011133706151499745
24371,0.0013726487036095577
3618,0.005795627859684799
1074,0.0755465175394001
466,0.026334519572953737
19099,0.004295882053889171
6560,0.0005083884087442806
30749,0.04346720894763599
7016,0.008566344687341128
30412,7.62582613116421e-05
30381,0.004168784951703101
3954,0.0085155058464667
30567,0.005592272496187087
2633,0.0003304524656837824
5143,0.0001525165226232842
1218,0.04400101677681749
5505,0.0069903406202338585
2128,0.0003304524656837824
1487,0.02275038129130656
33419,2.541942043721403e-05
2579,0.003838332486019319
12027,0.00017793594306049823
4657,0.00788002033553635
495,0.010320284697508897
2705,0.0050330452465683784
11457,0.0028215556685307576
3028,0.0005846466700559227
12499,0.00035587188612099647
2814,0.0005083884087442806
2629,0.0003050330452465684
4362,0.009303507880020335
3012,0.0036858159633960347
19889,0.0018301982714794102
15895,0.010015251652262329
10359,0.0004067107269954245
757,0.0037620742247076767
865,0.0007117437722419929
31930,0.0005083884087442806
4411,0.00035587188612099647
7322,0.012709710218607015
12659,0.0010421962379257752
25259,0.0010930350788002034
1748,0.0010930350788002034
5526,0.034824605998983224
11911,0.0006354855109303507
23871,0.0005846466700559227
19825,0.00027961362480935433
20843,0.0034316217590238942
30919,0.0034316217590238942
7536,0.0006354855109303507
6245,0.000762582613116421
422,0.0027961362480935434
6162,0.010066090493136757
22759,0.012913065582104729
1265,0.0019827147941026946
28723,0.0002541942043721403
13047,0.0003304524656837824
1550,0.0039908490086426026
10036,0.0003050330452465684
10897,0.09773767158108795
357,0.16489578037620742
2255,0.000813421453990849
2703,0.0021606507371631925
8365,0.0007117437722419929
15547,0.0003050330452465684
293,0.01362480935434672
12343,0.0012455516014234875
563,0.030910015251652264
378,0.0037874936451448905
23115,0.0027961362480935434
318,0.0242755465175394
2217,0.010523640061006609
30651,0.001626842907981698
18053,0.0020589730554143367
13367,0.09435688866293848
6229,0.0001525165226232842
557,0.007219115404168785
3659,0.00017793594306049823
3182,0.0005338078291814947
17585,0.003965429588205389
10114,0.00010167768174885612
22661,0.0021606507371631925
2783,0.0006609049313675648
4136,0.01166751398068124
1771,0.000838840874428063
11635,0.0025165226232841892
27709,0.0009405185561769192
4031,0.000788002033553635
6330,0.00971021860701576
2934,0.00017793594306049823
2811,0.004143365531265887
2620,0.0019318759532282665
11787,0.0008896797153024911
924,0.002567361464158617
3964,0.001601423487544484
6964,0.004372140315200813
9624,0.031037112353838332
17082,0.03812913065582105
4339,0.0005083884087442806
10582,0.029105236400610066
2786,0.0009913573970513473
5082,0.0003812913065582105
723,0.0027452974072191155
8956,0.00012709710218607016
897,0.08413828164717845
13755,0.0003050330452465684
6971,0.00020335536349771224
771,0.004956786985256736
4211,0.00017793594306049823
5036,0.000762582613116421
248,0.09125571936959838
5129,0.0004067107269954245
24629,0.024199288256227757
15005,0.010396542958820539
21415,0.014285714285714285
21835,0.002541942043721403
8599,0.013980681240467717
4306,0.00022877478393492628
4468,0.00027961362480935433
1247,0.0012455516014234875
30292,0.00027961362480935433
4723,5.083884087442806e-05
7774,0.006100660904931368
2180,0.000838840874428063
7329,0.0012201321809862736
14853,0.0036095577020843926
447,0.012658871377732587
10532,0.009557702084392475
2334,0.000762582613116421
1893,0.0014489069649211998
32664,0.007041179461108287
8123,0.00012709710218607016
9353,0.0039908490086426026
24823,0.0021098118962887646
1756,0.0016522623284189121
10260,0.007295373665480427
6527,0.001601423487544484
33658,0.00035587188612099647
5250,0.0004067107269954245
297,0.04702592780884596
9095,0.0003050330452465684
11255,0.008795119471276055
12585,0.0010930350788002034
9750,0.0672089476359939
3720,0.000762582613116421
9773,0.0005338078291814947
2457,0.0011947127605490594
30379,0.005312658871377733
17855,0.007244534824605999
594,0.09395017793594305
19855,0.034773767158108794
616,0.00043213014743263855
10197,0.022775800711743774
1300,0.0017539400101677682
2826,0.0013980681240467717
8705,0.0027961362480935434
4069,0.005846466700559228
10823,0.0014489069649211998
25859,0.02086934417895272
33142,0.008693441789527198
2511,0.000788002033553635
1103,0.007803762074224708
2612,0.0013218098627351296
32555,0.0
1001,0.001677681748856126
10074,0.005083884087442806
926,0.002211489578037621
21845,0.02697000508388409
1952,0.011692933401118455
23487,0.0017793594306049821
14355,0.022902897813929842
2387,0.0018301982714794102
19429,0.09852567361464158
2576,0.0005846466700559227
9858,0.0003050330452465684
1123,0.006481952211489578
7229,0.00043213014743263855
3853,0.0017285205897305542
6855,0.0003050330452465684
234,0.002414844941535333
1802,0.004956786985256736
2635,0.00020335536349771224
5973,0.024199288256227757
271,0.00668530757498729
32946,0.0007117437722419929
797,0.01090493136756482
6882,0.017361464158617182
16928,0.00340620233858668
6958,0.012430096593797662
18247,0.13507880020335536
8208,0.000762582613116421
26063,0.0006609049313675648
2704,0.0014234875444839859
3935,0.0006863243518047789
14059,0.0003812913065582105
20909,0.009100152516522624
1433,0.003863751906456533
28817,0.028520589730554144
33741,0.0005846466700559227
921,0.004880528723945094
13173,0.0037112353838332484
1881,0.003228266395526182
13619,0.002287747839349263
6500,0.10932892730045755
27419,0.0020843924758515505
32228,0.0035332994407727505
23067,0.00043213014743263855
1043,0.014870360955770209
179,0.005388917132689374
3069,0.000762582613116421
3021,0.00027961362480935433
314,0.0004829689883070666
1749,0.017793594306049824
1497,0.001626842907981698
9736,0.08146924250127097
1593,0.03362989323843416
288,0.07145399084900864
32379,0.03573970513472293
22745,0.009405185561769192
2802,0.0013472292831723436
4201,0.00020335536349771224
11177,0.000788002033553635
31050,0.0018301982714794102
1757,0.002541942043721403
2795,0.04570411794611083
9837,0.00012709710218607016
8187,0.0186578546009151
6733,0.0004067107269954245
260,0.022216573462125064
21541,0.012379257752923234
17919,0.010015251652262329
4808,0.0003304524656837824
26183,0.003075749872902898
16964,0.00043213014743263855
24821,0.005973563802745298
667,0.03772241992882562
30915,0.01375190645653279
18495,0.0170310116929334
25939,0.006888662938485003
20999,0.00027961362480935433
86,0.015302491103202847
9040,0.003177427554651754
1109,0.006151499745805796
8235,0.0013218098627351296
15431,0.007320793085917641
2970,0.030172852058973056
21177,0.033756990340620234
21707,7.62582613116421e-05
25857,0.0002541942043721403
919,0.006380274529740722
11491,0.034722928317234364
3024,0.0010167768174885613
5201,0.0005846466700559227
23459,0.008617183528215557
533,0.004753431621759024
19391,0.020005083884087442
420,0.018708693441789527
12857,0.00460091509913574
10702,0.020335536349771224
2114,0.0008642602948652771
7330,0.0009150991357397051
1675,0.008032536858159633
5484,0.0018047788510421963
4101,5.083884087442806e-05
1266,0.0017539400101677682
12455,0.0029740721911540417
28789,0.0011947127605490594
373,0.007244534824605999
2089,0.0009659379766141333
8632,0.0003812913065582105
63,0.12653787493645144
1758,0.0008896797153024911
2653,0.0004067107269954245
1317,0.0075241484494153535
18851,0.021606507371631927
3355,0.0001525165226232842
1996,0.009506863243518049
850,0.044306049822064056
1581,0.025012709710218607
385,0.01751398068124047
10470,0.017996949669547534
12483,0.00022877478393492628
1904,0.0013726487036095577
25689,0.0051601423487544484
2831,0.0003304524656837824
2905,0.024046771733604474
24451,0.010167768174885612
1204,0.004473817996949669
671,0.005134722928317234
27857,0.008185053380782919
5274,0.0001525165226232842
5953,0.000762582613116421
11209,0.024605998983223184
1161,0.003253685815963396
3836,0.0009659379766141333
11615,0.011260803253685815
2603,0.011997966446365024
12663,0.00010167768174885612
29697,0.00045754956786985256
18099,0.015277071682765634
11483,0.0037874936451448905
33524,0.012023385866802237
3005,0.0038129130655821047
2628,0.00027961362480935433
2580,0.013980681240467717
2299,0.0013218098627351296
23931,0.00035587188612099647
1277,0.0028978139298423996
6670,0.00027961362480935433
27939,0.002262328418912049
1957,0.003838332486019319
937,0.02193695983731571
3271,0.001499745805795628
12745,0.00043213014743263855
7619,0.0003304524656837824
5936,0.0002541942043721403
9001,0.0039908490086426026
3130,0.0003050330452465684
17731,0.003940010167768175
3394,0.001677681748856126
12279,0.00022877478393492628
2106,0.003482460599898322
10732,0.0012201321809862736
6230,0.00010167768174885612
3057,0.015861718352821557
32321,0.0001525165226232842
518,0.0019827147941026946
626,0.004702592780884596
29855,0.0001525165226232842
12503,0.0329689883070666
3438,0.003228266395526182
13833,0.015988815455007625
10807,0.004016268429079817
32625,0.0004829689883070666
23299,0.002287747839349263
4793,0.03662938485002542
2161,0.011820030503304525
1618,0.0010930350788002034
1544,0.003050330452465684
31440,0.004372140315200813
3686,0.00485510930350788
1737,0.0002541942043721403
25397,0.11278596847991866
3835,0.00045754956786985256
25241,0.023436705643111337
1750,0.014997458057956279
20543,0.019954245043213015
9119,0.0003812913065582105
15879,0.03660396542958821
4508,0.00485510930350788
1752,0.002287747839349263
29413,0.0014234875444839859
3023,0.00022877478393492628
2042,0.004372140315200813
3381,0.0014234875444839859
17679,0.0035841382816471784
6653,0.000762582613116421
3037,0.0010167768174885613
1325,0.002567361464158617
7579,0.0025165226232841892
1316,0.0021860701576004067
637,0.01835282155566853
2556,0.002440264361972547
618,0.02610574478901881
913,0.0018556176919166242
3923,0.000788002033553635
32287,0.0013726487036095577
21701,0.00027961362480935433
3085,0.021606507371631927
4050,0.0006863243518047789
9519,0.0001525165226232842
9335,0.01248093543467209
222,0.0143111337061515
32962,0.0
14199,0.10155058464667005
23363,0.0018810371123538384
6666,0.00327910523640061
17573,0.001525165226232842
9107,0.025749872902897816
14093,0.01733604473817997
5256,0.008744280630401627
6877,0.009278088459583122
30625,0.0001525165226232842
17933,5.083884087442806e-05
26019,0.002262328418912049
25285,0.00983731570920183
2033,0.002287747839349263
23439,0.0025165226232841892
8230,0.010040671072699542
3761,0.0020335536349771225
2032,0.004372140315200813
1533,0.013014743263853584
23627,0.0011947127605490594
33046,0.00498220640569395
1669,0.04186578546009151
1136,0.005388917132689374
2495,0.0027198779867819013
4503,0.004880528723945094
8367,0.0006863243518047789
2650,0.0003812913065582105
7436,0.00035587188612099647
2953,0.014717844433146924
13731,0.0059481443823080835
7307,0.0003050330452465684
3481,0.0012201321809862736
9515,0.19740721911540418
2050,0.0020843924758515505
1409,0.0028469750889679717
5333,0.016497203863751905
2565,0.0009913573970513473
12991,0.000813421453990849
148,0.004219623792577529
16756,0.00043213014743263855
2980,0.00022877478393492628
4320,0.004117946110828673
2039,0.00045754956786985256
17743,0.011387900355871887
8245,0.0013726487036095577
9581,0.026207422470767665
26351,0.030935434672089476
5865,0.0013980681240467717
615,0.010955770208439247
3827,0.0003812913065582105
1182,0.006761565836298933
23209,0.0259023894255211
28063,0.006786985256736147
15125,0.021581087951194712
10005,0.00035587188612099647
1822,0.002262328418912049
473,0.00472801220132181
4467,0.0017285205897305542
20267,0.004168784951703101
29017,0.0022369089984748346
11755,0.0073970513472292835
27911,0.012836807320793085
7805,0.039044229791560754
5002,0.00022877478393492628
1962,0.00035587188612099647
14827,0.014209456024402644
4712,0.004956786985256736
6714,0.012379257752923234
13263,0.0170310116929334
2319,0.0028215556685307576
259,0.00971021860701576
2224,0.0012709710218607015
6008,0.0013726487036095577
1660,0.0017793594306049821
2911,0.004194204372140315
2038,0.0010676156583629894
4052,0.012277580071174377
17655,0.001601423487544484
6736,0.005388917132689374
33075,0.0056939501779359435
10936,0.002541942043721403
8783,0.00012709710218607016
24991,0.0440264361972547
24705,0.04028978139298424
2615,0.014056939501779359
3366,0.03479918657854601
16718,0.0012963904422979157
1742,0.0008642602948652771
2619,0.0029486527707168276
12699,0.002364006100660905
33811,0.0
17233,0.00020335536349771224
3008,0.004372140315200813
7591,0.0035587188612099642
6129,0.010167768174885612
31521,0.0020589730554143367
3077,0.00012709710218607016
1718,0.006253177427554652
315,0.0016522623284189121
298,0.061184544992374176
2221,0.00340620233858668
8950,0.0006100660904931368
9706,0.003965429588205389
1149,0.00668530757498729
31851,0.00027961362480935433
2627,0.00022877478393492628
987,0.051143873919674634
236,0.012785968479918659
504,0.011235383833248602
23499,0.0006100660904931368
11268,0.00017793594306049823
7285,0.0001525165226232842
29853,0.0005846466700559227
1706,0.004092526690391459
15729,0.01934417895271988
1466,0.0007371631926792069
1848,0.0009405185561769192
1181,0.004677173360447382
8507,0.008998474834773767
6087,0.0004067107269954245
3464,0.02938485002541942
5305,0.010676156583629894
16906,0.0002541942043721403
1445,0.007702084392475852
2272,0.0005083884087442806
3388,0.0010930350788002034
4782,0.00012709710218607016
776,0.005744789018810371
24075,0.024300965937976614
21569,0.007320793085917641
11073,0.004778851042196238
3265,0.0049059481443823084
28619,0.03650228774783935
21033,0.07193695983731571
679,0.004753431621759024
4173,0.0019318759532282665
5742,0.000838840874428063
421,0.0071174377224199285
11685,0.0004829689883070666
928,0.004550076258261312
12935,0.0012201321809862736
347,0.005795627859684799
17341,0.008845958312150484
299,0.03202846975088968
2467,0.0009659379766141333
1998,0.009303507880020335
2709,0.0018301982714794102
4197,0.004041687849517031
1194,0.013853584138281647
5618,0.00022877478393492628
2641,0.0002541942043721403
2644,0.00022877478393492628
5016,0.002923233350279614
10172,0.038027452974072194
782,0.007676664972038638
1019,0.011718352821555669
3503,0.14163701067615658
6791,0.03688357905439756
28207,0.0010167768174885613
6975,0.00027961362480935433
3866,0.00035587188612099647
1070,0.002364006100660905
32730,0.0009150991357397051
7090,0.00017793594306049823
6779,0.00035587188612099647
8456,0.010981189628876462
25117,0.0009913573970513473
10156,0.04842399593289273
14515,0.035282155566853074
6068,0.0015505846466700559
3809,0.002440264361972547
1480,0.008896797153024912
2419,0.00170310116929334
2290,0.005541433655312659
175,0.019522114895780377
4720,0.03708693441789527
1958,0.008439247585155059
10390,0.004092526690391459
2546,0.001601423487544484
10689,0.0012963904422979157
17493,0.00010167768174885612
2732,0.0003050330452465684
10490,0.10142348754448399
406,0.010752414844941535
31636,0.06245551601423487
1187,0.013065582104728012
8546,0.0003304524656837824
5945,0.004651753940010168
7477,0.00022877478393492628
10949,0.00157600406710727
31617,0.00010167768174885612
6117,0.0011438739196746315
6728,0.00022877478393492628
2390,0.007600406710726995
9362,0.02168276563294357
9495,0.00027961362480935433
635,0.012531774275546517
590,0.02275038129130656
6205,0.16764107778342655
602,0.0005846466700559227
15347,0.00027961362480935433
3550,0.0003304524656837824
9934,0.009938993390950687
2912,0.0013218098627351296
32383,0.0005846466700559227
3900,0.00022877478393492628
1296,0.0039908490086426026
6633,0.03202846975088968
1232,0.0068632435180477885
3806,0.0003304524656837824
8542,0.00022877478393492628
2497,0.0028469750889679717
8635,0.003940010167768175
2463,0.00012709710218607016
12715,0.0005846466700559227
3915,0.0006609049313675648
5833,0.00020335536349771224
10324,0.0013980681240467717
5022,0.0002541942043721403
1198,0.015861718352821557
6878,0.0021860701576004067
497,0.018073207930859175
2288,0.0037620742247076767
9549,0.000813421453990849
808,0.004880528723945094
3232,0.0009913573970513473
11017,0.00022877478393492628
3952,0.0011692933401118454
1672,0.0017539400101677682
5266,0.00045754956786985256
4450,0.008998474834773767
1853,0.0019318759532282665
2606,0.011006609049313675
12347,0.0010930350788002034
7666,0.0007117437722419929
6028,0.00045754956786985256
225,0.28162175902389425
7364,0.0003812913065582105
10527,0.0010167768174885613
4199,0.0005338078291814947
3488,0.0020081342145399084
18989,0.004626334519572953
1761,0.005134722928317234
403,0.02458057956278597
1907,0.0010930350788002034
31096,0.007015760040671073
20391,0.0007117437722419929
22123,0.03284189120488053
4119,0.00020335536349771224
31344,0.0010676156583629894
496,0.002287747839349263
23133,0.01853075749872903
10361,0.00157600406710727
5962,0.010803253685815964
2733,0.0014743263853584138
3641,0.006227758007117438
7664,0.00045754956786985256
34283,0.0005083884087442806
1328,0.0017285205897305542
5529,0.007422470767666497
1165,0.00340620233858668
4514,0.0012709710218607015
3668,0.003177427554651754
8314,0.0002541942043721403
2282,0.00012709710218607016
2399,0.0013980681240467717
2284,0.003940010167768175
3963,0.001626842907981698
4183,0.00010167768174885612
6672,0.00022877478393492628
446,0.007473309608540925
29089,0.00035587188612099647
8861,0.16997966446365023
1143,0.02325876970005084
8713,0.0015505846466700559
1177,0.014056939501779359
3874,0.0009913573970513473
1670,0.007905439755973563
370,0.008210472801220132
16119,0.00045754956786985256
29976,0.018073207930859175
2769,0.00017793594306049823
2067,0.003228266395526182
4244,0.00010167768174885612
32011,0.0005592272496187087
28351,0.001499745805795628
1839,0.0011184544992374173
2074,0.00027961362480935433
1067,0.026004067107269956
7540,0.004956786985256736
6587,0.005363497712252161
20723,0.007625826131164209
1617,0.000813421453990849
1806,0.0018556176919166242
622,0.007676664972038638
33181,2.541942043721403e-05
4795,0.0172089476359939
18781,0.00157600406710727
32360,0.02036095577020844
10308,0.02597864768683274
4515,0.0005338078291814947
14957,0.0035332994407727505
7082,0.04145907473309608
2010,0.0028978139298423996
21201,0.004753431621759024
916,0.04191662430096594
2105,0.006253177427554652
6883,0.002414844941535333
1130,0.005871886120996441
6748,0.00826131164209456
3325,0.0002541942043721403
1673,0.0009659379766141333
1754,0.0020589730554143367
1704,0.0034316217590238942
8503,0.00010167768174885612
2060,0.0026436197254702592
4361,0.004092526690391459
2804,0.0006100660904931368
840,0.011743772241992882
2086,0.00017793594306049823
31848,0.023233350279613624
1978,0.00643111337061515
402,0.0009659379766141333
13799,0.0037874936451448905
4874,0.012684290798169802
30103,0.00022877478393492628
15781,0.003050330452465684
10611,0.05327910523640061
23,0.0012455516014234875
23581,0.00010167768174885612
33173,0.00022877478393492628
472,0.016751398068124045
1980,0.00813421453990849
7839,0.00017793594306049823
20613,0.0025165226232841892
32601,0.0036349771225216063
4744,0.11850533807829182
10516,0.002338586680223691
6533,0.0017793594306049821
375,0.003914590747330961
6511,0.0013980681240467717
2801,0.0011947127605490594
119,0.03607015760040671
241,0.10625317742755465
32511,0.00035587188612099647
973,0.005083884087442806
3190,0.0005592272496187087
863,0.02564819522114896
2211,0.0028469750889679717
1572,0.0034570411794611084
1658,0.002618200305033045
10076,0.053126588713777324
412,0.0773512963904423
1810,0.02351296390442298
9936,0.10015251652262329
7103,0.010371123538383325
2456,0.0010421962379257752
9774,0.0075241484494153535
4112,0.00020335536349771224
4961,0.00045754956786985256
1350,0.005312658871377733
6428,7.62582613116421e-05
14921,0.05490594814438231
5636,7.62582613116421e-05
31716,0.02325876970005084
10073,0.05856634468734113
8248,0.0018301982714794102
1005,0.011108286731062532
979,0.018886629384850025
22335,0.0036858159633960347
925,0.0026690391459074734
744,0.002287747839349263
6137,0.0019064565327910523
7160,0.00012709710218607016
3812,0.0004829689883070666
3003,0.002414844941535333
2356,0.008795119471276055
10693,0.0011692933401118454
16518,0.037036095577020846
32866,0.0
11103,0.01034570411794611
6383,0.00017793594306049823
289,0.01418403660396543
706,0.007041179461108287
1676,0.002414844941535333
1661,0.0037366548042704626
1178,0.003075749872902898
11385,0.011337061514997459
365,0.016420945602440264
29255,0.0008642602948652771
7112,0.0003050330452465684
31675,0.0010167768174885613
19255,0.0058210472801220135
1694,0.009430604982206405
17831,0.06456532791052363
23711,0.0003050330452465684
7875,0.012150482968988307
10016,0.00485510930350788
2568,0.00017793594306049823
9754,0.008337569903406202
4439,0.0004067107269954245
6796,7.62582613116421e-05
3823,0.00043213014743263855
21451,0.0010421962379257752
11083,0.009938993390950687
5957,0.027885104219623792
12671,0.0170310116929334
8438,0.005058464667005593
4794,0.010269445856634469
564,0.03464667005592272
21497,0.0035078800203355363
12267,0.0001525165226232842
2686,0.0007371631926792069
33341,0.0026690391459074734
8108,0.0006609049313675648
7568,0.007219115404168785
1986,0.00035587188612099647
155,0.035282155566853074
2729,0.0035332994407727505
3295,0.000788002033553635
1894,0.06037112353838332
20533,0.021148957803762074
2028,0.00010167768174885612
4469,0.008973055414336554
2041,0.008845958312150484
9548,0.0008896797153024911
591,0.062125063548551095
1348,0.005007625826131164
31048,0.0001525165226232842
33360,0.00020335536349771224
5147,0.0025165226232841892
1153,0.004270462633451958
2638,0.0002541942043721403
7775,0.0003812913065582105
10118,0.00010167768174885612
5276,0.00022877478393492628
33421,0.012125063548551094
11101,7.62582613116421e-05
1085,0.00876970005083884
3436,0.00027961362480935433
1062,0.005414336553126588
2710,2.541942043721403e-05
10886,0.0038891713268937467
32359,0.00035587188612099647
6609,0.0059481443823080835
5288,0.0028978139298423996
197,0.019776309100152517
31593,0.0006100660904931368
3735,0.0002541942043721403
9916,7.62582613116421e-05
28283,0.0066090493136756485
1012,0.0012201321809862736
3410,0.004041687849517031
9494,0.000762582613116421
13679,0.0011184544992374173
30437,0.01481952211489578
8598,0.00022877478393492628
24751,0.017946110828673107
3800,0.000762582613116421
31387,0.0009405185561769192
3081,0.00327910523640061
1185,0.00340620233858668
3389,0.029664463650228776
5189,0.0002541942043721403
3035,0.00043213014743263855
2696,0.000788002033553635
21599,0.000788002033553635
7744,0.007193695983731571
3185,0.000762582613116421
11307,0.0003304524656837824
10187,0.024224707676664972
10338,0.004321301474326385
32214,0.009735638027452974
2895,0.0004067107269954245
3054,0.0010676156583629894
12661,0.0007371631926792069
3391,0.00012709710218607016
4640,0.00012709710218607016
32446,0.00012709710218607016
30757,0.00035587188612099647
31144,0.0015505846466700559
31621,0.017361464158617182
31797,0.0011438739196746315
682,0.009150991357397052
438,0.011692933401118455
16680,0.01273512963904423
8709,0.0037874936451448905
10916,0.004880528723945094
25867,0.02496187086934418
27741,0.0020589730554143367
10384,0.002287747839349263
2766,0.0017539400101677682
18799,0.0012201321809862736
4427,0.00012709710218607016
6468,0.0002541942043721403
5535,0.00010167768174885612
4387,0.0009150991357397051
715,0.0027452974072191155
12437,0.005363497712252161
15951,0.00838840874428063
1370,0.0062023385866802234
1682,0.013726487036095577
31573,0.0009659379766141333
16614,0.004295882053889171
9558,0.00017793594306049823
3522,0.0009150991357397051
1794,0.0021606507371631925
9493,0.008312150482968989
1189,0.004219623792577529
5883,0.0007371631926792069
29231,7.62582613116421e-05
2061,0.0011692933401118454
19271,0.00010167768174885612
3433,0.00020335536349771224
9900,0.00012709710218607016
8101,0.015912557193695984
33309,0.00012709710218607016
3435,0.0003050330452465684
11583,0.007320793085917641
5828,0.0007117437722419929
33118,0.0007117437722419929
3878,0.0005846466700559227
31448,0.001525165226232842
32324,0.00012709710218607016
31560,0.0060752414844941535
23943,0.00043213014743263855
4421,0.006176919166243009
32829,0.0
6625,0.00012709710218607016
31452,0.011464158617183529
32190,0.0013472292831723436
4910,0.010244026436197255
4792,0.022369089984748347
1298,0.003202846975088968
17913,0.001601423487544484
1693,0.004956786985256736
13517,0.004219623792577529
10687,0.009761057447890189
19919,0.001525165226232842
471,0.012887646161667514
2699,0.0008896797153024911
4371,0.0003304524656837824
1233,0.003863751906456533
17092,0.00012709710218607016
30127,0.02887646161667514
17705,0.0009150991357397051
660,0.002414844941535333
4554,0.0002541942043721403
12885,0.00043213014743263855
31070,0.0028469750889679717
1733,0.0027198779867819013
1799,0.007854600915099135
21373,0.010447381799694967
125,0.031011692933401117
8765,0.0001525165226232842
30531,0.0005592272496187087
8538,0.0004067107269954245
24695,0.021962379257752924
14145,0.006278596847991866
20381,0.00012709710218607016
3100,0.0004829689883070666
5153,0.0003812913065582105
4504,0.00017793594306049823
21241,0.015124555160142349
31866,5.083884087442806e-05
6368,0.005617691916624301
783,0.0020081342145399084
2306,0.0018556176919166242
4536,0.00020335536349771224
8487,0.007676664972038638
4013,0.0005083884087442806
10917,0.004575495678698526
1297,0.00340620233858668
2031,0.025521098118962887
6885,0.006227758007117438
684,0.004753431621759024
9531,0.00012709710218607016
21353,0.06987798678190137
33377,0.0
4132,0.00043213014743263855
718,0.004143365531265887
30056,0.009608540925266904
10196,0.021276054905948145
32311,0.0004829689883070666
13253,0.003075749872902898
2640,0.0003050330452465684
33222,0.012506354855109304
26053,0.0002541942043721403
6472,0.0005592272496187087
2062,0.0010930350788002034
2617,0.002694458566344687
23137,0.0008896797153024911
8839,0.000813421453990849
2207,0.0019572953736654805
25861,0.007676664972038638
33129,0.0013472292831723436
6657,0.00327910523640061
6375,0.0004829689883070666
3273,0.0001525165226232842
6509,0.000762582613116421
7430,0.0018556176919166242
10671,0.015531265887137774
24175,0.010294865277071684
17157,0.025241484494153532
612,0.004016268429079817
2842,0.011972547025927809
4962,0.0028215556685307576
30088,0.00022877478393492628
8900,0.00017793594306049823
4067,0.0002541942043721403
1836,0.03980681240467717
5583,0.005338078291814947
1044,0.0038129130655821047
2560,0.004372140315200813
2552,0.00027961362480935433
30250,0.004880528723945094
12317,0.04046771733604474
1276,0.0035078800203355363
55,0.010116929334011185
30953,0.0007371631926792069
4975,0.19984748347737671
5449,0.0003812913065582105
33145,0.00012709710218607016
33069,0.00010167768174885612
2485,0.0011692933401118454
3842,0.0004829689883070666
5476,0.0001525165226232842
32561,0.014489069649211999
1235,0.007168276563294357
257,0.10518556176919167
30030,0.0001525165226232842
9203,0.024555160142348754
11507,0.007676664972038638
1793,0.008718861209964414
15279,0.0009405185561769192
799,0.0029486527707168276
8560,0.024860193187595324
32031,0.00017793594306049823
5225,0.0035841382816471784
12921,0.0028215556685307576
9789,0.0003050330452465684
18857,0.09265378749364514
1141,0.0036603965429588205
9077,0.0001525165226232842
4481,0.0008896797153024911
32728,5.083884087442806e-05
4068,0.00020335536349771224
8139,0.0001525165226232842
425,0.0052872394509405184
9924,0.005312658871377733
10723,0.0002541942043721403
17409,0.014006100660904932
2626,0.0004067107269954245
2210,0.018149466192170817
16347,0.0010421962379257752
6226,0.002389425521098119
312,0.00035587188612099647
30795,0.012175902389425522
10055,0.0007371631926792069
6579,0.00010167768174885612
17277,0.00315200813421454
8211,0.013828164717844434
28921,0.0
12351,0.00020335536349771224
7124,0.0001525165226232842
20441,7.62582613116421e-05
30384,0.00932892730045755
4314,0.00022877478393492628
9943,0.0001525165226232842
26359,0.0035841382816471784
17873,0.010981189628876462
11069,0.0027198779867819013
1964,0.0021606507371631925
9220,0.009506863243518049
18549,0.0014743263853584138
15095,0.0006354855109303507
15015,0.0006100660904931368
1960,0.0
34009,0.0
33208,5.083884087442806e-05
20987,0.001626842907981698
5849,0.001626842907981698
20655,0.015048296898830707
810,0.0018301982714794102
999,0.004804270462633452
9881,0.0001525165226232842
14317,0.007015760040671073
15325,0.014056939501779359
7578,0.0008642602948652771
9291,0.00045754956786985256
23787,0.005897305541433655
30237,0.0025927808845958313
16101,0.0020843924758515505
3280,0.0001525165226232842
8140,0.0004829689883070666
8304,0.00043213014743263855
32481,0.0003812913065582105
5165,0.002262328418912049
8518,0.0023131672597864767
4209,0.0036095577020843926
10808,0.013294356888662939
6270,0.00017793594306049823
23427,0.013675648195221149
1807,0.01700559227249619
10810,0.0025927808845958313
20155,0.0017539400101677682
9078,0.00010167768174885612
1724,0.000788002033553635
17551,0.0027198779867819013
13251,0.0018301982714794102
10109,0.01324351804778851
22785,0.0004067107269954245
12439,0.00010167768174885612
17821,0.027885104219623792
950,0.015277071682765634
7522,0.00022877478393492628
8109,0.0005846466700559227
8965,0.0004067107269954245
3570,0.00022877478393492628
28155,0.01248093543467209
23579,0.0019572953736654805
29863,7.62582613116421e-05
1789,0.003228266395526182
9795,7.62582613116421e-05
25457,0.0013726487036095577
9857,0.00022877478393492628
105,0.015480427046263345
4383,0.0006100660904931368
2836,0.0015505846466700559
2771,0.00010167768174885612
14989,0.0005846466700559227
7336,0.0006100660904931368
2637,0.00022877478393492628
13139,0.0025165226232841892
3154,0.0011438739196746315
16199,0.014336553126588714
3776,0.0005338078291814947
30721,0.010650737163192679
20469,0.00010167768174885612
23121,0.022140315200813422
1456,0.0021606507371631925
31598,0.0031011692933401117
11221,5.083884087442806e-05
5164,0.0021860701576004067
13231,0.002135231316725979
17637,0.010116929334011185
31121,0.006151499745805796
2047,0.002694458566344687
920,0.005592272496187087
7117,0.0003304524656837824
21571,0.0011947127605490594
1854,0.0021860701576004067
12929,0.008540925266903915
562,0.0014743263853584138
27967,0.004931367564819522
4524,0.000813421453990849
171,0.0013218098627351296
14647,0.0031011692933401117
2718,0.0006354855109303507
21103,0.002491103202846975
1746,0.008464667005592272
32301,0.004702592780884596
6093,0.00020335536349771224
1666,0.0003050330452465684
30573,0.0009659379766141333
15605,0.0632180986273513
7395,0.00035587188612099647
33240,0.0
8375,0.00020335536349771224
7048,0.0006863243518047789
9690,0.017895271987798677
6518,0.00035587188612099647
1396,7.62582613116421e-05
8215,0.00010167768174885612
2073,0.00017793594306049823
10491,0.047407219115404166
1988,0.005973563802745298
3873,0.00020335536349771224
3099,0.00027961362480935433
6374,0.0004829689883070666
10202,0.0003050330452465684
19685,0.06199796644636502
4760,0.02697000508388409
3609,0.0010421962379257752
6310,0.0002541942043721403
7295,0.00170310116929334
3876,5.083884087442806e-05
2045,0.00020335536349771224
1879,0.002287747839349263
9395,0.00045754956786985256
34475,0.00010167768174885612
4316,0.00020335536349771224
8496,0.00010167768174885612
5938,0.0004829689883070666
683,0.0018047788510421963
6555,0.004245043213014743
11853,0.002338586680223691
28511,0.000813421453990849
3757,0.000813421453990849
836,0.013396034570411795
9421,0.0001525165226232842
2726,0.0012709710218607015
31608,0.0010676156583629894
8603,0.0006609049313675648
30218,0.0008642602948652771
5819,0.0017539400101677682
14173,0.013040162684290799
19081,0.0009659379766141333
9376,7.62582613116421e-05
5454,0.016039654295882055
10015,0.01375190645653279
819,0.042780884595831216
7176,0.002338586680223691
2881,0.0005592272496187087
8815,0.0006354855109303507
30907,0.00012709710218607016
22053,0.00012709710218607016
1600,0.002135231316725979
1159,0.0012963904422979157
4242,5.083884087442806e-05
4597,0.0001525165226232842
8332,0.0002541942043721403
25283,0.051220132180986276
1039,0.0026690391459074734
4933,0.00017793594306049823
20539,0.0001525165226232842
1163,0.003202846975088968
3194,0.0008896797153024911
5844,0.0036095577020843926
7550,0.003863751906456533
1527,0.018734112862226742
163,0.005566853075749873
417,0.03980681240467717
7496,0.0004067107269954245
28861,0.005922724961870869
6705,0.005541433655312659
685,0.0060752414844941535
1981,0.002465683782409761
7377,0.0056939501779359435
943,0.004219623792577529
599,0.002491103202846975
2702,0.0005592272496187087
6119,7.62582613116421e-05
9479,0.05650737163192679
16702,0.00012709710218607016
7157,0.0003050330452465684
5496,0.001601423487544484
2809,0.00012709710218607016
12497,0.00010167768174885612
34213,0.0
18771,0.003075749872902898
1570,0.027071682765632942
9333,0.006456532791052364
12429,0.005312658871377733
1495,0.0018810371123538384
7601,0.00012709710218607016
6492,0.00020335536349771224
2367,0.014921199796644637
3810,0.0007117437722419929
2503,5.083884087442806e-05
23605,0.008185053380782919
3758,0.00022877478393492628
2234,0.000838840874428063
10739,0.02508896797153025
21695,0.002262328418912049
29419,0.0006100660904931368
14675,0.0013726487036095577
8287,0.0013218098627351296
9202,0.01682765632943569
23325,0.019496695475343162
27891,0.03973055414336553
4154,0.001499745805795628
3075,0.000838840874428063
10595,5.083884087442806e-05
14283,0.03772241992882562
4991,0.00027961362480935433
19151,0.04509405185561769
22249,0.000788002033553635
5772,0.04123029994916116
6452,0.00027961362480935433
3401,0.008108795119471277
6629,0.00010167768174885612
5070,0.001525165226232842
348,0.013701067615658364
2142,0.01563294356888663
5238,0.0005083884087442806
2312,0.00157600406710727
2252,0.0027452974072191155
21041,0.00043213014743263855
382,0.02854600915099136
1537,0.0005338078291814947
1574,0.0004067107269954245
27907,0.0013980681240467717
13185,0.0007371631926792069
3683,0.00017793594306049823
31566,0.0004067107269954245
32274,0.0003050330452465684
31534,0.0
9035,0.0016522623284189121
13757,0.004575495678698526
888,0.019903406202338585
23399,0.004931367564819522
2740,0.00022877478393492628
761,0.08429079816980173
3535,0.0019827147941026946
4890,0.0021860701576004067
31911,0.00010167768174885612
19799,0.009125571936959837
2237,0.01967463141840366
608,0.005592272496187087
1872,0.00043213014743263855
677,0.0009405185561769192
12441,0.00010167768174885612
3864,0.0011438739196746315
817,0.007422470767666497
8966,0.00043213014743263855
1900,0.0014743263853584138
1458,0.0005338078291814947
27387,0.012709710218607015
1607,0.019954245043213015
2535,0.001525165226232842
5935,0.0001525165226232842
374,0.0038129130655821047
32502,0.00017793594306049823
30143,0.00012709710218607016
2915,0.0006100660904931368
12685,0.04331469242501271
707,0.0034316217590238942
1677,0.0011947127605490594
7158,0.0003050330452465684
336,0.007625826131164209
2071,0.005338078291814947
13935,0.000762582613116421
3969,0.00027961362480935433
3153,0.0005083884087442806
30524,0.010396542958820539
32682,0.006253177427554652
3274,0.00010167768174885612
13159,0.0012201321809862736
2040,0.0002541942043721403
13239,0.006100660904931368
7981,7.62582613116421e-05
20931,0.047458057956278596
7605,0.00022877478393492628
21679,0.016166751398068124
12611,0.007727503812913066
17345,0.007600406710726995
9799,0.0002541942043721403
10849,0.0038129130655821047
15453,0.0018301982714794102
1816,0.03248601931875953
4801,0.00017793594306049823
2428,0.0010421962379257752
18063,5.083884087442806e-05
8949,0.0003812913065582105
22537,0.016344687341128622
3778,0.00017793594306049823
2534,0.003253685815963396
1598,0.004524656837824098
3114,0.00012709710218607016
10319,0.00012709710218607016
2064,0.000813421453990849
17651,0.0240976105744789
2687,7.62582613116421e-05
5131,0.00020335536349771224
7083,0.004117946110828673
4511,0.00027961362480935433
4800,0.0009405185561769192
1083,0.0009659379766141333
31338,0.040696492119979666
3546,7.62582613116421e-05
10207,0.0009150991357397051
576,0.029156075241484496
2277,0.00157600406710727
3875,0.0009150991357397051
4388,0.0005846466700559227
3147,0.0004829689883070666
20033,0.027376715810879512
16331,0.00523640061006609
33102,0.00035587188612099647
2063,0.0008642602948652771
3444,0.00043213014743263855
18061,5.083884087442806e-05
5272,0.0002541942043721403
30196,0.00045754956786985256
5917,0.00020335536349771224
3691,7.62582613116421e-05
2806,0.00010167768174885612
4085,0.0001525165226232842
7659,0.0009150991357397051
9737,0.003965429588205389
1270,0.005795627859684799
5539,0.0027961362480935434
5353,0.0003812913065582105
2564,0.01443823080833757
1221,0.008362989323843417
28205,0.0027198779867819013
2572,0.0021098118962887646
9390,7.62582613116421e-05
1905,0.0019318759532282665
4756,0.000838840874428063
359,0.0030249110320284696
13137,0.002999491611591256
22049,0.0007371631926792069
32412,0.00010167768174885612
7571,0.000788002033553635
3323,0.020132180986273514
7547,0.00010167768174885612
23831,0.0037112353838332484
5265,0.002618200305033045
30291,0.0002541942043721403
2302,0.002389425521098119
16690,0.000762582613116421
10547,0.010294865277071684
215,0.002135231316725979
5845,0.0038129130655821047
10924,0.008235892221657347
13153,0.0007117437722419929
3399,0.0003050330452465684
1999,0.0014234875444839859
3755,0.0004829689883070666
12337,0.00012709710218607016
14333,0.0006354855109303507
31894,0.0003304524656837824
7279,0.004219623792577529
1624,0.002465683782409761
9344,0.00017793594306049823
7626,0.00017793594306049823
6743,0.002999491611591256
4099,0.000788002033553635
17010,0.0003050330452465684
1107,0.014717844433146924
14693,0.0037366548042704626
15219,0.0037874936451448905
17325,2.541942043721403e-05
5848,0.0003304524656837824
1333,0.0007371631926792069
17147,0.00027961362480935433
31561,0.010752414844941535
28913,0.00020335536349771224
5956,5.083884087442806e-05
17813,0.004931367564819522
22113,0.0011947127605490594
1918,0.0049059481443823084
5466,0.00035587188612099647
34239,5.083884087442806e-05
2621,0.00157600406710727
13283,0.007600406710726995
2267,0.006481952211489578
2168,0.001601423487544484
988,0.00027961362480935433
2099,0.0022369089984748346
32684,0.00035587188612099647
10342,0.0003304524656837824
8553,0.00020335536349771224
33934,0.001677681748856126
6919,0.01626842907981698
3417,0.003965429588205389
31128,0.0059481443823080835
19973,0.0004829689883070666
3131,0.0002541942043721403
3166,0.024453482460599897
6096,0.00017793594306049823
5337,0.013141840366039654
18669,0.0002541942043721403
3007,0.0037620742247076767
769,0.00813421453990849
21677,0.024555160142348754
6970,0.00017793594306049823
2256,0.0006100660904931368
833,0.008286731062531773
31530,0.00045754956786985256
10528,0.0009405185561769192
14889,0.00327910523640061
21167,0.026182003050330454
1361,0.10658362989323844
10262,0.0004829689883070666
19367,0.03284189120488053
30895,0.017615658362989325
28915,0.00017793594306049823
2601,0.00035587188612099647
23697,0.004041687849517031
20971,0.010040671072699542
2303,0.00170310116929334
18845,2.541942043721403e-05
31223,0.015988815455007625
3201,0.00027961362480935433
11859,0.01532791052364006
559,0.006354855109303508
2698,0.0008642602948652771
1217,0.0071174377224199285
22361,0.00017793594306049823
9403,5.083884087442806e-05
1048,0.013091001525165227
4475,0.0017793594306049821
3905,0.0003812913065582105
4537,0.00045754956786985256
2464,0.0009405185561769192
6148,0.004245043213014743
6682,0.14860193187595322
1295,0.003075749872902898
23583,0.00020335536349771224
14373,0.014895780376207422
9166,0.00012709710218607016
3132,0.0006609049313675648
4418,0.0007117437722419929
17020,0.003050330452465684
3202,0.0020589730554143367
1753,0.0010930350788002034
2647,0.00010167768174885612
5088,0.00022877478393492628
909,0.009684799186578545
1158,0.0020843924758515505
8450,0.00012709710218607016
31630,0.011565836298932384
1851,0.00020335536349771224
1193,0.003177427554651754
1884,0.0015505846466700559
3285,0.0011692933401118454
9824,0.0004067107269954245
2293,0.004041687849517031
3932,0.0001525165226232842
2046,0.00017793594306049823
3356,0.001525165226232842
5386,0.0023131672597864767
4617,0.0009659379766141333
33038,0.0
2550,0.0021606507371631925
5056,0.0035332994407727505
21703,0.0017285205897305542
14935,0.0012709710218607015
24935,0.0028469750889679717
10013,0.0005592272496187087
6251,0.0012455516014234875
1662,0.0012455516014234875
30246,0.0004067107269954245
19953,0.005744789018810371
27405,7.62582613116421e-05
1734,0.010726995424504322
4667,0.0028469750889679717
4070,0.001525165226232842
13169,0.005516014234875445
69,0.004524656837824098
31967,5.083884087442806e-05
7816,0.0003050330452465684
8145,0.00010167768174885612
21575,0.001626842907981698
1849,0.00035587188612099647
5600,0.00020335536349771224
1428,0.0018556176919166242
3676,0.00022877478393492628
4113,0.0007117437722419929
6277,0.00017793594306049823
6130,0.0005083884087442806
3619,0.0003812913065582105
2085,0.00017793594306049823
2052,0.0002541942043721403
4459,0.0
3065,0.00022877478393492628
30679,0.0008642602948652771
24763,0.0010676156583629894
2153,0.004117946110828673
8745,0.00010167768174885612
15119,0.03251143873919675
28603,0.0008642602948652771
16415,0.000788002033553635
1903,0.0013218098627351296
8026,0.005439755973563803
6397,0.00022877478393492628
2631,0.00035587188612099647
12361,0.00045754956786985256
1460,0.003177427554651754
20965,0.0018810371123538384
3011,0.012252160650737164
1346,0.005261820030503304
15607,0.0001525165226232842
32023,0.01746314184036604
8547,0.00027961362480935433
9121,0.0020589730554143367
825,0.012938485002541942
3061,0.000788002033553635
15093,0.0008642602948652771
1262,0.008820538891713268
3482,0.0005846466700559227
3880,7.62582613116421e-05
3884,0.0005846466700559227
8743,0.0012963904422979157
7079,0.05610066090493137
20907,0.002567361464158617
31168,0.0010930350788002034
23309,0.06240467717336045
5223,0.00045754956786985256
8373,0.002135231316725979
1443,0.0027707168276563296
32993,0.0013218098627351296
1671,0.0004829689883070666
27629,0.002338586680223691
3977,0.0017793594306049821
30166,0.00017793594306049823
184,0.014844941535332994
3704,0.00017793594306049823
8194,0.00020335536349771224
31883,0.0
32670,0.0
31683,0.008362989323843417
7667,0.0002541942043721403
1314,0.0005338078291814947
3101,0.0019827147941026946
5292,0.00017793594306049823
5900,0.00012709710218607016
17785,0.00017793594306049823
1883,0.0012709710218607015
9014,0.020793085917641077
887,0.005744789018810371
9990,0.00022877478393492628
864,0.0099644128113879
10802,0.00010167768174885612
30842,0.00020335536349771224
2233,0.0005083884087442806
1867,0.0005338078291814947
10219,0.013675648195221149
3913,0.0009405185561769192
6303,0.0002541942043721403
610,0.016624300965937977
3474,0.00157600406710727
6674,0.0003050330452465684
17777,0.06545500762582614
1444,0.0038891713268937467
16099,0.038103711235383836
3472,0.0010930350788002034
51,0.05981189628876461
10306,0.00045754956786985256
4521,5.083884087442806e-05
2008,0.00035587188612099647
4044,0.00035587188612099647
6075,0.00022877478393492628
6107,0.0004829689883070666
29998,0.0018556176919166242
9163,0.00017793594306049823
722,0.004321301474326385
8278,0.0036349771225216063
5829,0.00012709710218607016
2127,0.0007371631926792069
13955,0.0007371631926792069
21495,0.0020335536349771225
7718,0.0007117437722419929
28673,5.083884087442806e-05
661,0.0019064565327910523
6413,0.0002541942043721403
7551,0.00010167768174885612
13639,0.00340620233858668
910,0.014006100660904932
12689,0.0006354855109303507
10028,0.0014743263853584138
3660,0.0003812913065582105
2133,0.0017793594306049821
362,0.0027961362480935434
363,0.0020589730554143367
470,0.013802745297407219
10180,0.0015505846466700559
28853,0.0005083884087442806
2466,0.00043213014743263855
31914,0.025241484494153532
4941,7.62582613116421e-05
11773,0.002338586680223691
17068,0.0005338078291814947
28085,0.0003050330452465684
3234,0.003253685815963396
6462,0.00043213014743263855
13863,0.01860701576004067
1701,0.002465683782409761
159,0.011616675139806812
458,0.005643111337061515
33689,0.0001525165226232842
14875,0.007041179461108287
10666,0.0019318759532282665
1865,0.0039908490086426026
133,0.12145399084900864
647,0.0020843924758515505
1057,0.004245043213014743
15847,0.0039908490086426026
24873,0.04140823589222166
5132,0.0022369089984748346
952,0.0029486527707168276
1880,0.0017285205897305542
7171,0.0010167768174885613
28385,0.0007371631926792069
2100,0.0015505846466700559
33205,0.0012963904422979157
8079,0.00017793594306049823
6331,0.00043213014743263855
4853,0.0008642602948652771
32881,0.0
4578,0.0004829689883070666
26443,0.03675648195221149
6731,0.00017793594306049823
2018,0.0020843924758515505
6861,0.0006609049313675648
6693,0.00020335536349771224
31319,0.00010167768174885612
12967,0.09552618200305033
4025,0.000838840874428063
4563,0.0005083884087442806
2822,0.0003050330452465684
18881,0.00315200813421454
295,0.004473817996949669
29722,0.0001525165226232842
8146,0.0001525165226232842
2697,5.083884087442806e-05
4737,0.0001525165226232842
258,0.011692933401118455
10905,0.0020335536349771225
5013,0.00017793594306049823
3858,0.001677681748856126
31804,0.018225724453482462
8302,0.02704626334519573
2307,0.0021860701576004067
7598,0.013218098627351297
3571,0.001677681748856126
3881,0.0005592272496187087
2571,0.007574987290289781
614,0.004524656837824098
34252,2.541942043721403e-05
13563,0.0009913573970513473
13969,0.0013472292831723436
31750,0.00010167768174885612
11445,0.000838840874428063
3361,0.00022877478393492628
9526,2.541942043721403e-05
2024,5.083884087442806e-05
33056,0.0003050330452465684
9591,0.006888662938485003
8548,0.0002541942043721403
33499,2.541942043721403e-05
1868,0.005338078291814947
9389,7.62582613116421e-05
33024,0.0012963904422979157
4385,0.0009405185561769192
4386,0.0005846466700559227
5168,0.004168784951703101
3838,0.0002541942043721403
7017,0.051118454499237416
3278,7.62582613116421e-05
2260,0.0009913573970513473
4023,0.000788002033553635
31156,0.003838332486019319
9691,7.62582613116421e-05
9792,7.62582613116421e-05
4049,0.0003050330452465684
349,0.0025165226232841892
31845,0.018149466192170817
19257,0.011082867310625319
8960,0.0001525165226232842
5006,0.0004829689883070666
9106,0.00012709710218607016
9015,0.00017793594306049823
25257,0.0007117437722419929
3819,0.00012709710218607016
31540,0.013955261820030504
31867,0.0037620742247076767
21119,0.0003050330452465684
33668,0.0
3507,0.0030249110320284696
18637,0.00017793594306049823
8449,0.05147432638535841
8961,0.002541942043721403
6127,0.06403152008134215
6234,0.008718861209964414
10405,0.0028978139298423996
12683,0.0009150991357397051
5396,7.62582613116421e-05
17681,0.013777325876970005
3914,0.004829689883070666
14077,0.002694458566344687
14237,0.017691916624300967
33314,0.0
23985,0.001626842907981698
3015,0.004931367564819522
1679,0.011947127605490595
3022,0.0003050330452465684
4513,0.0011438739196746315
30145,7.62582613116421e-05
4928,0.00017793594306049823
2422,0.0006100660904931368
3315,0.00010167768174885612
32202,0.00027961362480935433
3276,7.62582613116421e-05
2162,0.003965429588205389
555,0.010167768174885612
1280,0.006710726995424504
32041,7.62582613116421e-05
8896,0.00017793594306049823
28963,0.00012709710218607016
18639,0.0011947127605490594
33192,0.0001525165226232842
6979,0.01840366039654296
1713,0.0005338078291814947
2027,0.001677681748856126
8985,0.008464667005592272
21861,0.000762582613116421
5112,0.08688357905439756
6287,0.028266395526182004
10526,0.0006609049313675648
5375,0.0004067107269954245
3671,0.0003304524656837824
2474,0.0012709710218607015
16740,0.000838840874428063
22443,0.00012709710218607016
28911,0.00017793594306049823
28883,0.016675139806812404
360,0.00315200813421454
3839,0.00022877478393492628
7729,0.00020335536349771224
21077,0.0011947127605490594
2075,7.62582613116421e-05
2526,0.0016522623284189121
19575,0.004194204372140315
6227,0.0011692933401118454
1503,0.0005083884087442806
1580,0.0005338078291814947
749,0.000788002033553635
13681,0.00045754956786985256
19731,0.00010167768174885612
3768,0.00017793594306049823
980,0.001601423487544484
11049,7.62582613116421e-05
1500,0.006914082358922217
10594,7.62582613116421e-05
33247,0.0003050330452465684
9566,0.0009405185561769192
30751,0.0001525165226232842
4420,0.00043213014743263855
4591,0.0010676156583629894
1583,0.007727503812913066
26189,0.0002541942043721403
15085,0.1130401626842908
7779,0.00010167768174885612
7752,7.62582613116421e-05
34173,2.541942043721403e-05
14277,0.011514997458057957
22733,0.0010930350788002034
6062,0.0003304524656837824
32785,0.0
8157,2.541942043721403e-05
3906,0.0009913573970513473
2281,0.007981698017285205
9748,7.62582613116421e-05
7505,0.0
1591,0.00864260294865277
10755,0.00020335536349771224
3475,0.0020843924758515505
15881,0.016929334011184544
31927,0.0014234875444839859
25365,0.0023131672597864767
8840,0.004117946110828673
23433,0.007981698017285205
25883,0.0021860701576004067
2679,0.0003050330452465684
4533,0.00043213014743263855
9100,0.0007117437722419929
8249,0.0017793594306049821
12123,0.005668530757498729
6094,0.000838840874428063
13859,0.02722419928825623
17167,5.083884087442806e-05
2789,0.007295373665480427
2156,0.024428063040162686
301,0.003050330452465684
13807,0.06039654295882054
29165,0.0009659379766141333
32264,0.00020335536349771224
1337,0.0005846466700559227
1344,0.0017285205897305542
24675,7.62582613116421e-05
16912,0.00012709710218607016
6271,5.083884087442806e-05
581,0.008286731062531773
2523,0.0062023385866802234
10132,0.00035587188612099647
7170,0.0005083884087442806
23341,0.011184544992374174
15717,0.0006100660904931368
19351,0.0012201321809862736
9731,0.016471784443314694
1547,0.00010167768174885612
29511,0.005134722928317234
3004,0.0030249110320284696
1508,0.003253685815963396
5693,7.62582613116421e-05
13175,0.003075749872902898
6437,0.0020843924758515505
3724,0.00020335536349771224
8214,0.0003304524656837824
3512,0.0017539400101677682
927,0.004270462633451958
2700,0.0005083884087442806
30385,0.01853075749872903
30445,0.0005592272496187087
21595,0.0005338078291814947
28593,0.0021606507371631925
454,0.021860701576004067
791,0.001677681748856126
12581,0.03088459583121505
9165,0.00012709710218607016
4509,0.0004829689883070666
9935,0.0006609049313675648
4014,0.00020335536349771224
2760,0.0012963904422979157
4443,0.004067107269954245
10524,0.00027961362480935433
4298,0.00022877478393492628
8149,7.62582613116421e-05
8533,0.0003812913065582105
3175,0.0003812913065582105
32503,0.00012709710218607016
16149,0.007625826131164209
17791,0.0022369089984748346
23897,7.62582613116421e-05
28179,0.003838332486019319
32233,2.541942043721403e-05
4614,0.0001525165226232842
9290,0.0007371631926792069
7108,0.004016268429079817
835,0.005007625826131164
2714,0.00045754956786985256
8042,0.0006863243518047789
8011,0.00017793594306049823
5344,0.00017793594306049823
2103,0.0011692933401118454
6276,0.0019064565327910523
11699,0.0018047788510421963
25833,0.00020335536349771224
33964,0.00630401626842908
14007,0.00027961362480935433
5098,0.00022877478393492628
1380,0.010371123538383325
2885,0.00045754956786985256
20187,0.004677173360447382
5652,0.0009659379766141333
13215,0.002135231316725979
2739,0.0001525165226232842
3834,0.00022877478393492628
10832,0.002465683782409761
28713,0.0066090493136756485
2609,0.0005846466700559227
1777,0.002567361464158617
2155,0.010116929334011185
19401,0.00017793594306049823
10562,0.0001525165226232842
499,0.008591764107778342
1832,0.002414844941535333
9254,0.0005338078291814947
337,0.009023894255210982
18413,0.007447890188103711
32308,0.0
9424,0.00017793594306049823
22231,0.0002541942043721403
13843,0.0009659379766141333
15313,0.007244534824605999
2840,0.0011692933401118454
8812,0.00017793594306049823
24531,0.006786985256736147
20365,0.00971021860701576
10194,0.0002541942043721403
25839,0.014972038637519065
6872,0.000788002033553635
6628,0.002999491611591256
8491,0.0035841382816471784
21997,0.0001525165226232842
9880,0.0001525165226232842
8584,0.00022877478393492628
3215,0.0019064565327910523
2423,0.0008896797153024911
1977,0.0018810371123538384
7230,0.0012455516014234875
848,0.002541942043721403
577,0.004575495678698526
3214,0.00017793594306049823
14247,0.0005083884087442806
2059,0.0006100660904931368
15565,0.03889171326893747
31923,0.00020335536349771224
9523,0.0025927808845958313
5585,0.0003050330452465684
4024,0.0006609049313675648
2406,0.0
19573,0.002923233350279614
10349,0.0001525165226232842
30585,0.009252669039145907
4451,0.0009150991357397051
17959,0.0001525165226232842
5475,0.00027961362480935433
12867,0.0009405185561769192
2566,0.00017793594306049823
6822,0.0001525165226232842
3290,0.00020335536349771224
8240,0.0001525165226232842
547,0.0028469750889679717
1630,0.0029740721911540417
9595,0.0004829689883070666
27619,0.0012709710218607015
10901,0.0001525165226232842
2309,0.002414844941535333
2023,0.0014234875444839859
6920,0.012913065582104729
693,0.005998983223182512
6645,0.036527707168276566
17205,0.0068632435180477885
8550,0.0003050330452465684
14073,0.011692933401118455
6557,0.00045754956786985256
8178,0.0004067107269954245
5862,0.00022877478393492628
20929,0.00045754956786985256
33498,2.541942043721403e-05
8150,2.541942043721403e-05
7596,0.019267920691408237
1850,0.00027961362480935433
30155,0.00012709710218607016
12579,0.0026436197254702592
31762,0.0005083884087442806
8141,0.00017793594306049823
6994,0.00035587188612099647
3448,0.002414844941535333
10465,0.02224199288256228
1162,0.0020843924758515505
1071,0.0019827147941026946
21479,0.00043213014743263855
24713,0.006405693950177936
8848,5.083884087442806e-05
9587,0.05719369598373157
11595,0.0003050330452465684
22215,0.0003050330452465684
30912,0.0007117437722419929
4213,0.0015505846466700559
7759,0.002211489578037621
2770,0.0011947127605490594
4948,0.00045754956786985256
5369,0.007702084392475852
1582,0.0018301982714794102
25169,0.0001525165226232842
31668,0.0002541942043721403
30178,0.00027961362480935433
33023,0.0
2516,0.002541942043721403
12411,0.004550076258261312
1959,0.0004067107269954245
16233,0.0007371631926792069
16574,0.0011692933401118454
1994,0.010599898322318252
33326,5.083884087442806e-05
6688,0.00017793594306049823
3120,0.0011947127605490594
1494,0.006456532791052364
3518,0.0013472292831723436
11769,0.01596339603457041
16646,0.0012963904422979157
7405,0.00027961362480935433
2738,7.62582613116421e-05
511,0.0027961362480935434
23367,0.0006863243518047789
7376,7.62582613116421e-05
12433,0.0027198779867819013
30652,0.0
15177,0.0014489069649211998
22435,0.0009659379766141333
16397,0.046949669547534316
31113,0.0006863243518047789
818,0.00876970005083884
1100,0.0008896797153024911
21507,0.06484494153533299
4599,0.00045754956786985256
3115,0.0006354855109303507
5308,0.0009405185561769192
6425,0.014794102694458567
6987,0.07056431113370615
2537,0.0004829689883070666
7334,0.009608540925266904
17295,0.00027961362480935433
6496,0.0010421962379257752
9972,0.00012709710218607016
23333,0.04811896288764616
7252,0.0002541942043721403
2196,0.001525165226232842
9598,0.018327402135231315
17897,0.0005846466700559227
7723,0.001626842907981698
7169,0.00043213014743263855
9172,0.00012709710218607016
1856,0.0058210472801220135
3723,0.00043213014743263855
5725,0.0014234875444839859
29301,0.0028978139298423996
33795,0.0
18449,0.0009150991357397051
28381,7.62582613116421e-05
4719,0.045348246059989834
3877,0.00020335536349771224
445,0.012074224707676665
17969,0.0001525165226232842
4033,0.006227758007117438
176,0.005185561769191663
30865,0.00020335536349771224
7818,0.00010167768174885612
16576,0.0008642602948652771
19029,0.005439755973563803
12131,0.0023131672597864767
24699,0.0071174377224199285
6077,0.00010167768174885612
231,0.0034570411794611084
9164,0.00012709710218607016
25965,5.083884087442806e-05
31049,0.0
4095,0.0020081342145399084
2285,0.004117946110828673
6215,0.0017793594306049821
12485,0.00022877478393492628
1552,0.0001525165226232842
6992,0.0010930350788002034
32065,0.00022877478393492628
31091,0.01802236908998475
23989,0.006151499745805796
6695,0.00022877478393492628
1628,0.003329944077275038
3898,0.0013218098627351296
7740,0.008922216573462125
2244,0.00022877478393492628
2068,0.000762582613116421
7705,0.020589730554143367
3989,0.0003812913065582105
309,0.002262328418912049
7610,0.0005083884087442806
6095,0.00017793594306049823
1542,0.0035332994407727505
1828,0.001677681748856126
2019,0.0009150991357397051
3808,5.083884087442806e-05
8152,5.083884087442806e-05
13993,0.0008642602948652771
21809,0.019496695475343162
3155,0.00010167768174885612
11505,0.0006609049313675648
1899,0.0011947127605490594
1188,0.0013472292831723436
25641,0.0003050330452465684
3936,0.0005592272496187087
6523,2.541942043721403e-05
4566,0.0017285205897305542
29035,0.0028723945094051855
839,0.0013726487036095577
30390,0.00020335536349771224
11561,0.0003304524656837824
6899,0.0004067107269954245
6900,0.00017793594306049823
2102,0.0017285205897305542
773,0.0013726487036095577
13967,0.0004067107269954245
7691,0.0009150991357397051
4584,0.0014489069649211998
346,0.01115912557193696
7463,0.008159633960345703
11537,0.00022877478393492628
10330,0.006354855109303508
9991,7.62582613116421e-05
8132,0.0005846466700559227
15979,0.002364006100660905
1157,0.027885104219623792
3151,0.0003304524656837824
141,0.007981698017285205
8196,7.62582613116421e-05
1561,0.005897305541433655
24417,0.00012709710218607016
1984,0.002389425521098119
7247,0.00012709710218607016
9782,0.0075241484494153535
11873,0.00012709710218607016
1938,0.0005083884087442806
32039,0.0027198779867819013
10263,0.002135231316725979
1862,0.022953736654804272
13675,0.0027198779867819013
17879,0.009379766141331977
24527,0.00017793594306049823
7939,0.0001525165226232842
13143,0.0010167768174885613
4419,0.0011438739196746315
3962,0.010167768174885612
32932,0.0
5629,0.00022877478393492628
841,0.014260294865277072
10177,0.0014489069649211998
904,0.07915607524148449
25495,0.00020335536349771224
3294,7.62582613116421e-05
33808,7.62582613116421e-05
3020,0.0001525165226232842
11005,0.024300965937976614
1427,0.0030249110320284696
5723,0.0006609049313675648
1139,0.0003304524656837824
16335,0.007142857142857143
838,0.011565836298932384
2083,0.0011692933401118454
14519,0.00012709710218607016
439,0.005973563802745298
14583,0.0035841382816471784
5314,0.00020335536349771224
10201,0.0019064565327910523
3599,0.0005592272496187087
11791,0.00010167768174885612
17963,0.00012709710218607016
9002,0.005846466700559228
2301,0.0012709710218607015
29123,0.00035587188612099647
5474,0.0001525165226232842
14231,0.00043213014743263855
1202,0.015505846466700559
18767,0.0382308083375699
23365,0.00022877478393492628
2981,0.006380274529740722
18755,0.0013472292831723436
7491,0.00027961362480935433
33045,0.0
4003,0.0006100660904931368
23409,0.00012709710218607016
1324,0.00643111337061515
498,0.0020081342145399084
14095,0.0003304524656837824
2049,0.0010167768174885613
17815,0.0020843924758515505
4129,0.00012709710218607016
12449,0.01456532791052364
29765,5.083884087442806e-05
7415,0.000813421453990849
10481,0.00022877478393492628
2332,0.008871377732587697
7468,0.00788002033553635
11547,0.0010421962379257752
10525,0.0003304524656837824
32309,0.0036349771225216063
686,0.002135231316725979
9794,0.0004067107269954245
648,0.005363497712252161
4484,0.00017793594306049823
20053,0.02874936451448907
5133,0.0003304524656837824
6074,5.083884087442806e-05
2689,0.0003050330452465684
21523,0.00022877478393492628
2823,0.001499745805795628
5289,0.0006100660904931368
12877,0.0013218098627351296
2830,0.0003304524656837824
1283,0.0036095577020843926
7290,0.0003050330452465684
2287,0.0023131672597864767
1056,0.004829689883070666
10477,0.009659379766141332
4713,0.014209456024402644
3406,0.0009659379766141333
5876,0.00020335536349771224
9951,0.00027961362480935433
2092,0.00020335536349771224
1909,0.0029740721911540417
13789,0.0003304524656837824
8792,0.010777834265378749
32927,5.083884087442806e-05
5584,0.0003050330452465684
7876,0.00027961362480935433
20555,0.02508896797153025
854,0.015810879511947127
33902,0.0011692933401118454
2388,7.62582613116421e-05
31221,0.004422979156075242
5462,0.006964921199796644
28251,0.00010167768174885612
31551,0.00017793594306049823
14949,0.0009913573970513473
7739,0.04349262836807321
8216,0.00022877478393492628
1224,0.007676664972038638
5421,0.0007371631926792069
2414,0.0013218098627351296
22547,0.052135231316725976
7597,0.004448398576512456
11705,0.007956278596847992
5689,0.00017793594306049823
426,0.012684290798169802
7867,0.00010167768174885612
24127,0.0007371631926792069
2545,0.0010930350788002034
32548,0.0001525165226232842
5287,0.00043213014743263855
6875,0.016624300965937977
3889,0.002999491611591256
6932,0.0011438739196746315
4461,0.0017285205897305542
8919,0.00020335536349771224
8431,0.00022877478393492628
4187,0.0010421962379257752
24835,0.002618200305033045
571,0.001499745805795628
2567,0.0013726487036095577
30686,0.000813421453990849
6385,0.008693441789527198
13855,0.003863751906456533
5080,0.009761057447890189
3509,0.0010421962379257752
10301,0.003050330452465684
17165,0.00010167768174885612
9768,0.00010167768174885612
7510,0.0003304524656837824
8964,0.00022877478393492628
11099,0.00668530757498729
13495,0.0005083884087442806
12121,0.0014743263853584138
2690,0.00045754956786985256
6616,0.0013980681240467717
2015,0.0017539400101677682
1026,0.0020589730554143367
31994,0.0075241484494153535
1484,0.00472801220132181
204,0.026563294356888662
7770,0.0022369089984748346
4444,0.001601423487544484
12589,0.00012709710218607016
9846,0.001601423487544484
767,0.00523640061006609
2827,0.0037874936451448905
3506,0.004321301474326385
3840,0.008820538891713268
11471,0.00010167768174885612
6680,0.0006100660904931368
15883,0.012557193695983732
2066,0.0003050330452465684
7427,0.000788002033553635
2473,0.00157600406710727
31065,0.0006354855109303507
6965,0.00010167768174885612
30922,0.0004067107269954245
5783,0.00022877478393492628
9423,0.0003050330452465684
6327,0.0017285205897305542
32959,0.0006863243518047789
10581,0.003355363497712252
1093,7.62582613116421e-05
8464,0.00017793594306049823
7549,0.004067107269954245
756,0.02724961870869344
31669,0.0001525165226232842
30916,0.00012709710218607016
18003,0.0003812913065582105
2179,0.0017539400101677682
748,0.0031011692933401117
31736,0.001601423487544484
6918,0.015277071682765634
28433,0.00022877478393492628
30100,0.0035332994407727505
3135,0.0010167768174885613
25567,0.01021860701576004
9282,0.0003050330452465684
22055,0.0003304524656837824
1200,0.000762582613116421
28791,0.030350788002033554
32083,0.020716827656329435
3845,0.0002541942043721403
9043,0.00010167768174885612
1885,0.0005592272496187087
2226,0.0003304524656837824
8842,5.083884087442806e-05
31676,0.0003812913065582105
14663,0.010574478901881037
3642,0.0037112353838332484
31133,0.00045754956786985256
17379,0.0005083884087442806
10199,0.00010167768174885612
13965,0.0003812913065582105
4616,0.0005083884087442806
1228,0.002389425521098119
21999,0.0001525165226232842
17727,0.0006100660904931368
1156,0.006914082358922217
10354,0.0005338078291814947
23735,0.00327910523640061
1955,0.0018556176919166242
3595,0.0006609049313675648
2461,0.0019318759532282665
30168,0.0013218098627351296
2851,0.0011692933401118454
8312,0.0011184544992374173
13927,0.0009150991357397051
6889,0.00010167768174885612
8928,0.00012709710218607016
25967,5.083884087442806e-05
5469,0.000813421453990849
6484,0.00020335536349771224
2693,0.000762582613116421
3813,0.00022877478393492628
2322,0.0017793594306049821
1234,0.003050330452465684
9944,5.083884087442806e-05
6071,5.083884087442806e-05
766,0.008337569903406202
556,0.00510930350788002
669,0.011209964412811389
2791,0.0008896797153024911
14049,0.006278596847991866
11693,0.00010167768174885612
3336,0.0020081342145399084
2304,0.0013472292831723436
1975,0.00020335536349771224
17237,7.62582613116421e-05
12065,0.0056939501779359435
28447,0.007676664972038638
12367,0.023284189120488054
7416,0.0001525165226232842
2314,5.083884087442806e-05
16363,0.002541942043721403
22831,0.003228266395526182
16211,0.005897305541433655
23037,0.010371123538383325
1468,0.0050330452465683784
1055,0.014082358922216574
2723,0.000813421453990849
19235,0.0001525165226232842
19165,0.0025165226232841892
2833,0.0004067107269954245
3434,0.000838840874428063
9911,0.016573462125063547
932,0.007168276563294357
588,0.012226741230299949
12965,0.0001525165226232842
1926,0.0023131672597864767
23753,0.0002541942043721403
8180,0.00020335536349771224
7532,0.00012709710218607016
7294,0.00012709710218607016
1874,0.0063294356888662934
25543,0.0006609049313675648
3183,0.00035587188612099647
1175,0.000788002033553635
1940,0.003126588713777326
3600,0.0006609049313675648
1099,0.001525165226232842
31402,2.541942043721403e-05
2421,0.0005083884087442806
32816,0.0001525165226232842
13983,0.0005592272496187087
11919,0.00010167768174885612
5628,7.62582613116421e-05
2051,0.0008642602948652771
3675,0.0002541942043721403
5673,0.0003050330452465684
19959,0.00010167768174885612
2824,0.0006354855109303507
12447,0.004677173360447382
33522,0.0006100660904931368
16508,0.002541942043721403
15993,0.000762582613116421
31454,0.00020335536349771224
29975,0.001525165226232842
3178,0.0002541942043721403
17887,0.0005846466700559227
10751,0.00020335536349771224
1990,0.0010421962379257752
9098,0.0002541942043721403
21587,0.0059481443823080835
10688,0.0005846466700559227
22031,0.00027961362480935433
10869,0.0003050330452465684
21441,0.0021098118962887646
1452,0.0011438739196746315
1979,0.002923233350279614
31581,0.00010167768174885612
14359,0.0008642602948652771
16738,0.0019827147941026946
20355,0.0011438739196746315
30137,0.011514997458057957
7621,0.00020335536349771224
15043,0.00327910523640061
2892,0.000762582613116421
28093,0.0006100660904931368
7363,0.0017793594306049821
3259,0.00043213014743263855
19769,0.0876715810879512
21013,0.0010167768174885613
545,0.0015505846466700559
31111,7.62582613116421e-05
12393,7.62582613116421e-05
8446,0.00022877478393492628
34048,5.083884087442806e-05
7004,0.0012201321809862736
989,0.00022877478393492628
3818,0.0013726487036095577
27677,0.00020335536349771224
3762,0.0002541942043721403
5923,0.00010167768174885612
20587,7.62582613116421e-05
25431,0.0010676156583629894
310,0.0013980681240467717
29876,0.002440264361972547
5052,0.0003050330452465684
19431,0.0020335536349771225
18953,0.0014234875444839859
25429,0.04285714285714286
10908,0.0001525165226232842
31044,0.0
22847,0.003202846975088968
8316,0.0001525165226232842
12141,0.00020335536349771224
4689,0.0018556176919166242
28811,0.0003304524656837824
624,0.01456532791052364
5085,0.004931367564819522
12677,0.012531774275546517
2781,0.0009913573970513473
2476,0.3156329435688866
6268,7.62582613116421e-05
10718,0.0003812913065582105
25635,0.0012709710218607015
30648,5.083884087442806e-05
17209,0.00010167768174885612
14367,0.00017793594306049823
3787,0.0014489069649211998
5515,0.00012709710218607016
1349,0.004931367564819522
32171,0.004245043213014743
32353,0.0
7164,0.0002541942043721403
1106,0.005363497712252161
5178,0.03340111845449924
23179,0.0020335536349771225
31137,0.0005083884087442806
32248,0.0
33281,0.00022877478393492628
32805,0.0
10796,0.003126588713777326
2291,0.0025165226232841892
28925,0.00012709710218607016
32826,0.00017793594306049823
5503,0.00022877478393492628
20855,0.0012709710218607015
4534,0.00022877478393492628
4907,0.00020335536349771224
10766,0.002541942043721403
9445,7.62582613116421e-05
515,0.0034570411794611084
4126,0.0002541942043721403
8409,0.00010167768174885612
1838,0.02226741230299949
21649,0.002389425521098119
3176,0.00010167768174885612
9575,0.00012709710218607016
17787,0.00043213014743263855
30851,7.62582613116421e-05
2095,0.00035587188612099647
33734,7.62582613116421e-05
3759,0.051626842907981696
2245,0.0013472292831723436
23151,0.004397559735638028
32343,0.00010167768174885612
4685,0.0019318759532282665
29801,0.0005592272496187087
10261,7.62582613116421e-05
4615,0.0003050330452465684
2536,0.0016522623284189121
25077,0.00043213014743263855
3764,0.00017793594306049823
2754,0.0011438739196746315
2575,0.00045754956786985256
3525,0.0034570411794611084
32747,2.541942043721403e-05
22099,0.000788002033553635
2483,0.0021098118962887646
3576,0.0029740721911540417
29517,0.0006609049313675648
1097,0.005973563802745298
17719,7.62582613116421e-05
18729,0.00027961362480935433
18365,0.00012709710218607016
1155,0.0008642602948652771
22381,0.0003812913065582105
10736,0.00043213014743263855
28715,0.0002541942043721403
3398,0.0006100660904931368
25889,7.62582613116421e-05
546,0.008490086426029487
6076,0.00043213014743263855
8939,0.004016268429079817
29974,0.018124046771733605
32745,2.541942043721403e-05
24817,0.00012709710218607016
15577,0.00017793594306049823
19581,0.000838840874428063
1084,0.008973055414336554
12755,0.0010930350788002034
25113,0.0007117437722419929
8130,7.62582613116421e-05
2468,0.0012963904422979157
16345,0.00010167768174885612
18039,0.01682765632943569
25441,0.00045754956786985256
15505,0.0012963904422979157
1786,0.0009405185561769192
32563,5.083884087442806e-05
17871,0.00170310116929334
1267,0.001499745805795628
2163,0.016065073716319267
5157,0.000788002033553635
7156,0.00035587188612099647
10501,0.004448398576512456
29823,0.00017793594306049823
23483,0.0005083884087442806
8490,0.005516014234875445
10691,0.003914590747330961
19871,0.0001525165226232842
33709,0.00022877478393492628
2775,0.008185053380782919
4917,0.00022877478393492628
881,0.0425775292323335
1284,0.000788002033553635
9978,0.00010167768174885612
2305,0.0014489069649211998
23099,0.0021606507371631925
23621,0.00010167768174885612
1167,0.004245043213014743
5027,0.0018047788510421963
18205,0.0005592272496187087
9829,0.00010167768174885612
23825,0.00012709710218607016
12665,0.011184544992374174
3080,0.007549567869852568
8921,0.0007117437722419929
3060,0.001601423487544484
33392,0.0
319,0.00655821047280122
27997,0.0001525165226232842
32600,0.00010167768174885612
3726,0.0005338078291814947
1036,0.004245043213014743
1150,0.0023131672597864767
3258,0.0019827147941026946
17351,0.0038891713268937467
33201,0.00655821047280122
216,0.0027961362480935434
6704,0.012328418912048805
4471,0.0009405185561769192
8337,0.0036603965429588205
7668,0.003838332486019319
29758,0.032816471784443316
24109,0.00010167768174885612
7174,0.0010930350788002034
19447,0.0006354855109303507
28815,0.0001525165226232842
1269,0.006278596847991866
6985,0.003228266395526182
7420,5.083884087442806e-05
14537,0.00017793594306049823
31827,0.00022877478393492628
8855,0.0002541942043721403
31977,5.083884087442806e-05
32349,7.62582613116421e-05
4091,0.002364006100660905
31865,0.00170310116929334
4460,0.005744789018810371
328,0.005007625826131164
9385,0.00022877478393492628
8668,0.007829181494661922
31072,0.00017793594306049823
21067,0.016319267920691407
25049,0.0
3849,0.0012455516014234875
28227,0.0013472292831723436
6718,0.0004067107269954245
27789,0.00035587188612099647
12145,0.00017793594306049823
10799,0.0036603965429588205
8551,0.00027961362480935433
3104,0.00012709710218607016
12569,0.00010167768174885612
9940,0.0010167768174885613
2079,0.0004067107269954245
25999,0.00035587188612099647
3630,0.00017793594306049823
30886,5.083884087442806e-05
23423,0.0028469750889679717
33164,0.0008896797153024911
4097,7.62582613116421e-05
31890,0.0029740721911540417
12135,0.0006100660904931368
2906,0.00027961362480935433
1037,0.005338078291814947
6641,0.002211489578037621
6809,0.002465683782409761
4264,0.0015505846466700559
5920,0.00017793594306049823
19397,0.0006863243518047789
8181,0.00027961362480935433
6443,0.011057447890188104
294,0.0069903406202338585
19521,0.0012455516014234875
8252,0.0003050330452465684
9646,0.0003812913065582105
31064,0.0006609049313675648
22497,5.083884087442806e-05
12971,7.62582613116421e-05
1947,0.00045754956786985256
6993,0.0006354855109303507
1740,0.00017793594306049823
321,0.012455516014234875
28247,0.00010167768174885612
6311,0.0003812913065582105
9239,0.00010167768174885612
5293,0.00027961362480935433
12881,0.00022877478393492628
23903,0.00017793594306049823
8707,0.00012709710218607016
32338,0.0001525165226232842
5931,0.00010167768174885612
15423,0.00045754956786985256
3205,0.0006354855109303507
3669,0.000788002033553635
3461,0.000762582613116421
9264,0.0003304524656837824
11543,0.00170310116929334
2465,0.00027961362480935433
32748,2.541942043721403e-05
13195,0.0002541942043721403
1769,0.003050330452465684
22735,0.0007371631926792069
3095,0.0012709710218607015
24179,0.00012709710218607016
5640,0.00020335536349771224
13691,0.001626842907981698
5263,0.000813421453990849
12851,0.00012709710218607016
25875,0.0026690391459074734
32382,0.00027961362480935433
2183,0.00315200813421454
29291,0.00010167768174885612
6419,0.0001525165226232842
7953,0.0011184544992374173
27417,0.01034570411794611
858,0.00170310116929334
31109,0.0076512455516014235
29778,0.00010167768174885612
31035,0.00010167768174885612
1991,0.003482460599898322
8667,0.00022877478393492628
7461,5.083884087442806e-05
8443,0.00020335536349771224
14045,0.01626842907981698
1912,0.004753431621759024
10679,0.0030249110320284696
28991,0.00012709710218607016
8724,0.00010167768174885612
31362,5.083884087442806e-05
31846,0.00035587188612099647
1711,0.0011184544992374173
6798,0.0005338078291814947
1226,0.004778851042196238
7257,0.0003050330452465684
1148,0.002414844941535333
19133,0.0035078800203355363
15743,0.0001525165226232842
33798,0.00170310116929334
7771,7.62582613116421e-05
9274,0.0003304524656837824
4158,0.0018810371123538384
5785,0.0018556176919166242
18109,0.0001525165226232842
3157,0.0031011692933401117
8213,0.00017793594306049823
3805,0.003228266395526182
3264,0.0003050330452465684
275,0.021555668530757497
361,0.0035841382816471784
32898,7.62582613116421e-05
20961,0.0010421962379257752
1098,0.007727503812913066
1378,0.004626334519572953
1227,0.0009405185561769192
8176,2.541942043721403e-05
30909,5.083884087442806e-05
366,0.020894763599389934
1351,0.004422979156075242
1268,0.0021098118962887646
33548,0.00010167768174885612
2607,0.0017285205897305542
2292,0.0012455516014234875
12157,0.0021860701576004067
5918,0.0018810371123538384
2065,0.0007117437722419929
18557,0.00012709710218607016
11043,0.00027961362480935433
307,0.0005083884087442806
1908,0.006176919166243009
9878,2.541942043721403e-05
31631,0.0
3480,0.00035587188612099647
13673,0.0036603965429588205
32961,0.0016522623284189121
15769,0.0010930350788002034
33775,2.541942043721403e-05
23679,0.0005592272496187087
17965,0.00012709710218607016
9528,0.0004067107269954245
6800,0.0010676156583629894
2882,0.0009405185561769192
15749,5.083884087442806e-05
33236,5.083884087442806e-05
31018,0.0005592272496187087
11795,0.000762582613116421
24855,0.009659379766141332
22835,0.032257244534824606
10217,0.0031011692933401117
5472,0.0003812913065582105
2527,0.0018047788510421963
31793,0.00788002033553635
4688,0.0008896797153024911
4130,0.014234875444839857
32772,0.0
1245,0.004778851042196238
32521,5.083884087442806e-05
31790,0.013268937468225725
56,0.012201321809862735
1665,0.0008896797153024911
4522,0.00035587188612099647
18599,0.002999491611591256
3763,0.0002541942043721403
17397,0.018174885612608032
2382,0.00020335536349771224
1623,0.002364006100660905
4210,0.0005083884087442806
16317,0.011820030503304525
3267,0.00010167768174885612
28959,0.00012709710218607016
5415,0.00043213014743263855
32695,5.083884087442806e-05
9087,0.0002541942043721403
29323,7.62582613116421e-05
1643,0.0010676156583629894
1625,0.002338586680223691
16506,0.00010167768174885612
3685,0.0027961362480935434
32750,2.541942043721403e-05
6189,0.0011184544992374173
17127,0.0009150991357397051
32139,0.00012709710218607016
9732,0.0009659379766141333
824,0.0062023385866802234
22983,0.00022877478393492628
30133,0.00012709710218607016
9045,0.0005592272496187087
17141,0.00022877478393492628
16636,0.008108795119471277
7915,0.00020335536349771224
1644,0.0008642602948652771
14347,0.008108795119471277
8706,0.0001525165226232842
5090,0.0003050330452465684
10701,0.00010167768174885612
15133,0.02452974072191154
31318,0.03063040162684291
7139,0.00022877478393492628
8333,0.0005083884087442806
24275,0.00010167768174885612
31738,0.00027961362480935433
21641,0.0003050330452465684
8241,0.01700559227249619
11763,0.014844941535332994
12133,0.0004829689883070666
3498,0.0007371631926792069
2616,0.0025165226232841892
9393,0.0027961362480935434
10545,0.0038891713268937467
20913,0.0015505846466700559
982,0.01248093543467209
9409,0.0001525165226232842
30289,5.083884087442806e-05
17733,7.62582613116421e-05
1928,0.002262328418912049
4012,0.008159633960345703
24975,0.00010167768174885612
5501,0.0020589730554143367
1220,0.009659379766141332
2072,0.000788002033553635
510,0.0022369089984748346
28419,7.62582613116421e-05
18643,7.62582613116421e-05
8936,0.000788002033553635
28665,0.0
19727,0.0014743263853584138
1939,0.0010167768174885613
33508,0.00012709710218607016
3820,0.0016522623284189121
30813,0.00027961362480935433
15795,0.00022877478393492628
18419,0.0021098118962887646
7518,0.0011438739196746315
29943,0.0001525165226232842
26079,0.00010167768174885612
19519,0.00043213014743263855
33911,0.0001525165226232842
7466,0.0006354855109303507
9205,0.004499237417386883
11715,0.005922724961870869
12237,0.0019827147941026946
3235,0.00020335536349771224
10519,0.01644636502287748
1440,0.002287747839349263
8963,0.00020335536349771224
1790,0.0019572953736654805
4660,0.0003050330452465684
21081,0.00010167768174885612
1223,0.009684799186578545
30053,5.083884087442806e-05
30746,0.005566853075749873
22295,0.0011438739196746315
9627,0.00017793594306049823
33244,0.0
29770,7.62582613116421e-05
2910,0.00170310116929334
34367,0.00012709710218607016
6355,0.0009150991357397051
6792,0.000762582613116421
1154,0.0006100660904931368
676,0.0010167768174885613
6412,0.00020335536349771224
16405,0.012226741230299949
23551,0.005795627859684799
6721,0.0019318759532282665
17693,0.00045754956786985256
19187,0.000762582613116421
33905,0.00012709710218607016
668,0.00932892730045755
32256,2.541942043721403e-05
13233,0.0003050330452465684
2091,0.0002541942043721403
9167,0.0028469750889679717
20557,0.0018810371123538384
23781,0.003126588713777326
33985,0.0
7122,0.00022877478393492628
5889,0.0005083884087442806
28537,0.00498220640569395
1115,0.001601423487544484
2600,0.0001525165226232842
1620,0.0011184544992374173
5907,0.00035587188612099647
5260,0.00010167768174885612
1767,0.001601423487544484
30499,0.0012455516014234875
8722,0.00043213014743263855
9608,0.009684799186578545
4923,0.00027961362480935433
23213,0.0022369089984748346
5875,0.0011692933401118454
2346,0.00655821047280122
5842,0.0010421962379257752
3990,0.0009405185561769192
16023,0.0033807829181494663
12101,0.0014489069649211998
23229,0.00020335536349771224
29834,0.00010167768174885612
16381,0.0019318759532282665
1866,0.0010930350788002034
27613,0.002541942043721403
32571,0.0
22137,0.0005592272496187087
5620,0.0005083884087442806
33105,0.0001525165226232842
16648,0.0009913573970513473
29707,0.00022877478393492628
27757,0.00010167768174885612
5167,0.0005592272496187087
3152,0.00012709710218607016
2782,0.005210981189628877
32954,0.0020589730554143367
832,0.0005083884087442806
3390,0.0017793594306049821
20463,0.00017793594306049823
23837,0.0013980681240467717
3573,0.0001525165226232842
17891,7.62582613116421e-05
31777,7.62582613116421e-05
32879,0.0013980681240467717
4823,0.0011947127605490594
9279,0.0001525165226232842
32947,0.008820538891713268
3025,0.00035587188612099647
3968,0.0005846466700559227
1685,0.016878495170310117
13255,0.0006609049313675648
7561,0.0017539400101677682
2080,0.00017793594306049823
2261,0.0017539400101677682
16255,7.62582613116421e-05
9708,0.0014234875444839859
24995,5.083884087442806e-05
31143,0.01273512963904423
32735,0.0004067107269954245
786,0.0027198779867819013
23895,0.00022877478393492628
8664,0.00012709710218607016
3863,0.000788002033553635
3192,0.0005338078291814947
30358,0.0007117437722419929
8631,0.0
16319,0.002618200305033045
1664,0.0012709710218607015
6787,0.005973563802745298
11717,0.0009150991357397051
4452,0.0003050330452465684
13299,0.00012709710218607016
2574,0.0011692933401118454
8972,0.0006863243518047789
4318,0.0006354855109303507
1989,0.002364006100660905
2727,0.001499745805795628
16798,0.00010167768174885612
1176,0.0006100660904931368
1973,0.0011438739196746315
29772,0.00012709710218607016
11735,0.0007371631926792069
983,0.0027198779867819013
3499,0.0006354855109303507
1927,0.0009913573970513473
32755,2.541942043721403e-05
28439,0.0007117437722419929
30080,5.083884087442806e-05
27503,0.005465175394001017
2525,0.002338586680223691
8619,0.006761565836298933
16183,0.00017793594306049823
26085,0.01751398068124047
2731,0.00012709710218607016
7985,0.00010167768174885612
31972,2.541942043721403e-05
5270,0.0026690391459074734
33746,0.0
30382,0.003253685815963396
7786,0.00035587188612099647
20705,7.62582613116421e-05
24637,0.00022877478393492628
2365,0.0007371631926792069
4540,0.0028723945094051855
2308,0.0006354855109303507
7807,0.00017793594306049823
16377,7.62582613116421e-05
574,0.0021098118962887646
33366,0.00012709710218607016
12399,0.00010167768174885612
32454,0.0030249110320284696
10904,0.00027961362480935433
9365,0.00022877478393492628
32853,2.541942043721403e-05
31710,0.02857142857142857
8526,0.0017793594306049821
19185,0.0009913573970513473
1775,0.0013980681240467717
2599,0.0001525165226232842
15391,0.01128622267412303
13373,0.002287747839349263
31830,7.62582613116421e-05
29757,0.00010167768174885612
19237,0.0001525165226232842
5492,0.0003050330452465684
1712,0.00045754956786985256
1743,0.0023131672597864767
9667,0.000762582613116421
5662,0.0006100660904931368
9521,0.0002541942043721403
7248,0.0028723945094051855
1076,0.0009405185561769192
1692,0.00932892730045755
3843,0.0004067107269954245
1586,0.002999491611591256
4908,0.0017539400101677682
30199,2.541942043721403e-05
8920,0.00020335536349771224
12723,0.0003304524656837824
8231,0.006837824097610574
12907,0.003177427554651754
21773,0.006024402643619725
5372,0.0004829689883070666
30091,0.026766649720386376
33771,0.0
1992,0.0009913573970513473
9502,0.0009913573970513473
23259,0.006939501779359431
31769,5.083884087442806e-05
2278,0.0011947127605490594
6907,0.00012709710218607016
20667,0.0004067107269954245
3328,0.045297407219115404
23595,5.083884087442806e-05
21009,0.0029486527707168276
28631,0.00010167768174885612
6607,0.0028978139298423996
21775,0.0003812913065582105
3430,0.006100660904931368
29585,7.62582613116421e-05
17267,0.0035332994407727505
1933,0.0008896797153024911
10958,0.005897305541433655
31300,0.00035587188612099647
1271,0.003050330452465684
21421,0.007193695983731571
15937,5.083884087442806e-05
9826,0.00012709710218607016
4103,0.0005846466700559227
3736,0.0008896797153024911
23029,0.00010167768174885612
3821,0.0014234875444839859
2522,0.0010930350788002034
2311,0.0004067107269954245
31073,0.00017793594306049823
1766,0.0009913573970513473
10813,0.0003050330452465684
16169,0.014489069649211999
4967,0.0001525165226232842
30967,7.62582613116421e-05
31157,0.0
31467,5.083884087442806e-05
2876,0.00020335536349771224
17387,7.62582613116421e-05
5878,0.00012709710218607016
4104,0.0003304524656837824
4929,0.00022877478393492628
33213,5.083884087442806e-05
6513,0.0003812913065582105
15127,0.0008642602948652771
10373,0.0003812913065582105
4718,0.0051601423487544484
281,0.018683274021352312
11087,0.0001525165226232842
13041,0.0001525165226232842
3625,0.0025165226232841892
13407,0.00017793594306049823
8554,0.00012709710218607016
13249,0.0005083884087442806
33549,0.00010167768174885612
21427,0.0019064565327910523
1936,0.0005592272496187087
3496,0.0001525165226232842
31549,0.0006863243518047789
21771,0.008668022369089985
16247,0.0001525165226232842
32564,0.00012709710218607016
30920,0.00017793594306049823
5232,0.00027961362480935433
10375,0.0001525165226232842
4147,0.0018810371123538384
21821,0.01154041687849517
9053,0.0003304524656837824
13309,0.0020589730554143367
33274,0.00017793594306049823
13427,0.002211489578037621
611,0.0006609049313675648
16251,0.0003304524656837824
6038,0.0011184544992374173
1183,0.0022369089984748346
1442,0.004295882053889171
16936,0.0027961362480935434
695,0.0059481443823080835
9629,0.000762582613116421
17513,0.08645144890696492
11511,0.0005592272496187087
25943,0.0011692933401118454
8659,0.00027961362480935433
1831,0.0011692933401118454
31310,7.62582613116421e-05
6266,0.00045754956786985256
31377,0.00012709710218607016
1058,0.0008896797153024911
2078,0.0011438739196746315
21715,5.083884087442806e-05
625,0.0018556176919166242
619,0.002618200305033045
2767,0.0011184544992374173
6947,0.0007117437722419929
1411,0.0017539400101677682
5330,0.0003050330452465684
2056,0.0010167768174885613
33912,0.00012709710218607016
21267,0.008032536858159633
13693,0.0002541942043721403
17293,0.0005338078291814947
22293,0.00010167768174885612
32438,0.051601423487544484
10520,0.0009405185561769192
10735,0.0005846466700559227
2094,0.0005592272496187087
19469,0.0010167768174885613
32595,0.01596339603457041
9561,0.0006609049313675648
31966,2.541942043721403e-05
6835,0.00043213014743263855
1342,0.004168784951703101
5053,0.0009913573970513473
7453,0.0031011692933401117
8669,0.00020335536349771224
2837,0.0004829689883070666
19233,0.00027961362480935433
4458,0.0026690391459074734
8628,0.0007117437722419929
3684,0.0020843924758515505
32608,0.004931367564819522
32618,2.541942043721403e-05
33187,0.00020335536349771224
31252,0.0001525165226232842
4058,0.0005846466700559227
21055,0.0001525165226232842
8697,0.00027961362480935433
9741,0.013929842399593289
816,0.007600406710726995
2529,0.000788002033553635
25873,0.000762582613116421
991,0.004067107269954245
5926,0.0003304524656837824
8898,0.0003050330452465684
5647,0.00027961362480935433
10463,0.00043213014743263855
30463,7.62582613116421e-05
20713,0.00010167768174885612
2081,0.0004829689883070666
29825,2.541942043721403e-05
11661,0.0009150991357397051
13141,0.0036349771225216063
7314,0.00027961362480935433
19945,0.001626842907981698
30234,7.62582613116421e-05
8643,0.00017793594306049823
5648,0.00012709710218607016
3127,0.0010676156583629894
5237,0.00043213014743263855
10313,0.0002541942043721403
4042,0.0009659379766141333
33011,0.0005338078291814947
10391,0.005490594814438231
6667,0.0010930350788002034
6184,0.0005592272496187087
11269,7.62582613116421e-05
8660,5.083884087442806e-05
32191,0.0005083884087442806
3473,0.000838840874428063
25891,7.62582613116421e-05
11789,0.00020335536349771224
4709,0.0001525165226232842
31908,2.541942043721403e-05
29822,0.00012709710218607016
13089,0.00012709710218607016
4939,0.0012455516014234875
9361,0.0009150991357397051
8162,0.00035587188612099647
3886,0.002567361464158617
30425,2.541942043721403e-05
7155,0.0003304524656837824
5624,0.0027961362480935434
1811,0.0017539400101677682
19137,0.000838840874428063
32761,2.541942043721403e-05
27793,0.0007117437722419929
6305,0.001626842907981698
6684,0.0003812913065582105
32699,0.00010167768174885612
22943,0.00017793594306049823
2069,0.0004067107269954245
25639,0.00012709710218607016
21591,0.00027961362480935433
31880,0.00017793594306049823
1776,0.000813421453990849
9324,0.0005083884087442806
1611,0.0021860701576004067
17707,0.0001525165226232842
28077,0.0012709710218607015
1759,0.0018810371123538384
32875,0.00010167768174885612
8704,0.0004067107269954245
1622,0.008032536858159633
17811,0.0019827147941026946
24011,0.014133197763091002
21089,0.00020335536349771224
23375,0.00010167768174885612
3640,0.0007117437722419929
23835,0.000813421453990849
24199,0.00017793594306049823
354,0.006710726995424504
28775,0.0003304524656837824
28813,0.00012709710218607016
17245,0.00010167768174885612
15893,0.0003304524656837824
13259,0.0025165226232841892
2780,0.001601423487544484
7524,0.00017793594306049823
33910,7.62582613116421e-05
30576,7.62582613116421e-05
28401,7.62582613116421e-05
6390,0.0003304524656837824
32781,2.541942043721403e-05
10407,0.0001525165226232842
12603,0.00020335536349771224
3929,0.000788002033553635
1745,0.00017793594306049823
1244,0.000813421453990849
2053,0.0010167768174885613
4150,0.000813421453990849
10417,0.03240976105744789
31618,7.62582613116421e-05
5051,0.001525165226232842
22469,7.62582613116421e-05
3743,0.0010676156583629894
2785,0.0002541942043721403
1027,0.001677681748856126
1338,0.0025927808845958313
12501,0.005922724961870869
31904,0.036400610066090494
10780,0.0003304524656837824
6777,0.0006354855109303507
24123,0.0003812913065582105
21663,0.0002541942043721403
20869,0.00012709710218607016
25271,0.0009913573970513473
3070,0.0009659379766141333
24437,0.00017793594306049823
11447,0.00035587188612099647
2453,0.0009405185561769192
13083,0.00012709710218607016
1160,0.002135231316725979
34013,0.0
20329,0.003177427554651754
19925,0.00045754956786985256
6978,0.0006100660904931368
22225,0.010269445856634469
16371,0.00017793594306049823
11659,5.083884087442806e-05
7862,0.0006100660904931368
2384,0.00157600406710727
32737,0.0
8220,0.00012709710218607016
25991,0.0005846466700559227
2058,0.0004829689883070666
9650,0.00027961362480935433
8626,0.0010167768174885613
24321,0.00012709710218607016
3661,0.00043213014743263855
2524,0.0037874936451448905
5799,0.0003304524656837824
4398,0.0020589730554143367
19337,0.00010167768174885612
8297,0.004270462633451958
1656,5.083884087442806e-05
5193,0.00017793594306049823
23917,5.083884087442806e-05
2779,0.0017793594306049821
1343,0.0037874936451448905
9861,0.0006100660904931368
1667,0.0003050330452465684
2220,0.005210981189628877
503,0.0033807829181494663
25975,5.083884087442806e-05
33544,7.62582613116421e-05
13375,0.0021860701576004067
1708,0.0005338078291814947
22093,0.00012709710218607016
33449,2.541942043721403e-05
1937,0.0008642602948652771
24201,0.0001525165226232842
19287,0.0011184544992374173
3511,0.0005083884087442806
15653,0.0001525165226232842
1052,0.0006100660904931368
18231,0.0018556176919166242
26015,0.00010167768174885612
1105,0.00485510930350788
25293,7.62582613116421e-05
10258,0.004448398576512456
434,0.004143365531265887
7721,0.00010167768174885612
11799,0.0005083884087442806
20857,0.0007117437722419929
24197,0.00012709710218607016
29515,0.0003050330452465684
30766,5.083884087442806e-05
6061,0.0003304524656837824
1820,0.0009913573970513473
13857,0.0001525165226232842
9662,0.00010167768174885612
4927,0.00010167768174885612
30862,5.083884087442806e-05
7374,7.62582613116421e-05
305,0.00157600406710727
2839,0.0004829689883070666
22411,0.00010167768174885612
2622,0.0020843924758515505
6797,0.0003050330452465684
30534,2.541942043721403e-05
22955,0.0010421962379257752
10347,0.0003304524656837824
964,0.004295882053889171
18133,0.00043213014743263855
5631,0.0005338078291814947
11189,0.000788002033553635
30826,0.000762582613116421
15535,0.004804270462633452
5447,0.00022877478393492628
33462,0.0
1741,0.0012455516014234875
29353,2.541942043721403e-05
10360,5.083884087442806e-05
33170,0.0003304524656837824
33909,7.62582613116421e-05
17697,2.541942043721403e-05
30324,0.0004067107269954245
31498,0.008235892221657347
30394,2.541942043721403e-05
10355,0.0002541942043721403
1640,0.02099644128113879
1216,0.00864260294865277
7504,0.00043213014743263855
25439,0.0011184544992374173
10838,0.007193695983731571
7450,0.00017793594306049823
2528,0.0008642602948652771
32950,0.0011184544992374173
12993,0.00017793594306049823
13479,0.0011438739196746315
4098,0.00035587188612099647
13971,0.0010676156583629894
31519,0.007193695983731571
8701,0.0006863243518047789
3429,0.005617691916624301
2258,0.0002541942043721403
10801,0.0062023385866802234
2482,0.000762582613116421
1613,0.003355363497712252
31165,0.0003812913065582105
22467,0.00010167768174885612
2391,0.004829689883070666
2538,0.0005592272496187087
2249,0.0033045246568378242
29141,2.541942043721403e-05
10105,0.0001525165226232842
22205,7.62582613116421e-05
18603,2.541942043721403e-05
9170,0.0037366548042704626
22841,7.62582613116421e-05
19239,0.00017793594306049823
6525,0.0006354855109303507
18831,0.0005083884087442806
31568,0.00010167768174885612
24181,0.00010167768174885612
23061,0.00010167768174885612
2719,0.0012709710218607015
20581,0.0001525165226232842
5632,0.000813421453990849
2455,0.000813421453990849
9392,7.62582613116421e-05
17849,0.007752923233350279
31807,0.0
10511,0.00045754956786985256
2364,0.002211489578037621
7511,7.62582613116421e-05
15021,0.0007371631926792069
32886,0.00027961362480935433
28041,0.0001525165226232842
3597,0.000813421453990849
1252,0.0029486527707168276
25973,5.083884087442806e-05
2082,0.00043213014743263855
32588,0.00012709710218607016
7296,0.0005592272496187087
21471,0.00035587188612099647
31747,0.00012709710218607016
24315,5.083884087442806e-05
24719,0.00012709710218607016
25591,0.00010167768174885612
33578,0.00010167768174885612
18375,0.00035587188612099647
23157,0.00010167768174885612
30489,0.00010167768174885612
32856,2.541942043721403e-05
24237,7.62582613116421e-05
24139,0.0002541942043721403
4827,0.002287747839349263
20951,0.0003304524656837824
32854,5.083884087442806e-05
6937,0.00027961362480935433
7244,0.0002541942043721403
19481,0.0001525165226232842
27949,0.00010167768174885612
8773,0.00017793594306049823
2790,0.0009659379766141333
13519,0.0001525165226232842
6491,0.0010167768174885613
33803,0.0
9910,0.00020335536349771224
2003,0.0007371631926792069
10979,0.0006354855109303507
29850,0.00010167768174885612
19217,0.0003050330452465684
17048,0.00012709710218607016
32749,7.62582613116421e-05
7451,0.00022877478393492628
9850,0.0002541942043721403
10104,0.0009150991357397051
8752,0.00012709710218607016
10941,0.0003812913065582105
30473,0.00012709710218607016
3517,0.00012709710218607016
1982,0.002923233350279614
31115,0.0008642602948652771
3817,0.00017793594306049823
8682,0.00027961362480935433
32084,0.00035587188612099647
7482,0.0001525165226232842
23079,0.0659379766141332
7255,0.00035587188612099647
31641,5.083884087442806e-05
22473,0.00010167768174885612
31624,7.62582613116421e-05
9967,0.00043213014743263855
5246,0.00027961362480935433
1627,0.0007117437722419929
13369,0.00012709710218607016
5549,0.0013980681240467717
28987,0.00010167768174885612
19755,0.00020335536349771224
16373,0.0001525165226232842
1772,0.0009150991357397051
33692,5.083884087442806e-05
8696,0.00012709710218607016
7258,0.0004829689883070666
19977,0.00027961362480935433
8731,0.00027961362480935433
2941,0.0013218098627351296
2521,0.0008896797153024911
11389,0.0002541942043721403
8782,0.0004067107269954245
32346,5.083884087442806e-05
19219,0.00020335536349771224
31107,0.0001525165226232842
29955,2.541942043721403e-05
7782,0.014158617183528215
2737,0.00022877478393492628
19207,0.0009913573970513473
8710,0.0007117437722419929
6183,0.0002541942043721403
28809,0.0001525165226232842
31494,0.00010167768174885612
17161,0.0001525165226232842
19279,0.00027961362480935433
3772,0.0036349771225216063
2591,0.002567361464158617
1515,0.001677681748856126
7423,0.00045754956786985256
12295,0.00020335536349771224
30251,0.0021098118962887646
15891,0.0012963904422979157
32934,0.0003304524656837824
21107,0.00017793594306049823
29609,0.00010167768174885612
3320,0.0005846466700559227
30428,7.62582613116421e-05
18425,0.0004067107269954245
2088,0.0001525165226232842
19171,0.00010167768174885612
5873,0.0006100660904931368
20547,0.0003050330452465684
12789,5.083884087442806e-05
33103,0.00012709710218607016
2147,0.003355363497712252
6131,0.0003304524656837824
2317,0.002923233350279614
17843,0.003075749872902898
8718,0.0001525165226232842
7528,0.0001525165226232842
23935,0.00045754956786985256
7497,0.00020335536349771224
13515,0.0002541942043721403
27687,0.00017793594306049823
3605,0.0004829689883070666
32764,2.541942043721403e-05
31439,0.008108795119471277
8774,7.62582613116421e-05
33245,0.0
15525,0.0001525165226232842
3026,0.0009659379766141333
20919,0.014031520081342145
6939,0.00045754956786985256
4252,0.0004829689883070666
32606,0.004931367564819522
12599,0.0009913573970513473
1725,0.0037620742247076767
24633,7.62582613116421e-05
28717,0.0003050330452465684
30840,7.62582613116421e-05
32697,0.002389425521098119
1341,0.004956786985256736
1340,0.001601423487544484
16656,0.0052872394509405184
1819,0.000838840874428063
28057,0.0001525165226232842
8772,0.00020335536349771224
6843,0.0002541942043721403
8717,0.00043213014743263855
3596,0.0003050330452465684
25393,0.0001525165226232842
30600,0.0019827147941026946
27437,7.62582613116421e-05
1059,0.0023131672597864767
10674,0.0003304524656837824
4391,0.0005846466700559227
29956,0.0
27927,0.005541433655312659
7475,0.0010421962379257752
32789,2.541942043721403e-05
29629,5.083884087442806e-05
7523,0.00012709710218607016
7569,0.0005083884087442806
8993,0.0003304524656837824
6318,0.0007117437722419929
13085,0.00010167768174885612
29946,2.541942043721403e-05
29771,5.083884087442806e-05
29673,0.00010167768174885612
18723,0.0003050330452465684
21215,0.00022877478393492628
30739,0.0011438739196746315
30341,0.0
2462,0.0035587188612099642
15533,0.00017793594306049823
31309,7.62582613116421e-05
12561,0.00020335536349771224
2983,0.0026690391459074734
1075,0.0009913573970513473
5826,0.0009659379766141333
7448,7.62582613116421e-05
21607,0.0003812913065582105
1285,0.007956278596847992
10954,0.0009659379766141333
28241,0.00010167768174885612
1596,0.0028215556685307576
1528,0.0009913573970513473
28305,0.00010167768174885612
9356,0.0003050330452465684
1705,0.00045754956786985256
2897,0.0020589730554143367
7060,0.0020335536349771225
32289,5.083884087442806e-05
34324,0.00043213014743263855
7530,0.00017793594306049823
28355,2.541942043721403e-05
2765,0.0006863243518047789
32344,2.541942043721403e-05
14743,0.0002541942043721403
8679,0.00017793594306049823
31102,0.0001525165226232842
25377,7.62582613116421e-05
4176,0.0005846466700559227
5304,0.0011692933401118454
2054,0.0004067107269954245
21875,0.00043213014743263855
19209,0.00010167768174885612
21717,7.62582613116421e-05
1949,0.003914590747330961
33693,0.0
14023,0.00020335536349771224
30075,5.083884087442806e-05
3463,0.0008896797153024911
12865,0.0011692933401118454
32811,2.541942043721403e-05
5869,0.00045754956786985256
16389,0.00010167768174885612
15389,0.00017793594306049823
30160,0.00010167768174885612
7449,0.0003304524656837824
17163,0.00012709710218607016
11729,0.0005338078291814947
25545,5.083884087442806e-05
31426,0.0003812913065582105
13087,0.00012709710218607016
5025,0.0020589730554143367
30105,7.62582613116421e-05
28639,0.00017793594306049823
31108,0.0005338078291814947
30162,5.083884087442806e-05
1751,0.00920183019827148
31512,2.541942043721403e-05
28653,5.083884087442806e-05
22471,0.00010167768174885612
8935,0.0007117437722419929
3882,0.001525165226232842
13439,0.0004829689883070666
7243,0.0006100660904931368
30336,2.541942043721403e-05
28531,0.0021606507371631925
18457,0.00012709710218607016
32767,5.083884087442806e-05
7488,0.0003050330452465684
30947,0.0006863243518047789
15045,0.006710726995424504
14479,0.005134722928317234
14563,0.0013726487036095577
29701,7.62582613116421e-05
15529,0.00010167768174885612
8719,0.0001525165226232842
6935,0.0007117437722419929
15545,0.00045754956786985256
13441,0.00027961362480935433
25461,0.00017793594306049823
537,0.01835282155566853
17353,0.00020335536349771224
9509,0.00022877478393492628
29347,0.00035587188612099647
32813,7.62582613116421e-05
32377,0.00010167768174885612
30782,0.021911540416878494
30433,2.541942043721403e-05
1455,0.005643111337061515
6827,0.0003050330452465684
12521,0.00027961362480935433
30850,0.00035587188612099647
33512,0.0001525165226232842
6856,0.0009405185561769192
28245,0.00010167768174885612
17395,0.004448398576512456
6090,0.0006100660904931368
1833,0.0006354855109303507
30948,0.008718861209964414
24443,7.62582613116421e-05
27785,0.00043213014743263855
6847,0.00020335536349771224
28045,0.0001525165226232842
2362,0.00035587188612099647
33113,0.001626842907981698
3695,0.0003304524656837824
29455,2.541942043721403e-05
2022,0.0006354855109303507
33572,0.0
6829,0.00017793594306049823
30327,2.541942043721403e-05
23759,7.62582613116421e-05
2796,0.0029486527707168276
30393,2.541942043721403e-05
31244,0.00010167768174885612
30076,5.083884087442806e-05
2219,0.002262328418912049
28953,0.00012709710218607016
29904,5.083884087442806e-05
21179,7.62582613116421e-05
31491,0.0010930350788002034
1053,0.0012455516014234875
10743,0.00017793594306049823
10639,0.00022877478393492628
31262,0.0
3516,0.00035587188612099647
11579,0.00022877478393492628
30430,7.62582613116421e-05
8681,0.00017793594306049823
1355,0.00027961362480935433
33493,0.00010167768174885612
3799,0.0004829689883070666
29173,5.083884087442806e-05
33026,0.0
30241,5.083884087442806e-05
30330,2.541942043721403e-05
3306,0.0011947127605490594
11679,0.002491103202846975
8680,0.00022877478393492628
32291,2.541942043721403e-05
7446,0.0002541942043721403
29633,5.083884087442806e-05
19125,0.00012709710218607016
9506,0.0018047788510421963
2262,0.005490594814438231
681,0.0013218098627351296
24861,7.62582613116421e-05
1031,0.0018810371123538384
1855,0.0010167768174885613
7843,0.00017793594306049823
20725,0.00010167768174885612
31834,0.00012709710218607016
1287,0.0013726487036095577
28687,5.083884087442806e-05
8958,0.00010167768174885612
2967,0.003253685815963396
4390,0.00043213014743263855
2181,0.0012201321809862736
32384,0.00012709710218607016
23401,0.00017793594306049823
6281,0.001525165226232842
10710,0.0013726487036095577
7445,0.00022877478393492628
24363,7.62582613116421e-05
23387,0.00045754956786985256
30073,5.083884087442806e-05
25549,0.00017793594306049823
30334,2.541942043721403e-05
29932,2.541942043721403e-05
2730,0.0036349771225216063
28827,5.083884087442806e-05
33871,5.083884087442806e-05
28049,0.00012709710218607016
675,0.0019318759532282665
28765,7.62582613116421e-05
1560,0.0016522623284189121
31695,7.62582613116421e-05
21833,0.00010167768174885612
6181,0.0005592272496187087
30405,2.541942043721403e-05
10003,0.0006609049313675648
22059,0.00017793594306049823
4395,0.0004067107269954245
31912,7.62582613116421e-05
28955,5.083884087442806e-05
18795,7.62582613116421e-05
33434,0.0
28051,0.0001525165226232842
23933,0.00045754956786985256
23053,0.00010167768174885612
13669,0.0011184544992374173
5874,0.0002541942043721403
994,0.0019318759532282665
22175,2.541942043721403e-05
32790,2.541942043721403e-05
28761,0.0010930350788002034
9689,0.00012709710218607016
29731,2.541942043721403e-05
725,0.002389425521098119
33545,0.0001525165226232842
24807,5.083884087442806e-05
30077,5.083884087442806e-05
5322,0.0007371631926792069
7273,0.0003050330452465684
5017,0.0013218098627351296
31507,7.62582613116421e-05
32803,2.541942043721403e-05
32247,2.541942043721403e-05
2310,0.0004067107269954245
3064,0.00027961362480935433
10584,0.0006609049313675648
28197,7.62582613116421e-05
32296,7.62582613116421e-05
15455,0.00020335536349771224
31257,2.541942043721403e-05
3513,0.00027961362480935433
4761,0.0002541942043721403
7494,0.00012709710218607016
5872,0.00035587188612099647
11411,0.0006100660904931368
6857,0.0004067107269954245
10406,0.002364006100660905
8064,0.0011692933401118454
8778,0.00010167768174885612
6848,0.00022877478393492628
9337,0.00020335536349771224
8952,0.001499745805795628
18841,0.0003050330452465684
14235,0.00020335536349771224
29107,2.541942043721403e-05
11867,0.0018047788510421963
6769,0.0011947127605490594
7021,0.0003050330452465684
5871,0.0003812913065582105
5880,0.0008896797153024911
30081,2.541942043721403e-05
29411,5.083884087442806e-05
6852,0.00043213014743263855
4389,0.0014234875444839859
17659,0.0008642602948652771
9221,0.00035587188612099647
4392,0.00035587188612099647
10859,0.0013980681240467717
3252,0.00043213014743263855
30404,2.541942043721403e-05
31760,0.00010167768174885612
6836,0.0003304524656837824
6846,0.00022877478393492628
1286,0.005261820030503304
2057,0.0013472292831723436
8729,0.00012709710218607016
17159,0.00017793594306049823
30074,5.083884087442806e-05
3960,0.0003812913065582105
765,0.001626842907981698
24843,7.62582613116421e-05
22427,7.62582613116421e-05
2232,0.00017793594306049823
28897,2.541942043721403e-05
23065,0.00010167768174885612
600,0.008820538891713268
29766,5.083884087442806e-05
8732,0.00010167768174885612
30431,5.083884087442806e-05
13513,0.0005083884087442806
5904,0.0007117437722419929
9491,0.0005083884087442806
13835,0.0051601423487544484
28587,2.541942043721403e-05
21891,0.00010167768174885612
752,0.00920183019827148
10763,0.00020335536349771224
18047,0.0001525165226232842
31513,7.62582613116421e-05
112,0.005388917132689374
5299,0.00022877478393492628
31831,0.00012709710218607016
28993,5.083884087442806e-05
1621,0.0012455516014234875
7259,0.0004829689883070666
7809,0.0007371631926792069
1626,0.0020335536349771225
30424,5.083884087442806e-05
32739,0.00035587188612099647
4250,0.0005083884087442806
8733,0.0001525165226232842
19811,0.0003050330452465684
29905,5.083884087442806e-05
28951,7.62582613116421e-05
8645,7.62582613116421e-05
4394,0.0004067107269954245
6832,0.0003812913065582105
6837,0.0003050330452465684
12919,0.00017793594306049823
4733,0.00012709710218607016
32765,7.62582613116421e-05
21335,0.0017285205897305542
29944,5.083884087442806e-05
31833,0.00010167768174885612
23023,0.0012201321809862736
5622,0.0005083884087442806
7485,0.00022877478393492628
25291,0.00010167768174885612
31014,0.00020335536349771224
8730,0.00017793594306049823
6842,0.00020335536349771224
5656,0.0027452974072191155
8957,7.62582613116421e-05
2974,0.0008896797153024911
20707,0.0006609049313675648
33975,0.0
31267,0.0
13715,0.00043213014743263855
7025,0.000788002033553635
10742,0.0001525165226232842
8968,0.00027961362480935433
13795,0.0002541942043721403
9777,0.0005846466700559227
7810,0.0002541942043721403
30399,2.541942043721403e-05
33541,0.0
12803,0.0003050330452465684
6841,0.00022877478393492628
4266,0.0003812913065582105
29865,0.00045754956786985256
5838,0.00043213014743263855
31759,0.00010167768174885612
18149,0.003355363497712252
25533,7.62582613116421e-05
5158,0.004804270462633452
14125,7.62582613116421e-05
30400,2.541942043721403e-05
32804,2.541942043721403e-05
8716,0.00022877478393492628
22165,2.541942043721403e-05
7512,0.00022877478393492628
10627,0.00017793594306049823
29902,2.541942043721403e-05
32293,5.083884087442806e-05
29933,0.00010167768174885612
22417,0.00010167768174885612
30401,2.541942043721403e-05
6346,0.0011947127605490594
30332,0.0
1529,0.0011184544992374173
21831,0.00017793594306049823
30427,2.541942043721403e-05
32295,2.541942043721403e-05
29597,5.083884087442806e-05
24847,0.00020335536349771224
7032,0.00035587188612099647
3112,0.0008896797153024911
30078,2.541942043721403e-05
17076,0.00020335536349771224
29768,2.541942043721403e-05
10436,0.00027961362480935433
5870,0.0003304524656837824
9744,0.007269954245043213
30335,5.083884087442806e-05
4966,0.0012201321809862736
1995,0.004270462633451958
8671,7.62582613116421e-05
5715,0.0010676156583629894
4393,0.0006609049313675648
5602,0.00027961362480935433
30659,0.00010167768174885612
33119,0.00027961362480935433
15527,0.00020335536349771224
29941,0.004880528723945094
3490,0.0008642602948652771
1451,0.0030249110320284696
20153,0.00012709710218607016
32400,7.62582613116421e-05
6850,0.0003050330452465684
29681,5.083884087442806e-05
33042,0.00017793594306049823
32779,2.541942043721403e-05
19297,0.0013472292831723436
30705,0.011947127605490595
8604,0.0003812913065582105
31761,0.00012709710218607016
31139,0.00340620233858668
6392,0.017666497203863752
29989,2.541942043721403e-05
28655,0.0001525165226232842
30104,2.541942043721403e-05
9976,0.00027961362480935433
28831,5.083884087442806e-05
22385,0.0001525165226232842
6431,0.00043213014743263855
19231,0.00017793594306049823
30666,2.541942043721403e-05
18463,0.00010167768174885612
29105,5.083884087442806e-05
7192,0.0004067107269954245
19213,0.0002541942043721403
22163,5.083884087442806e-05
1009,0.0019318759532282665
6831,0.0004067107269954245
8751,0.00027961362480935433
29906,5.083884087442806e-05
13541,0.00012709710218607016
33814,0.0
2146,0.0012709710218607015
705,0.00170310116929334
28641,0.00017793594306049823
7501,7.62582613116421e-05
20955,7.62582613116421e-05
1102,0.002440264361972547
30326,2.541942043721403e-05
8661,0.00017793594306049823
33690,0.0
7031,0.0006100660904931368
8647,0.00043213014743263855
22171,2.541942043721403e-05
32298,5.083884087442806e-05
6823,0.00035587188612099647
29871,5.083884087442806e-05
23063,0.0001525165226232842
30429,2.541942043721403e-05
29311,7.62582613116421e-05
7020,0.00012709710218607016
29907,5.083884087442806e-05
31584,2.541942043721403e-05
5020,0.01128622267412303
7882,0.0026690391459074734
30480,2.541942043721403e-05
1641,0.0009150991357397051
8646,0.0006863243518047789
28981,0.010142348754448399
6839,0.00027961362480935433
32288,0.00010167768174885612
30418,2.541942043721403e-05
31633,0.002491103202846975
4462,0.0009913573970513473
8663,0.0002541942043721403
31832,0.00012709710218607016
29293,5.083884087442806e-05
17151,0.00012709710218607016
6830,0.00027961362480935433
3113,0.0006863243518047789
22415,0.00020335536349771224
33276,0.00010167768174885612
6654,0.0006354855109303507
1765,0.0028215556685307576
13421,0.0001525165226232842
28339,0.00027961362480935433
2972,0.0006609049313675648
13359,0.00027961362480935433
7071,0.0003812913065582105
16692,0.0009405185561769192
7026,0.00045754956786985256
9318,0.00035587188612099647
5868,0.0005338078291814947
6000,0.00027961362480935433
29952,5.083884087442806e-05
5661,0.0004067107269954245
30664,2.541942043721403e-05
31578,0.0028215556685307576
28647,0.00017793594306049823
31501,7.62582613116421e-05
30331,2.541942043721403e-05
4934,0.0004829689883070666
13793,0.0004067107269954245
2778,0.0003304524656837824
8486,0.00022877478393492628
30337,5.083884087442806e-05
30667,2.541942043721403e-05
3930,0.000788002033553635
29908,5.083884087442806e-05
30339,2.541942043721403e-05
9342,0.00012709710218607016
10585,0.0002541942043721403
23051,0.00010167768174885612
11691,0.0013218098627351296
5812,0.0003812913065582105
788,0.023487544483985764
30367,0.0
7029,0.0004829689883070666
5811,0.0005083884087442806
29988,5.083884087442806e-05
28645,0.0001525165226232842
30328,2.541942043721403e-05
8925,0.0009405185561769192
31471,0.0
4397,0.00043213014743263855
32467,0.000788002033553635
30092,5.083884087442806e-05
6849,0.0004067107269954245
2475,0.001626842907981698
6840,0.00027961362480935433
29777,0.00012709710218607016
30814,2.541942043721403e-05
5813,0.0008896797153024911
23517,7.62582613116421e-05
30340,2.541942043721403e-05
9801,0.0003304524656837824
29971,5.083884087442806e-05
33282,0.0
13543,0.00017793594306049823
6535,0.0017285205897305542
32906,0.0017285205897305542
7897,0.013802745297407219
23059,0.00022877478393492628
22159,5.083884087442806e-05
30396,2.541942043721403e-05
7027,0.00043213014743263855
16802,0.0001525165226232842
11687,0.0016522623284189121
3832,0.00027961362480935433
1647,0.004041687849517031
3816,0.0006863243518047789
7030,0.0005083884087442806
22167,5.083884087442806e-05
23055,2.541942043721403e-05
30669,2.541942043721403e-05
7811,0.0005338078291814947
9056,0.0026436197254702592
6851,0.00020335536349771224
33220,7.62582613116421e-05
29615,0.00012709710218607016
1993,0.0007117437722419929
18561,0.00010167768174885612
4396,0.00043213014743263855
33021,0.0027198779867819013
10586,0.00043213014743263855
5814,0.0006863243518047789
9895,0.000762582613116421
30559,2.541942043721403e-05
33696,0.00017793594306049823
6844,0.0003050330452465684
29973,0.00012709710218607016
30329,2.541942043721403e-05
31685,0.0001525165226232842
1585,0.0007117437722419929
6834,0.00027961362480935433
2250,0.0012201321809862736
29980,0.00020335536349771224
1966,0.000838840874428063
28843,0.00022877478393492628
30668,5.083884087442806e-05
6838,0.00045754956786985256
29957,5.083884087442806e-05
2777,0.0003812913065582105
1812,0.0018810371123538384
6828,0.00022877478393492628
11869,0.0009150991357397051
20811,0.0009150991357397051
3533,0.0003812913065582105
23057,0.00043213014743263855
2318,0.0005338078291814947
3801,0.0011438739196746315
4567,0.000813421453990849
31687,0.0001525165226232842
23877,0.00043213014743263855
13311,0.00022877478393492628
29954,7.62582613116421e-05
22157,0.00012709710218607016
7024,0.0008642602948652771
30665,2.541942043721403e-05
30859,0.00010167768174885612
6833,0.0003304524656837824
31689,0.00010167768174885612
29619,0.00010167768174885612
4531,0.000838840874428063
31688,0.00010167768174885612
30438,0.00020335536349771224
29978,0.0003050330452465684
22177,2.541942043721403e-05
1657,0.003050330452465684
22181,5.083884087442806e-05
28637,0.00020335536349771224
2776,0.0005083884087442806
16436,0.005134722928317234
33394,0.0006863243518047789
28657,0.0004067107269954245
22377,0.002999491611591256
29979,7.62582613116421e-05
22173,0.00010167768174885612
16822,5.083884087442806e-05
31686,0.00020335536349771224
16606,0.0007117437722419929
6950,0.0009913573970513473
22255,0.0001525165226232842
19315,0.06804778851042197
29984,5.083884087442806e-05
30860,0.00017793594306049823
29995,0.00027961362480935433
7617,0.00022877478393492628
16602,0.0005083884087442806
8689,0.0006609049313675648
16604,0.0007117437722419929
11357,0.00017793594306049823
7022,0.00043213014743263855
11689,0.000788002033553635
11915,0.0007371631926792069
7028,0.0004067107269954245
28929,0.004117946110828673
16610,0.0012201321809862736
32294,0.00017793594306049823
31586,0.0002541942043721403
22161,0.00020335536349771224
7900,0.00017793594306049823
2792,0.0008642602948652771
11883,0.0007371631926792069
29617,5.083884087442806e-05
11897,0.000813421453990849
32894,0.00017793594306049823
22169,0.00027961362480935433
1345,0.001525165226232842
22179,0.00022877478393492628
5877,0.0003812913065582105
16608,0.005871886120996441
6953,0.0020589730554143367
31634,0.0003050330452465684
29949,0.0006354855109303507
413,0.02874936451448907
13405,0.0023131672597864767
3287,0.006024402643619725
25627,5.083884087442806e-05
33363,0.0
12763,2.541942043721403e-05
33978,2.541942043721403e-05
18305,5.083884087442806e-05
31874,2.541942043721403e-05
16696,7.62582613116421e-05
6073,2.541942043721403e-05
10139,0.00010167768174885612
24783,2.541942043721403e-05
27589,2.541942043721403e-05
23149,5.083884087442806e-05
29835,0.0
16812,5.083884087442806e-05
16564,2.541942043721403e-05
30214,0.0
9433,0.00012709710218607016
29750,2.541942043721403e-05
17501,5.083884087442806e-05
33500,0.0
11541,7.62582613116421e-05
26137,2.541942043721403e-05
26135,2.541942043721403e-05
17088,7.62582613116421e-05
17086,2.541942043721403e-05
17090,0.00010167768174885612
16570,7.62582613116421e-05
24989,2.541942043721403e-05
30732,0.0
32956,0.0
22571,0.00010167768174885612
22611,0.00010167768174885612
22621,7.62582613116421e-05
22575,0.00010167768174885612
22603,0.00010167768174885612
22607,0.00012709710218607016
23861,2.541942043721403e-05
24645,0.00010167768174885612
32150,0.0
31485,5.083884087442806e-05
32806,2.541942043721403e-05
32421,0.0
14183,5.083884087442806e-05
25717,5.083884087442806e-05
27557,5.083884087442806e-05
28585,0.0
11275,7.62582613116421e-05
24857,2.541942043721403e-05
24999,2.541942043721403e-05
18635,0.0001525165226232842
30926,0.0
30446,5.083884087442806e-05
29836,0.0
29889,0.0
29842,0.0
29843,0.0
23779,2.541942043721403e-05
19773,5.083884087442806e-05
8226,0.00012709710218607016
8227,2.541942043721403e-05
6078,2.541942043721403e-05
30929,0.0
10112,2.541942043721403e-05
31941,0.0
18819,2.541942043721403e-05
31164,0.0
24647,5.083884087442806e-05
33655,0.0
32253,0.0
32778,2.541942043721403e-05
24865,2.541942043721403e-05
19923,0.00010167768174885612
25971,0.00012709710218607016
22959,2.541942043721403e-05
17671,2.541942043721403e-05
30914,0.0
20237,2.541942043721403e-05
33108,0.0
24859,2.541942043721403e-05
8723,5.083884087442806e-05
25063,2.541942043721403e-05
6520,0.0001525165226232842
8239,0.00010167768174885612
30617,0.0
8436,5.083884087442806e-05
31563,0.0
18821,2.541942043721403e-05
19557,7.62582613116421e-05
26285,5.083884087442806e-05
17117,5.083884087442806e-05
24869,2.541942043721403e-05
29999,0.0
33704,0.0
33821,0.0
3844,0.00010167768174885612
22851,2.541942043721403e-05
34249,0.0
25089,5.083884087442806e-05
29791,2.541942043721403e-05
33232,7.62582613116421e-05
7633,5.083884087442806e-05
21761,2.541942043721403e-05
21763,2.541942043721403e-05
21765,5.083884087442806e-05
33342,2.541942043721403e-05
22271,2.541942043721403e-05
24809,2.541942043721403e-05
16261,7.62582613116421e-05
33044,0.0
6630,5.083884087442806e-05
32255,0.0
13947,5.083884087442806e-05
23031,2.541942043721403e-05
31693,0.0
21553,2.541942043721403e-05
28091,2.541942043721403e-05
9796,5.083884087442806e-05
23523,2.541942043721403e-05
30152,0.0
31730,2.541942043721403e-05
20975,2.541942043721403e-05
7715,5.083884087442806e-05
24785,2.541942043721403e-05
12951,5.083884087442806e-05
28567,0.0
22247,2.541942043721403e-05
29708,0.0
30519,0.0
30156,2.541942043721403e-05
31965,0.0
25963,5.083884087442806e-05
26013,5.083884087442806e-05
26017,5.083884087442806e-05
15787,7.62582613116421e-05
22565,7.62582613116421e-05
22451,0.00012709710218607016
17479,5.083884087442806e-05
30124,0.0
30125,0.0
20383,2.541942043721403e-05
24373,0.00010167768174885612
33566,0.0
33708,5.083884087442806e-05
9284,2.541942043721403e-05
18227,2.541942043721403e-05
13553,2.541942043721403e-05
30249,0.0
30093,5.083884087442806e-05
24875,2.541942043721403e-05
30989,0.0
31662,2.541942043721403e-05
16514,7.62582613116421e-05
32089,2.541942043721403e-05
29359,0.0
24087,2.541942043721403e-05
29351,0.0
29897,7.62582613116421e-05
29710,0.0
17687,2.541942043721403e-05
19547,2.541942043721403e-05
30984,0.0
33940,0.0
33550,7.62582613116421e-05
9955,2.541942043721403e-05
9613,7.62582613116421e-05
30839,0.0
33712,7.62582613116421e-05
3909,0.0001525165226232842
5478,5.083884087442806e-05
10203,5.083884087442806e-05
10200,2.541942043721403e-05
29373,0.0
8520,2.541942043721403e-05
8521,2.541942043721403e-05
9812,5.083884087442806e-05
33950,0.0
29764,0.0
24793,2.541942043721403e-05
4680,0.00012709710218607016
29886,0.0
23731,5.083884087442806e-05
31003,0.0
20207,0.00010167768174885612
26291,2.541942043721403e-05
20189,0.0001525165226232842
26101,5.083884087442806e-05
32859,2.541942043721403e-05
33523,0.0
24791,2.541942043721403e-05
18191,2.541942043721403e-05
24795,2.541942043721403e-05
28551,0.0
31882,0.0
20109,2.541942043721403e-05
6568,0.00012709710218607016
18731,2.541942043721403e-05
8416,2.541942043721403e-05
8417,2.541942043721403e-05
8403,2.541942043721403e-05
30892,0.0
12371,5.083884087442806e-05
8184,5.083884087442806e-05
8183,0.00017793594306049823
8182,0.00010167768174885612
3637,0.0001525165226232842
28983,0.0
33273,5.083884087442806e-05
9343,7.62582613116421e-05
31258,0.0
10435,2.541942043721403e-05
10044,2.541942043721403e-05
6447,5.083884087442806e-05
29467,0.0
9665,2.541942043721403e-05
9540,2.541942043721403e-05
30202,0.0
10210,7.62582613116421e-05
31868,0.0
16786,0.00010167768174885612
24881,2.541942043721403e-05
29921,5.083884087442806e-05
32760,0.0
23611,2.541942043721403e-05
29743,0.0
9177,0.0001525165226232842
10245,2.541942043721403e-05
32237,2.541942043721403e-05
29742,2.541942043721403e-05
6671,7.62582613116421e-05
9447,2.541942043721403e-05
33863,0.0
32738,0.0
27915,2.541942043721403e-05
9905,2.541942043721403e-05
18759,2.541942043721403e-05
23721,2.541942043721403e-05
32345,2.541942043721403e-05
33344,2.541942043721403e-05
26303,5.083884087442806e-05
33728,0.0
18071,2.541942043721403e-05
7803,5.083884087442806e-05
23185,2.541942043721403e-05
23187,2.541942043721403e-05
30267,0.0
29655,5.083884087442806e-05
21025,5.083884087442806e-05
29821,7.62582613116421e-05
29861,7.62582613116421e-05
29820,5.083884087442806e-05
29862,5.083884087442806e-05
29860,5.083884087442806e-05
33703,0.0
30959,0.0
30228,0.0
9868,0.00012709710218607016
16558,5.083884087442806e-05
17893,7.62582613116421e-05
18271,2.541942043721403e-05
26237,2.541942043721403e-05
9903,2.541942043721403e-05
8025,7.62582613116421e-05
11733,2.541942043721403e-05
11731,2.541942043721403e-05
31202,2.541942043721403e-05
27855,2.541942043721403e-05
17657,2.541942043721403e-05
8501,2.541942043721403e-05
24923,2.541942043721403e-05
29947,0.0
29948,0.0
32417,0.0
32418,0.0
32419,0.0
33862,2.541942043721403e-05
31129,0.0
33859,2.541942043721403e-05
9383,2.541942043721403e-05
31236,2.541942043721403e-05
30060,0.0
33831,0.0
29385,0.0
24883,2.541942043721403e-05
29792,7.62582613116421e-05
30164,2.541942043721403e-05
25033,2.541942043721403e-05
24269,5.083884087442806e-05
19177,2.541942043721403e-05
29135,2.541942043721403e-05
29793,7.62582613116421e-05
7354,5.083884087442806e-05
22755,2.541942043721403e-05
16303,2.541942043721403e-05
8563,2.541942043721403e-05
14623,2.541942043721403e-05
30634,0.0
17457,2.541942043721403e-05
5908,2.541942043721403e-05
10039,2.541942043721403e-05
10040,5.083884087442806e-05
6687,2.541942043721403e-05
17689,2.541942043721403e-05
33262,0.0
33526,0.0
31246,0.0
31211,2.541942043721403e-05
16041,5.083884087442806e-05
23191,2.541942043721403e-05
34259,0.0
31749,0.0
6636,0.0001525165226232842
21433,5.083884087442806e-05
21545,2.541942043721403e-05
23511,2.541942043721403e-05
32218,0.0
17002,7.62582613116421e-05
30571,0.0
8853,2.541942043721403e-05
24927,2.541942043721403e-05
31690,0.0
9998,2.541942043721403e-05
34409,0.0
28829,0.0
32762,0.0
10967,7.62582613116421e-05
30818,2.541942043721403e-05
25969,7.62582613116421e-05
19695,2.541942043721403e-05
32944,0.0
13501,2.541942043721403e-05
13503,2.541942043721403e-05
13505,5.083884087442806e-05
13511,2.541942043721403e-05
13509,2.541942043721403e-05
13507,2.541942043721403e-05
30923,5.083884087442806e-05
32628,0.0
16794,0.00010167768174885612
30247,5.083884087442806e-05
25985,2.541942043721403e-05
25977,5.083884087442806e-05
29749,0.0
24901,7.62582613116421e-05
30050,0.0
32630,0.0
5990,0.00017793594306049823
29711,2.541942043721403e-05
26235,2.541942043721403e-05
33661,2.541942043721403e-05
31978,2.541942043721403e-05
30955,7.62582613116421e-05
33534,2.541942043721403e-05
33685,0.0
33686,0.0
33687,0.0
7956,0.00010167768174885612
6760,2.541942043721403e-05
6759,2.541942043721403e-05
6762,7.62582613116421e-05
6761,2.541942043721403e-05
19905,2.541942043721403e-05
25081,2.541942043721403e-05
22329,2.541942043721403e-05
29469,0.0
18007,0.0
16554,5.083884087442806e-05
10887,2.541942043721403e-05
8258,2.541942043721403e-05
17703,2.541942043721403e-05
31436,0.0
14631,2.541942043721403e-05
23799,2.541942043721403e-05
32858,2.541942043721403e-05
30958,0.0
15971,7.62582613116421e-05
16816,2.541942043721403e-05
34060,0.0
30893,0.0
27551,2.541942043721403e-05
23189,2.541942043721403e-05
31644,5.083884087442806e-05
23855,2.541942043721403e-05
17131,2.541942043721403e-05
7750,2.541942043721403e-05
9869,2.541942043721403e-05
31746,0.0
34207,0.0
19121,7.62582613116421e-05
23801,2.541942043721403e-05
18317,2.541942043721403e-05
17665,2.541942043721403e-05
3825,0.00010167768174885612
15957,2.541942043721403e-05
18327,2.541942043721403e-05
16572,2.541942043721403e-05
19437,2.541942043721403e-05
18325,2.541942043721403e-05
18313,2.541942043721403e-05
21485,2.541942043721403e-05
13781,5.083884087442806e-05
9499,0.00010167768174885612
30034,2.541942043721403e-05
8879,2.541942043721403e-05
29713,0.0
18451,5.083884087442806e-05
11625,2.541942043721403e-05
25193,2.541942043721403e-05
5916,2.541942043721403e-05
8451,2.541942043721403e-05
26301,2.541942043721403e-05
19901,2.541942043721403e-05
26199,2.541942043721403e-05
2642,5.083884087442806e-05
2639,7.62582613116421e-05
2636,7.62582613116421e-05
6771,0.00012709710218607016
29349,0.0
24663,2.541942043721403e-05
25299,2.541942043721403e-05
20077,2.541942043721403e-05
20083,2.541942043721403e-05
29605,0.0
27577,2.541942043721403e-05
8478,5.083884087442806e-05
20009,5.083884087442806e-05
7498,0.00010167768174885612
32422,5.083884087442806e-05
31555,2.541942043721403e-05
30935,0.0
28367,2.541942043721403e-05
30453,0.0
30420,0.0
28371,2.541942043721403e-05
28369,2.541942043721403e-05
30450,2.541942043721403e-05
30449,0.0
17307,5.083884087442806e-05
31261,0.0
29687,5.083884087442806e-05
32582,0.0
32926,0.0
8179,2.541942043721403e-05
20201,2.541942043721403e-05
19907,2.541942043721403e-05
28117,2.541942043721403e-05
29431,0.0
9028,0.00012709710218607016
16257,2.541942043721403e-05
33062,0.0
20385,7.62582613116421e-05
5554,5.083884087442806e-05
28087,2.541942043721403e-05
29357,0.0
6517,0.00010167768174885612
27369,2.541942043721403e-05
32010,7.62582613116421e-05
19943,2.541942043721403e-05
23615,2.541942043721403e-05
6267,5.083884087442806e-05
30026,0.0
3243,5.083884087442806e-05
33986,0.0
24985,0.0
6593,5.083884087442806e-05
29423,0.0
15137,7.62582613116421e-05
34119,5.083884087442806e-05
10000,5.083884087442806e-05
30193,5.083884087442806e-05
16818,2.541942043721403e-05
18307,2.541942043721403e-05
26209,2.541942043721403e-05
33114,0.0
34140,0.0
29395,7.62582613116421e-05
29961,2.541942043721403e-05
33792,0.0
33759,0.0
18443,2.541942043721403e-05
19997,2.541942043721403e-05
24679,7.62582613116421e-05
29987,0.0
32691,0.0
33536,2.541942043721403e-05
16748,2.541942043721403e-05
29857,0.0
8749,7.62582613116421e-05
29379,0.0
18005,7.62582613116421e-05
32058,0.0
23967,2.541942043721403e-05
30010,2.541942043721403e-05
26347,5.083884087442806e-05
30173,2.541942043721403e-05
30071,2.541942043721403e-05
23983,2.541942043721403e-05
19899,2.541942043721403e-05
19533,5.083884087442806e-05
10533,2.541942043721403e-05
33864,2.541942043721403e-05
10997,2.541942043721403e-05
33872,2.541942043721403e-05
30163,2.541942043721403e-05
23973,2.541942043721403e-05
23969,2.541942043721403e-05
23971,2.541942043721403e-05
29923,5.083884087442806e-05
23975,2.541942043721403e-05
30342,2.541942043721403e-05
30556,0.0
22345,5.083884087442806e-05
20093,5.083884087442806e-05
20095,5.083884087442806e-05
8218,2.541942043721403e-05
33659,7.62582613116421e-05
29919,0.00010167768174885612
33842,0.0
13423,7.62582613116421e-05
30121,0.0
17623,2.541942043721403e-05
29179,2.541942043721403e-05
23343,2.541942043721403e-05
25633,2.541942043721403e-05
32322,0.0
30118,0.0
29653,5.083884087442806e-05
9759,5.083884087442806e-05
25503,5.083884087442806e-05
31640,0.0
5594,2.541942043721403e-05
30530,0.0
16838,2.541942043721403e-05
24355,5.083884087442806e-05
23607,5.083884087442806e-05
23609,5.083884087442806e-05
31694,0.0
9345,7.62582613116421e-05
20353,0.00010167768174885612
29445,0.0
33827,0.0
20175,2.541942043721403e-05
30738,2.541942043721403e-05
12243,0.00010167768174885612
10852,0.00010167768174885612
23347,2.541942043721403e-05
9464,5.083884087442806e-05
8862,2.541942043721403e-05
20199,5.083884087442806e-05
23863,2.541942043721403e-05
11593,2.541942043721403e-05
20755,2.541942043721403e-05
26163,5.083884087442806e-05
31753,0.0
8897,2.541942043721403e-05
9886,2.541942043721403e-05
16908,2.541942043721403e-05
10995,2.541942043721403e-05
32835,2.541942043721403e-05
33325,5.083884087442806e-05
18377,2.541942043721403e-05
31237,2.541942043721403e-05
18319,2.541942043721403e-05
29503,0.0
30362,0.0
20243,5.083884087442806e-05
12451,2.541942043721403e-05
32581,7.62582613116421e-05
24071,0.00010167768174885612
21525,2.541942043721403e-05
8155,2.541942043721403e-05
8158,2.541942043721403e-05
8493,5.083884087442806e-05
24677,5.083884087442806e-05
8156,2.541942043721403e-05
8154,7.62582613116421e-05
8153,2.541942043721403e-05
28103,2.541942043721403e-05
18527,0.00010167768174885612
20115,2.541942043721403e-05
33823,0.0
32775,2.541942043721403e-05
4470,0.00010167768174885612
29665,5.083884087442806e-05
8233,5.083884087442806e-05
30061,2.541942043721403e-05
25609,2.541942043721403e-05
25611,2.541942043721403e-05
25615,2.541942043721403e-05
25617,2.541942043721403e-05
25619,2.541942043721403e-05
25613,2.541942043721403e-05
10540,7.62582613116421e-05
27921,2.541942043721403e-05
23265,0.00010167768174885612
2691,5.083884087442806e-05
25363,2.541942043721403e-05
30042,0.0
9351,2.541942043721403e-05
10882,7.62582613116421e-05
30278,2.541942043721403e-05
19501,5.083884087442806e-05
34464,0.0
26283,2.541942043721403e-05
9391,2.541942043721403e-05
9388,2.541942043721403e-05
14067,2.541942043721403e-05
9387,2.541942043721403e-05
33025,0.0
31385,0.0
28733,2.541942043721403e-05
30481,5.083884087442806e-05
30483,0.0
27651,2.541942043721403e-05
29716,2.541942043721403e-05
34205,0.0
23661,7.62582613116421e-05
27621,2.541942043721403e-05
33501,0.0
23245,2.541942043721403e-05
19169,2.541942043721403e-05
23857,5.083884087442806e-05
29497,0.0
31505,2.541942043721403e-05
23107,7.62582613116421e-05
24905,2.541942043721403e-05
29918,5.083884087442806e-05
20703,2.541942043721403e-05
31692,0.0
22669,0.0
26267,2.541942043721403e-05
30796,0.0
23815,2.541942043721403e-05
7177,2.541942043721403e-05
16778,2.541942043721403e-05
10323,5.083884087442806e-05
29924,0.0
26105,2.541942043721403e-05
30410,0.0
9535,7.62582613116421e-05
16780,2.541942043721403e-05
31699,2.541942043721403e-05
24093,2.541942043721403e-05
7781,5.083884087442806e-05
5477,0.00010167768174885612
27521,2.541942043721403e-05
33290,0.0
32834,5.083884087442806e-05
30106,5.083884087442806e-05
29355,2.541942043721403e-05
30602,5.083884087442806e-05
5934,0.00010167768174885612
16027,5.083884087442806e-05
9501,0.0001525165226232842
19457,2.541942043721403e-05
31263,2.541942043721403e-05
19751,2.541942043721403e-05
11995,7.62582613116421e-05
31510,2.541942043721403e-05
28347,7.62582613116421e-05
10270,5.083884087442806e-05
18521,5.083884087442806e-05
24053,7.62582613116421e-05
8195,5.083884087442806e-05
26089,2.541942043721403e-05
30979,0.0
18353,7.62582613116421e-05
30046,0.0
16752,2.541942043721403e-05
26289,2.541942043721403e-05
8500,0.00012709710218607016
26295,2.541942043721403e-05
33474,7.62582613116421e-05
23585,5.083884087442806e-05
8764,5.083884087442806e-05
8763,5.083884087442806e-05
10246,5.083884087442806e-05
33335,0.0
33349,0.0
18937,5.083884087442806e-05
29972,5.083884087442806e-05
19495,2.541942043721403e-05
31255,2.541942043721403e-05
11673,5.083884087442806e-05
29507,0.0
19463,2.541942043721403e-05
25095,2.541942043721403e-05
17223,5.083884087442806e-05
20239,2.541942043721403e-05
9862,7.62582613116421e-05
20873,5.083884087442806e-05
22953,5.083884087442806e-05
23709,2.541942043721403e-05
8336,0.0
17263,2.541942043721403e-05
30927,0.0
26341,2.541942043721403e-05
30086,7.62582613116421e-05
9811,2.541942043721403e-05
23651,2.541942043721403e-05
33885,2.541942043721403e-05
29271,0.0
22563,5.083884087442806e-05
29273,0.0
29267,0.0
29269,0.0
28575,0.0
12643,2.541942043721403e-05
30861,0.0
32783,2.541942043721403e-05
30411,0.0
11545,2.541942043721403e-05
15913,2.541942043721403e-05
28759,0.0
24877,2.541942043721403e-05
20529,2.541942043721403e-05
17667,2.541942043721403e-05
9807,5.083884087442806e-05
31583,2.541942043721403e-05
34412,2.541942043721403e-05
29499,0.0
3251,7.62582613116421e-05
10539,5.083884087442806e-05
26141,5.083884087442806e-05
33059,0.0
10603,5.083884087442806e-05
10602,2.541942043721403e-05
10623,0.00010167768174885612
5930,0.00010167768174885612
23015,2.541942043721403e-05
27693,5.083884087442806e-05
21121,2.541942043721403e-05
10964,2.541942043721403e-05
33562,0.0
28749,0.0
2750,0.00010167768174885612
24257,2.541942043721403e-05
18389,5.083884087442806e-05
19961,7.62582613116421e-05
24465,2.541942043721403e-05
18587,0.00020335536349771224
30264,0.0
22455,0.00010167768174885612
22457,7.62582613116421e-05
29535,0.0
18085,0.00012709710218607016
22489,7.62582613116421e-05
18031,7.62582613116421e-05
22481,5.083884087442806e-05
18823,0.00010167768174885612
18083,0.00010167768174885612
17953,7.62582613116421e-05
22479,7.62582613116421e-05
22487,7.62582613116421e-05
18589,0.00010167768174885612
29539,0.0
22447,5.083884087442806e-05
22449,5.083884087442806e-05
17955,0.00010167768174885612
29537,0.0
22491,5.083884087442806e-05
32622,0.0
17481,7.62582613116421e-05
17957,0.00010167768174885612
22483,5.083884087442806e-05
29541,0.0
18829,7.62582613116421e-05
18825,0.00010167768174885612
17951,0.00010167768174885612
30263,0.0
22459,5.083884087442806e-05
9770,0.0001525165226232842
18029,0.00010167768174885612
22477,7.62582613116421e-05
22445,7.62582613116421e-05
22485,5.083884087442806e-05
22461,5.083884087442806e-05
22495,5.083884087442806e-05
18033,7.62582613116421e-05
25871,2.541942043721403e-05
30064,0.0
18827,0.00012709710218607016
11521,0.00020335536349771224
22439,0.00010167768174885612
22441,0.00010167768174885612
31585,0.0
29181,5.083884087442806e-05
4417,0.00010167768174885612
28353,0.0
16552,2.541942043721403e-05
30512,7.62582613116421e-05
11203,5.083884087442806e-05
18273,2.541942043721403e-05
15479,0.00010167768174885612
28563,0.0
23659,7.62582613116421e-05
23675,2.541942043721403e-05
32645,0.0
26111,7.62582613116421e-05
26099,5.083884087442806e-05
2694,0.00012709710218607016
8967,2.541942043721403e-05
34222,0.0
24089,2.541942043721403e-05
9882,0.00010167768174885612
32943,5.083884087442806e-05
33217,2.541942043721403e-05
33215,2.541942043721403e-05
33580,0.0
31235,2.541942043721403e-05
22327,2.541942043721403e-05
26217,2.541942043721403e-05
7175,5.083884087442806e-05
30470,0.0
22821,2.541942043721403e-05
13207,5.083884087442806e-05
32892,0.0
18241,5.083884087442806e-05
13431,5.083884087442806e-05
8355,5.083884087442806e-05
8356,5.083884087442806e-05
8357,5.083884087442806e-05
30753,2.541942043721403e-05
13499,5.083884087442806e-05
13433,2.541942043721403e-05
30752,0.0
17405,5.083884087442806e-05
22985,5.083884087442806e-05
23303,2.541942043721403e-05
7967,7.62582613116421e-05
26009,5.083884087442806e-05
23125,2.541942043721403e-05
32665,0.0
30072,2.541942043721403e-05
34115,0.0
27375,2.541942043721403e-05
26323,2.541942043721403e-05
21549,5.083884087442806e-05
10509,7.62582613116421e-05
32636,2.541942043721403e-05
16828,2.541942043721403e-05
5207,5.083884087442806e-05
31511,2.541942043721403e-05
29587,2.541942043721403e-05
30134,0.0
16556,2.541942043721403e-05
30058,2.541942043721403e-05
6150,5.083884087442806e-05
28263,5.083884087442806e-05
18309,2.541942043721403e-05
30161,0.0
5927,2.541942043721403e-05
11213,7.62582613116421e-05
23909,5.083884087442806e-05
8191,2.541942043721403e-05
8192,2.541942043721403e-05
29451,2.541942043721403e-05
19073,2.541942043721403e-05
18747,2.541942043721403e-05
30981,2.541942043721403e-05
33396,0.0
33305,0.0
30268,0.0
19957,0.00010167768174885612
3414,2.541942043721403e-05
9950,0.00010167768174885612
32831,5.083884087442806e-05
16776,2.541942043721403e-05
19681,5.083884087442806e-05
16824,2.541942043721403e-05
16808,2.541942043721403e-05
16560,5.083884087442806e-05
25091,2.541942043721403e-05
19071,2.541942043721403e-05
10238,5.083884087442806e-05
22887,2.541942043721403e-05
9781,5.083884087442806e-05
29671,5.083884087442806e-05
16007,7.62582613116421e-05
9902,2.541942043721403e-05
31509,0.0
28485,2.541942043721403e-05
6060,7.62582613116421e-05
9518,0.00010167768174885612
3164,5.083884087442806e-05
26309,2.541942043721403e-05
27853,2.541942043721403e-05
31135,0.0
32254,0.0
30938,0.0
28483,0.0
26329,2.541942043721403e-05
20079,2.541942043721403e-05
20081,2.541942043721403e-05
29651,5.083884087442806e-05
21053,2.541942043721403e-05
19965,2.541942043721403e-05
28487,0.0
29814,5.083884087442806e-05
26227,2.541942043721403e-05
19947,7.62582613116421e-05
21467,2.541942043721403e-05
21475,2.541942043721403e-05
23575,2.541942043721403e-05
3973,7.62582613116421e-05
34179,0.0
24577,2.541942043721403e-05
29926,5.083884087442806e-05
8786,0.00010167768174885612
26299,2.541942043721403e-05
34502,0.0
28235,2.541942043721403e-05
32227,2.541942043721403e-05
16259,2.541942043721403e-05
26241,2.541942043721403e-05
26297,2.541942043721403e-05
14211,7.62582613116421e-05
24051,5.083884087442806e-05
29709,0.0
24501,0.0
10847,7.62582613116421e-05
25109,5.083884087442806e-05
6384,5.083884087442806e-05
33387,0.0
11421,2.541942043721403e-05
25305,5.083884087442806e-05
19583,2.541942043721403e-05
28021,2.541942043721403e-05
25473,2.541942043721403e-05
32845,2.541942043721403e-05
28427,0.0
31903,0.0
10760,5.083884087442806e-05
23183,2.541942043721403e-05
20025,5.083884087442806e-05
9496,7.62582613116421e-05
32107,2.541942043721403e-05
23353,2.541942043721403e-05
34121,0.0
28071,5.083884087442806e-05
26119,2.541942043721403e-05
27561,2.541942043721403e-05
30954,0.0
33779,5.083884087442806e-05
29367,0.0
18323,2.541942043721403e-05
10247,2.541942043721403e-05
32252,0.0
3947,0.00010167768174885612
24041,5.083884087442806e-05
29928,5.083884087442806e-05
16399,2.541942043721403e-05
29207,0.0
32707,0.0
23869,2.541942043721403e-05
29623,7.62582613116421e-05
30764,2.541942043721403e-05
30970,0.0
28489,0.0
26331,2.541942043721403e-05
32800,2.541942043721403e-05
29645,7.62582613116421e-05
33886,0.0
6701,0.0001525165226232842
30761,0.0
10741,5.083884087442806e-05
33267,0.0
17291,7.62582613116421e-05
33144,2.541942043721403e-05
28565,0.0
28549,0.0
32777,2.541942043721403e-05
28145,2.541942043721403e-05
30157,2.541942043721403e-05
20835,7.62582613116421e-05
30392,2.541942043721403e-05
29752,2.541942043721403e-05
11857,2.541942043721403e-05
19063,2.541942043721403e-05
32092,2.541942043721403e-05
10889,2.541942043721403e-05
18533,0.0001525165226232842
17473,2.541942043721403e-05
19627,0.00010167768174885612
9525,7.62582613116421e-05
11767,7.62582613116421e-05
29409,2.541942043721403e-05
21021,5.083884087442806e-05
6072,7.62582613116421e-05
27845,2.541942043721403e-05
31016,0.0
25057,2.541942043721403e-05
9606,2.541942043721403e-05
33867,0.0
33870,2.541942043721403e-05
33869,2.541942043721403e-05
33868,2.541942043721403e-05
32473,0.0
29748,0.0
33695,0.0
30921,7.62582613116421e-05
10757,5.083884087442806e-05
33134,0.0
33135,0.0
33136,0.0
30457,2.541942043721403e-05
33133,0.0
29746,0.0
31599,0.0
10965,2.541942043721403e-05
29870,5.083884087442806e-05
18475,2.541942043721403e-05
29677,5.083884087442806e-05
7856,7.62582613116421e-05
29529,0.0
10236,5.083884087442806e-05
29527,0.0
33219,0.0
19497,2.541942043721403e-05
23569,2.541942043721403e-05
33607,0.0
29381,0.0
29383,0.0
22975,2.541942043721403e-05
22977,2.541942043721403e-05
30777,5.083884087442806e-05
32197,0.0
19087,5.083884087442806e-05
15067,5.083884087442806e-05
30313,2.541942043721403e-05
19587,2.541942043721403e-05
5581,5.083884087442806e-05
8899,7.62582613116421e-05
21551,2.541942043721403e-05
28111,2.541942043721403e-05
19053,5.083884087442806e-05
17403,7.62582613116421e-05
19987,2.541942043721403e-05
19505,2.541942043721403e-05
29481,2.541942043721403e-05
30704,2.541942043721403e-05
23613,2.541942043721403e-05
34006,0.0
31015,0.0
30245,0.0
29985,0.0
13769,7.62582613116421e-05
34292,0.0
19993,2.541942043721403e-05
13817,2.541942043721403e-05
30154,0.0
13819,2.541942043721403e-05
30149,0.0
30150,2.541942043721403e-05
13831,2.541942043721403e-05
13823,5.083884087442806e-05
30148,0.0
13821,2.541942043721403e-05
13825,0.0
13827,5.083884087442806e-05
30151,0.0
32568,0.0
33177,2.541942043721403e-05
24977,0.0
31604,0.0
30442,2.541942043721403e-05
31605,0.0
31603,0.0
30443,2.541942043721403e-05
30444,2.541942043721403e-05
30743,5.083884087442806e-05
24049,5.083884087442806e-05
30167,2.541942043721403e-05
21913,5.083884087442806e-05
31418,5.083884087442806e-05
26333,2.541942043721403e-05
18583,2.541942043721403e-05
29551,7.62582613116421e-05
17217,2.541942043721403e-05
30435,2.541942043721403e-05
23727,2.541942043721403e-05
23639,7.62582613116421e-05
9584,0.00010167768174885612
29491,0.0
31506,5.083884087442806e-05
20123,2.541942043721403e-05
8065,0.00017793594306049823
5140,7.62582613116421e-05
27841,2.541942043721403e-05
29489,0.0
7479,5.083884087442806e-05
29361,0.0
20127,5.083884087442806e-05
9371,2.541942043721403e-05
29661,5.083884087442806e-05
28571,0.0
6366,7.62582613116421e-05
32623,2.541942043721403e-05
28361,2.541942043721403e-05
24047,7.62582613116421e-05
31926,0.0
27721,5.083884087442806e-05
27723,5.083884087442806e-05
14039,5.083884087442806e-05
29966,2.541942043721403e-05
21101,2.541942043721403e-05
9832,5.083884087442806e-05
22111,2.541942043721403e-05
10797,0.0
26229,2.541942043721403e-05
32832,0.0
24681,2.541942043721403e-05
20143,2.541942043721403e-05
28691,0.0
29433,0.0
32420,0.0
21099,2.541942043721403e-05
29453,7.62582613116421e-05
27837,2.541942043721403e-05
17339,2.541942043721403e-05
19515,2.541942043721403e-05
22573,2.541942043721403e-05
22641,2.541942043721403e-05
17985,0.00010167768174885612
18087,0.00010167768174885612
17983,7.62582613116421e-05
22625,2.541942043721403e-05
17489,2.541942043721403e-05
22605,2.541942043721403e-05
15663,7.62582613116421e-05
22615,5.083884087442806e-05
22643,2.541942043721403e-05
22653,2.541942043721403e-05
17987,0.00010167768174885612
22649,2.541942043721403e-05
22647,2.541942043721403e-05
22645,5.083884087442806e-05
22637,2.541942043721403e-05
22639,2.541942043721403e-05
22619,2.541942043721403e-05
22613,2.541942043721403e-05
22651,2.541942043721403e-05
8244,0.0
8353,5.083884087442806e-05
29679,5.083884087442806e-05
10237,2.541942043721403e-05
28965,0.0
3870,0.00012709710218607016
19683,2.541942043721403e-05
7525,2.541942043721403e-05
26139,2.541942043721403e-05
5928,2.541942043721403e-05
26225,2.541942043721403e-05
23085,2.541942043721403e-05
8492,2.541942043721403e-05
8494,2.541942043721403e-05
9292,7.62582613116421e-05
29247,0.0
17977,2.541942043721403e-05
17483,2.541942043721403e-05
17981,2.541942043721403e-05
29249,0.0
17485,2.541942043721403e-05
17979,2.541942043721403e-05
8883,2.541942043721403e-05
5192,5.083884087442806e-05
21749,2.541942043721403e-05
22595,2.541942043721403e-05
22597,2.541942043721403e-05
30976,0.0
34233,0.0
19941,2.541942043721403e-05
19995,5.083884087442806e-05
32989,0.0
33034,7.62582613116421e-05
26231,2.541942043721403e-05
29555,7.62582613116421e-05
3277,7.62582613116421e-05
3275,7.62582613116421e-05
3279,7.62582613116421e-05
6012,0.00012709710218607016
10759,5.083884087442806e-05
31071,2.541942043721403e-05
32408,2.541942043721403e-05
32448,0.0
23349,7.62582613116421e-05
30079,5.083884087442806e-05
33858,2.541942043721403e-05
32693,2.541942043721403e-05
28035,5.083884087442806e-05
26233,2.541942043721403e-05
26327,2.541942043721403e-05
30407,2.541942043721403e-05
29549,0.0
29543,0.0
22499,2.541942043721403e-05
33915,2.541942043721403e-05
34286,0.0
25061,5.083884087442806e-05
34120,0.0
31000,0.0
18321,2.541942043721403e-05
18301,2.541942043721403e-05
30048,0.0
23637,2.541942043721403e-05
19585,2.541942043721403e-05
22511,5.083884087442806e-05
29920,5.083884087442806e-05
34503,0.0
33877,0.0
33874,0.0
33882,0.0
33880,0.0
33876,0.0
33878,0.0
33875,0.0
33879,0.0
33454,2.541942043721403e-05
33881,0.0
30235,0.0
32430,2.541942043721403e-05
26091,2.541942043721403e-05
26345,2.541942043721403e-05
28569,0.0
6261,5.083884087442806e-05
24489,2.541942043721403e-05
24775,0.0
31587,2.541942043721403e-05
30968,0.0
28047,0.00012709710218607016
26293,2.541942043721403e-05
26109,2.541942043721403e-05
26117,2.541942043721403e-05
32759,2.541942043721403e-05
23829,2.541942043721403e-05
29738,0.0
16263,2.541942043721403e-05
30129,0.0
24073,5.083884087442806e-05
27519,7.62582613116421e-05
28885,0.0
30212,0.0
15227,7.62582613116421e-05
12981,2.541942043721403e-05
26095,2.541942043721403e-05
10335,5.083884087442806e-05
17599,2.541942043721403e-05
25921,2.541942043721403e-05
18081,0.00010167768174885612
10564,2.541942043721403e-05
29745,0.0
29759,0.0
23733,2.541942043721403e-05
33854,2.541942043721403e-05
7189,5.083884087442806e-05
8595,2.541942043721403e-05
33123,0.0
31239,0.0
33226,2.541942043721403e-05
20117,7.62582613116421e-05
2173,5.083884087442806e-05
17469,2.541942043721403e-05
24159,2.541942043721403e-05
6571,2.541942043721403e-05
23097,2.541942043721403e-05
17563,7.62582613116421e-05
32626,2.541942043721403e-05
33528,0.0
33527,0.0
24797,2.541942043721403e-05
19687,2.541942043721403e-05
19781,2.541942043721403e-05
28151,7.62582613116421e-05
30176,0.0
5886,0.0001525165226232842
9339,2.541942043721403e-05
28119,2.541942043721403e-05
11197,2.541942043721403e-05
23699,2.541942043721403e-05
28053,0.0001525165226232842
26279,2.541942043721403e-05
29718,0.0
31007,0.0
34201,0.0
17669,2.541942043721403e-05
5809,2.541942043721403e-05
30395,2.541942043721403e-05
31873,5.083884087442806e-05
19135,7.62582613116421e-05
29603,0.0
26043,2.541942043721403e-05
17749,5.083884087442806e-05
17753,7.62582613116421e-05
33348,2.541942043721403e-05
22465,5.083884087442806e-05
33115,2.541942043721403e-05
18773,2.541942043721403e-05
28109,2.541942043721403e-05
19325,5.083884087442806e-05
17439,2.541942043721403e-05
17441,2.541942043721403e-05
17445,2.541942043721403e-05
17443,2.541942043721403e-05
17447,2.541942043721403e-05
28579,2.541942043721403e-05
20603,2.541942043721403e-05
17615,5.083884087442806e-05
31539,0.0
28067,7.62582613116421e-05
29493,0.0
7681,2.541942043721403e-05
27847,2.541942043721403e-05
17673,7.62582613116421e-05
27393,2.541942043721403e-05
30066,7.62582613116421e-05
6206,7.62582613116421e-05
9947,0.0
30098,0.0
30096,2.541942043721403e-05
30099,0.0
31673,0.0
31674,0.0
29712,0.0
23597,0.0001525165226232842
30343,2.541942043721403e-05
30349,2.541942043721403e-05
6065,2.541942043721403e-05
29003,0.0
31054,0.0
32310,0.0
22421,2.541942043721403e-05
33782,0.0
16820,2.541942043721403e-05
32784,2.541942043721403e-05
18155,5.083884087442806e-05
13177,2.541942043721403e-05
13179,2.541942043721403e-05
13465,2.541942043721403e-05
25027,5.083884087442806e-05
25029,2.541942043721403e-05
28097,2.541942043721403e-05
28099,2.541942043721403e-05
29421,0.0
17102,5.083884087442806e-05
17104,2.541942043721403e-05
32823,0.0
31493,5.083884087442806e-05
32844,2.541942043721403e-05
23901,7.62582613116421e-05
23899,5.083884087442806e-05
31205,0.0
33443,0.0
31984,0.0
33755,0.0
7500,5.083884087442806e-05
30055,0.0
30057,0.0
27965,2.541942043721403e-05
4905,5.083884087442806e-05
19971,5.083884087442806e-05
16131,0.00010167768174885612
6577,7.62582613116421e-05
30673,0.0
30873,5.083884087442806e-05
3828,5.083884087442806e-05
31463,0.0
15915,0.00010167768174885612
33907,2.541942043721403e-05
28559,0.0
15407,0.0
22827,5.083884087442806e-05
22981,5.083884087442806e-05
22979,5.083884087442806e-05
5151,0.00010167768174885612
23129,7.62582613116421e-05
30298,0.0
33358,5.083884087442806e-05
32257,0.0
32259,0.0
22239,5.083884087442806e-05
8495,0.00010167768174885612
33183,2.541942043721403e-05
20499,7.62582613116421e-05
30094,2.541942043721403e-05
8889,0.00012709710218607016
9818,2.541942043721403e-05
30051,0.0
9817,5.083884087442806e-05
30052,0.0
9819,5.083884087442806e-05
28577,0.0
31008,0.0
25073,2.541942043721403e-05
20229,2.541942043721403e-05
32224,0.0
8372,2.541942043721403e-05
28989,2.541942043721403e-05
29782,7.62582613116421e-05
30906,0.0
26087,2.541942043721403e-05
33551,5.083884087442806e-05
33552,0.00010167768174885612
33542,0.0
33705,2.541942043721403e-05
33547,2.541942043721403e-05
12185,5.083884087442806e-05
30930,0.0
11525,2.541942043721403e-05
24019,7.62582613116421e-05
16994,0.00010167768174885612
23763,5.083884087442806e-05
3180,0.00017793594306049823
10136,7.62582613116421e-05
30139,0.0
10135,0.00012709710218607016
30107,0.0
10138,0.00010167768174885612
30312,0.0
20241,2.541942043721403e-05
20183,5.083884087442806e-05
23001,2.541942043721403e-05
20231,7.62582613116421e-05
33300,0.0
11829,0.00010167768174885612
10137,7.62582613116421e-05
30198,0.0
9856,2.541942043721403e-05
10709,2.541942043721403e-05
11245,5.083884087442806e-05
22509,7.62582613116421e-05
10282,5.083884087442806e-05
10285,5.083884087442806e-05
24683,2.541942043721403e-05
28237,0.0001525165226232842
5987,5.083884087442806e-05
16784,2.541942043721403e-05
6942,7.62582613116421e-05
10648,5.083884087442806e-05
19873,2.541942043721403e-05
29963,2.541942043721403e-05
16590,2.541942043721403e-05
33383,0.0
32059,2.541942043721403e-05
30781,2.541942043721403e-05
33843,2.541942043721403e-05
27951,0.00010167768174885612
25301,2.541942043721403e-05
10239,2.541942043721403e-05
29719,0.0
8442,7.62582613116421e-05
9821,2.541942043721403e-05
9820,5.083884087442806e-05
11711,2.541942043721403e-05
26221,2.541942043721403e-05
31009,0.0
16834,2.541942043721403e-05
9334,2.541942043721403e-05
6727,5.083884087442806e-05
24259,5.083884087442806e-05
25267,7.62582613116421e-05
25491,7.62582613116421e-05
25265,7.62582613116421e-05
26271,2.541942043721403e-05
33087,0.0
25085,2.541942043721403e-05
33079,0.0
4121,0.00010167768174885612
30027,0.0
19705,2.541942043721403e-05
21447,5.083884087442806e-05
27559,7.62582613116421e-05
18311,2.541942043721403e-05
18331,2.541942043721403e-05
18329,2.541942043721403e-05
7616,5.083884087442806e-05
16586,2.541942043721403e-05
3846,0.00010167768174885612
7751,7.62582613116421e-05
30723,0.0
5994,5.083884087442806e-05
8522,2.541942043721403e-05
26259,5.083884087442806e-05
27579,2.541942043721403e-05
31268,0.0
26107,2.541942043721403e-05
25661,7.62582613116421e-05
12259,7.62582613116421e-05
20453,2.541942043721403e-05
29557,0.00010167768174885612
19597,0.00010167768174885612
16954,0.0001525165226232842
32402,0.0
31582,2.541942043721403e-05
26319,2.541942043721403e-05
26255,2.541942043721403e-05
26247,2.541942043721403e-05
26253,2.541942043721403e-05
26249,2.541942043721403e-05
26251,2.541942043721403e-05
32475,0.0
25071,2.541942043721403e-05
29767,0.0
26277,2.541942043721403e-05
7452,2.541942043721403e-05
31410,0.0
18275,2.541942043721403e-05
34122,0.0
30759,0.0
26325,2.541942043721403e-05
26337,2.541942043721403e-05
23729,2.541942043721403e-05
25051,2.541942043721403e-05
16021,2.541942043721403e-05
5374,2.541942043721403e-05
16800,2.541942043721403e-05
32251,2.541942043721403e-05
29365,0.0
16159,5.083884087442806e-05
31001,0.0
33980,0.0
25053,2.541942043721403e-05
32461,0.00010167768174885612
4096,5.083884087442806e-05
8243,2.541942043721403e-05
10149,7.62582613116421e-05
33602,0.0
33603,0.0
33604,0.0
34519,2.541942043721403e-05
33225,2.541942043721403e-05
32158,0.0
33228,5.083884087442806e-05
29833,2.541942043721403e-05
25605,2.541942043721403e-05
6067,2.541942043721403e-05
11959,2.541942043721403e-05
5241,5.083884087442806e-05
23005,2.541942043721403e-05
30760,2.541942043721403e-05
23881,2.541942043721403e-05
25547,2.541942043721403e-05
23885,5.083884087442806e-05
29387,0.0
31116,2.541942043721403e-05
10758,0.00010167768174885612
33401,7.62582613116421e-05
11533,7.62582613116421e-05
28553,0.0
22671,5.083884087442806e-05
22893,2.541942043721403e-05
31924,0.0
18743,7.62582613116421e-05
9797,5.083884087442806e-05
19479,5.083884087442806e-05
2741,0.0001525165226232842
22221,5.083884087442806e-05
30117,0.0
24045,5.083884087442806e-05
33724,0.0
25541,2.541942043721403e-05
30397,2.541942043721403e-05
31369,0.0
7529,7.62582613116421e-05
33116,2.541942043721403e-05
29427,0.0
20173,2.541942043721403e-05
12613,2.541942043721403e-05
26281,2.541942043721403e-05
26115,2.541942043721403e-05
20001,5.083884087442806e-05
12391,5.083884087442806e-05
31643,2.541942043721403e-05
17603,2.541942043721403e-05
17605,2.541942043721403e-05
31638,7.62582613116421e-05
31639,2.541942043721403e-05
2735,5.083884087442806e-05
16796,5.083884087442806e-05
31878,0.0
33694,0.0
30944,0.0
29895,7.62582613116421e-05
9948,7.62582613116421e-05
33479,0.0
33537,2.541942043721403e-05
14253,0.00012709710218607016
30468,0.0
29371,0.0
17100,2.541942043721403e-05
23713,2.541942043721403e-05
3465,0.00010167768174885612
26147,2.541942043721403e-05
32776,2.541942043721403e-05
33485,2.541942043721403e-05
26305,2.541942043721403e-05
26103,2.541942043721403e-05
19817,2.541942043721403e-05
32876,0.0
33583,0.0
34309,0.0
26335,5.083884087442806e-05
25083,7.62582613116421e-05
19797,2.541942043721403e-05
19783,2.541942043721403e-05
8959,5.083884087442806e-05
30398,2.541942043721403e-05
33861,2.541942043721403e-05
18631,2.541942043721403e-05
9498,2.541942043721403e-05
19745,2.541942043721403e-05
19753,2.541942043721403e-05
19749,2.541942043721403e-05
19729,2.541942043721403e-05
24549,2.541942043721403e-05
29495,0.0
27943,2.541942043721403e-05
33266,2.541942043721403e-05
33271,0.0
33272,2.541942043721403e-05
33279,0.0
30975,0.0
28695,0.00010167768174885612
29715,2.541942043721403e-05
32276,0.0
32275,0.0
32136,0.0
16810,2.541942043721403e-05
18315,2.541942043721403e-05
26153,2.541942043721403e-05
30209,0.0
33130,0.0
15211,0.0
5184,2.541942043721403e-05
25253,2.541942043721403e-05
31361,0.0
24903,7.62582613116421e-05
5925,2.541942043721403e-05
33398,0.0
32999,0.0
32572,0.0
23555,2.541942043721403e-05
33727,0.0
31562,2.541942043721403e-05
33826,0.0
13497,2.541942043721403e-05
23737,2.541942043721403e-05
24573,2.541942043721403e-05
31017,0.0
29851,0.0
29844,0.0
30647,5.083884087442806e-05
27843,2.541942043721403e-05
30217,2.541942043721403e-05
30409,0.0
30864,5.083884087442806e-05
23643,7.62582613116421e-05
27849,2.541942043721403e-05
31002,0.0
26257,2.541942043721403e-05
20027,5.083884087442806e-05
7713,7.62582613116421e-05
22413,2.541942043721403e-05
32716,0.0
12181,2.541942043721403e-05
8890,0.00010167768174885612
8891,5.083884087442806e-05
4218,5.083884087442806e-05
31004,0.0
12165,2.541942043721403e-05
26215,2.541942043721403e-05
19917,2.541942043721403e-05
25059,2.541942043721403e-05
8953,0.00012709710218607016
9243,5.083884087442806e-05
9244,5.083884087442806e-05
9242,5.083884087442806e-05
33914,2.541942043721403e-05
22325,2.541942043721403e-05
30999,0.0
32788,2.541942043721403e-05
30177,2.541942043721403e-05
29235,0.0
29233,0.0
23647,2.541942043721403e-05
21493,2.541942043721403e-05
33060,0.0
31517,2.541942043721403e-05
21491,2.541942043721403e-05
9455,7.62582613116421e-05
30965,2.541942043721403e-05
28581,0.0
28583,0.0
32773,2.541942043721403e-05
31033,0.0
31034,0.0
22999,2.541942043721403e-05
29900,7.62582613116421e-05
8777,5.083884087442806e-05
28547,0.0
28545,0.0
9303,0.00010167768174885612
26265,2.541942043721403e-05
17601,5.083884087442806e-05
7495,7.62582613116421e-05
18573,2.541942043721403e-05
18575,2.541942043721403e-05
18577,5.083884087442806e-05
8205,2.541942043721403e-05
23013,2.541942043721403e-05
30305,0.0
30019,7.62582613116421e-05
30018,7.62582613116421e-05
16393,2.541942043721403e-05
3514,2.541942043721403e-05
5089,5.083884087442806e-05
24773,0.0
31019,0.0
31020,0.0
33174,2.541942043721403e-05
32904,2.541942043721403e-05
20799,2.541942043721403e-05
28689,0.0
7836,5.083884087442806e-05
29740,0.0
32633,0.0
33283,0.0
22585,0.0
21019,2.541942043721403e-05
22849,0.00010167768174885612
31166,0.0
33176,2.541942043721403e-05
33422,0.0
24845,0.0
9810,2.541942043721403e-05
24403,0.0
19305,7.62582613116421e-05
30144,2.541942043721403e-05
16970,0.00012709710218607016
32166,0.0
26033,2.541942043721403e-05
26317,2.541942043721403e-05
22991,2.541942043721403e-05
22993,2.541942043721403e-05
27573,2.541942043721403e-05
28101,2.541942043721403e-05
20075,7.62582613116421e-05
34358,2.541942043721403e-05
34363,0.0
28143,0.00010167768174885612
9070,5.083884087442806e-05
18469,2.541942043721403e-05
14181,2.541942043721403e-05
31575,2.541942043721403e-05
19921,2.541942043721403e-05
7575,7.62582613116421e-05
25139,5.083884087442806e-05
18815,7.62582613116421e-05
19897,2.541942043721403e-05
34234,0.0
8415,7.62582613116421e-05
16530,7.62582613116421e-05
16730,7.62582613116421e-05
16480,2.541942043721403e-05
30942,0.0
16482,2.541942043721403e-05
31672,0.0
13091,7.62582613116421e-05
31971,0.0
30980,0.0
32229,0.0
30997,0.0
30943,2.541942043721403e-05
23865,2.541942043721403e-05
26145,2.541942043721403e-05
26155,2.541942043721403e-05
30978,0.0
26315,2.541942043721403e-05
10353,2.541942043721403e-05
19069,7.62582613116421e-05
8799,2.541942043721403e-05
4220,5.083884087442806e-05
30158,2.541942043721403e-05
26143,2.541942043721403e-05
32472,0.0
22275,2.541942043721403e-05
17624,5.083884087442806e-05
29846,5.083884087442806e-05
26197,2.541942043721403e-05
33888,0.0
2742,5.083884087442806e-05
33343,2.541942043721403e-05
8229,2.541942043721403e-05
31057,0.0
7531,5.083884087442806e-05
32763,2.541942043721403e-05
14947,0.00012709710218607016
29435,0.0
29403,0.0
21163,0.00010167768174885612
29795,2.541942043721403e-05
28115,2.541942043721403e-05
22541,2.541942043721403e-05
28185,2.541942043721403e-05
32666,0.0
23819,2.541942043721403e-05
20085,5.083884087442806e-05
32225,0.0
29275,0.0
28113,2.541942043721403e-05
29888,5.083884087442806e-05
17521,0.00010167768174885612
23007,2.541942043721403e-05
23009,2.541942043721403e-05
23645,2.541942043721403e-05
21539,2.541942043721403e-05
29053,5.083884087442806e-05
9338,5.083884087442806e-05
19831,2.541942043721403e-05
25809,2.541942043721403e-05
27389,2.541942043721403e-05
8999,0.00012709710218607016
30065,2.541942043721403e-05
22567,2.541942043721403e-05
23267,0.00010167768174885612
3362,5.083884087442806e-05
9866,2.541942043721403e-05
29796,2.541942043721403e-05
33154,2.541942043721403e-05
32087,5.083884087442806e-05
32088,5.083884087442806e-05
19879,7.62582613116421e-05
34238,0.0009913573970513473
20023,5.083884087442806e-05
30025,0.0
23181,2.541942043721403e-05
14213,2.541942043721403e-05
17675,2.541942043721403e-05
23011,2.541942043721403e-05
17467,7.62582613116421e-05
29635,5.083884087442806e-05
19559,2.541942043721403e-05
17903,2.541942043721403e-05
33414,0.0
32073,0.0
23515,2.541942043721403e-05
29922,5.083884087442806e-05
7106,0.00017793594306049823
29399,0.0
7526,5.083884087442806e-05
30905,2.541942043721403e-05
28089,2.541942043721403e-05
33175,0.0
30932,0.0
33618,5.083884087442806e-05
20185,2.541942043721403e-05
29611,0.0
13165,2.541942043721403e-05
28595,0.0
7960,2.541942043721403e-05
33238,0.0
13463,0.0
29487,0.0
32842,0.0
29832,0.0
30417,0.0
33002,0.0
10953,5.083884087442806e-05
28073,2.541942043721403e-05
26133,2.541942043721403e-05
30403,2.541942043721403e-05
29727,0.0
3879,0.00012709710218607016
29459,5.083884087442806e-05
22591,5.083884087442806e-05
6018,2.541942043721403e-05
24121,2.541942043721403e-05
22609,2.541942043721403e-05
33122,0.0
33310,2.541942043721403e-05
12359,2.541942043721403e-05
33913,0.0
19849,7.62582613116421e-05
27399,5.083884087442806e-05
29729,2.541942043721403e-05
32143,2.541942043721403e-05
32147,2.541942043721403e-05
33789,0.0
22675,7.62582613116421e-05
22631,5.083884087442806e-05
22635,5.083884087442806e-05
22633,5.083884087442806e-05
17359,5.083884087442806e-05
25941,5.083884087442806e-05
32145,2.541942043721403e-05
32146,2.541942043721403e-05
8324,0.0001525165226232842
7709,7.62582613116421e-05
4331,0.00010167768174885612
10856,5.083884087442806e-05
10855,5.083884087442806e-05
6063,2.541942043721403e-05
16434,5.083884087442806e-05
34156,0.0
32736,2.541942043721403e-05
29613,0.0
30646,0.0
16458,2.541942043721403e-05
16460,2.541942043721403e-05
29177,2.541942043721403e-05
23739,0.00017793594306049823
32660,0.0
29953,0.0
10466,7.62582613116421e-05
3458,5.083884087442806e-05
23177,7.62582613116421e-05
21981,2.541942043721403e-05
15897,2.541942043721403e-05
31464,2.541942043721403e-05
31465,5.083884087442806e-05
30386,0.0
31078,0.0
20005,7.62582613116421e-05
17423,2.541942043721403e-05
25601,2.541942043721403e-05
29393,7.62582613116421e-05
29397,7.62582613116421e-05
29391,7.62582613116421e-05
19909,2.541942043721403e-05
5018,0.0001525165226232842
34235,0.0
31642,0.0
30200,0.0
30803,0.0
34476,2.541942043721403e-05
3769,7.62582613116421e-05
29898,5.083884087442806e-05
22493,5.083884087442806e-05
22623,2.541942043721403e-05
22617,2.541942043721403e-05
17613,5.083884087442806e-05
32621,0.0
22577,2.541942043721403e-05
22569,2.541942043721403e-05
31667,0.0
31647,2.541942043721403e-05
23089,2.541942043721403e-05
7527,5.083884087442806e-05
13103,2.541942043721403e-05
30360,2.541942043721403e-05
23633,2.541942043721403e-05
23635,2.541942043721403e-05
2093,5.083884087442806e-05
29925,5.083884087442806e-05
27451,2.541942043721403e-05
27455,2.541942043721403e-05
27457,2.541942043721403e-05
27459,2.541942043721403e-05
6524,2.541942043721403e-05
27463,2.541942043721403e-05
27465,5.083884087442806e-05
27461,2.541942043721403e-05
27453,2.541942043721403e-05
22593,0.00010167768174885612
8670,2.541942043721403e-05
30765,5.083884087442806e-05
34118,0.0
24811,5.083884087442806e-05
25983,2.541942043721403e-05
17313,2.541942043721403e-05
16650,5.083884087442806e-05
17321,2.541942043721403e-05
17317,2.541942043721403e-05
18339,2.541942043721403e-05
18341,2.541942043721403e-05
32385,0.00010167768174885612
32148,2.541942043721403e-05
29377,2.541942043721403e-05
34406,0.0
9426,2.541942043721403e-05
9533,2.541942043721403e-05
9542,0.0001525165226232842
10459,7.62582613116421e-05
11589,5.083884087442806e-05
19009,2.541942043721403e-05
15873,2.541942043721403e-05
5240,2.541942043721403e-05
23889,2.541942043721403e-05
30095,2.541942043721403e-05
29910,2.541942043721403e-05
33278,5.083884087442806e-05
33258,0.0
29936,0.0
29937,0.0
29935,0.0
15905,5.083884087442806e-05
33761,0.0
29483,0.0
33630,0.0
9438,2.541942043721403e-05
32219,0.0
16526,5.083884087442806e-05
17721,2.541942043721403e-05
7473,2.541942043721403e-05
10607,0.00012709710218607016
29477,2.541942043721403e-05
19467,2.541942043721403e-05
32768,2.541942043721403e-05
3372,2.541942043721403e-05
14249,0.00012709710218607016
22241,7.62582613116421e-05
13459,2.541942043721403e-05
32851,2.541942043721403e-05
22391,2.541942043721403e-05
29797,2.541942043721403e-05
6195,2.541942043721403e-05
3073,2.541942043721403e-05
9536,7.62582613116421e-05
15069,2.541942043721403e-05
31302,5.083884087442806e-05
31898,0.0
32221,0.0
4547,2.541942043721403e-05
20147,5.083884087442806e-05
16620,5.083884087442806e-05
29375,0.0
16566,2.541942043721403e-05
16490,2.541942043721403e-05
16562,2.541942043721403e-05
19875,5.083884087442806e-05
14781,5.083884087442806e-05
33237,0.0
20003,5.083884087442806e-05
7211,2.541942043721403e-05
25623,2.541942043721403e-05
9061,5.083884087442806e-05
31373,0.0
33710,0.0
10653,5.083884087442806e-05
33535,2.541942043721403e-05
9212,2.541942043721403e-05
8567,2.541942043721403e-05
30138,0.0
33078,0.0
30204,0.0
31547,0.0
8685,5.083884087442806e-05
32559,0.0
4940,0.00010167768174885612
23707,2.541942043721403e-05
17427,2.541942043721403e-05
5997,0.00010167768174885612
33239,2.541942043721403e-05
32397,0.0
29471,0.0
4574,5.083884087442806e-05
8561,5.083884087442806e-05
23593,2.541942043721403e-05
33856,2.541942043721403e-05
33857,0.0
25915,7.62582613116421e-05
3869,5.083884087442806e-05
15393,2.541942043721403e-05
29798,2.541942043721403e-05
5810,2.541942043721403e-05
13365,7.62582613116421e-05
29637,5.083884087442806e-05
9993,7.62582613116421e-05
29559,7.62582613116421e-05
21483,2.541942043721403e-05
10077,2.541942043721403e-05
22973,2.541942043721403e-05
7696,7.62582613116421e-05
7697,0.00010167768174885612
7698,7.62582613116421e-05
8678,0.0001525165226232842
29547,2.541942043721403e-05
29545,0.0
22627,2.541942043721403e-05
34191,0.0
30378,2.541942043721403e-05
29675,5.083884087442806e-05
31052,0.0
22399,2.541942043721403e-05
30059,5.083884087442806e-05
33860,2.541942043721403e-05
23867,2.541942043721403e-05
28561,0.0
27681,2.541942043721403e-05
33824,0.0
32734,2.541942043721403e-05
28017,2.541942043721403e-05
29733,0.0
28615,2.541942043721403e-05
4684,2.541942043721403e-05
27961,2.541942043721403e-05
33318,0.0
10850,2.541942043721403e-05
16245,5.083884087442806e-05
33163,2.541942043721403e-05
28693,0.0
32897,0.0
10045,0.00010167768174885612
29744,2.541942043721403e-05
17835,2.541942043721403e-05
7216,7.62582613116421e-05
7398,2.541942043721403e-05
30028,2.541942043721403e-05
10241,7.62582613116421e-05
25607,2.541942043721403e-05
22523,2.541942043721403e-05
27379,2.541942043721403e-05
19167,2.541942043721403e-05
16788,2.541942043721403e-05
10820,0.00012709710218607016
8955,5.083884087442806e-05
20797,2.541942043721403e-05
8041,5.083884087442806e-05
32583,0.0
25035,2.541942043721403e-05
29647,7.62582613116421e-05
25329,2.541942043721403e-05
2096,7.62582613116421e-05
28887,0.0
32627,0.0
15961,5.083884087442806e-05
30097,0.0
33906,2.541942043721403e-05
27811,2.541942043721403e-05
31264,0.0
31265,0.0
25979,2.541942043721403e-05
26007,7.62582613116421e-05
33760,0.0
32796,0.0
32797,0.0
33193,0.0
33195,0.0
33194,0.0
33196,0.0
10506,0.0
9404,2.541942043721403e-05
25093,2.541942043721403e-05
30201,2.541942043721403e-05
18683,5.083884087442806e-05
1739,5.083884087442806e-05
30983,0.0
24441,2.541942043721403e-05
33801,0.0
30447,0.0
33538,0.0
33539,0.0
33540,0.0
18939,2.541942043721403e-05
18941,0.0
32014,0.0
18943,2.541942043721403e-05
20963,2.541942043721403e-05
28293,0.0
9885,2.541942043721403e-05
21547,2.541942043721403e-05
21487,2.541942043721403e-05
21489,2.541942043721403e-05
23393,5.083884087442806e-05
25065,2.541942043721403e-05
17221,2.541942043721403e-05
33132,0.0
10304,5.083884087442806e-05
15875,5.083884087442806e-05
16486,2.541942043721403e-05
7980,7.62582613116421e-05
9749,2.541942043721403e-05
17315,2.541942043721403e-05
30045,7.62582613116421e-05
22401,2.541942043721403e-05
22657,2.541942043721403e-05
16510,5.083884087442806e-05
22997,2.541942043721403e-05
15823,5.083884087442806e-05
26223,2.541942043721403e-05
26157,5.083884087442806e-05
14069,0.00010167768174885612
15579,2.541942043721403e-05
22313,2.541942043721403e-05
26159,5.083884087442806e-05
7052,7.62582613116421e-05
31508,0.0
10633,2.541942043721403e-05
26263,2.541942043721403e-05
13449,5.083884087442806e-05
9546,7.62582613116421e-05
30939,2.541942043721403e-05
2712,5.083884087442806e-05
30208,0.0
29401,2.541942043721403e-05
33415,0.0
6091,2.541942043721403e-05
29389,0.0
5933,7.62582613116421e-05
33484,2.541942043721403e-05
30070,2.541942043721403e-05
22683,5.083884087442806e-05
22995,2.541942043721403e-05
19981,2.541942043721403e-05
10756,2.541942043721403e-05
29741,0.0
9349,5.083884087442806e-05
24789,5.083884087442806e-05
31942,0.0
30960,0.0
9879,7.62582613116421e-05
10369,5.083884087442806e-05
7092,0.00010167768174885612
25075,2.541942043721403e-05
33199,0.0
8829,2.541942043721403e-05
8832,2.541942043721403e-05
32884,0.0
33200,0.0
26151,2.541942043721403e-05
30940,0.0
13307,0.00010167768174885612
19983,2.541942043721403e-05
7639,2.541942043721403e-05
31321,0.0
20223,2.541942043721403e-05
19887,2.541942043721403e-05
27963,2.541942043721403e-05
17211,0.00010167768174885612
33855,0.0
33757,0.0
24085,2.541942043721403e-05
30982,0.0
32226,0.0
10541,5.083884087442806e-05
11611,5.083884087442806e-05
11609,2.541942043721403e-05
13551,2.541942043721403e-05
1863,5.083884087442806e-05
32369,0.0
32888,0.0
31829,2.541942043721403e-05
29756,0.00010167768174885612
32609,0.0
2101,7.62582613116421e-05
32757,2.541942043721403e-05
11405,2.541942043721403e-05
28019,2.541942043721403e-05
26321,2.541942043721403e-05
19999,5.083884087442806e-05
10774,0.00012709710218607016
8143,2.541942043721403e-05
31450,0.00010167768174885612
16804,2.541942043721403e-05
28573,0.0
23979,2.541942043721403e-05
28555,0.0
30933,0.0
24669,2.541942043721403e-05
16814,2.541942043721403e-05
30082,2.541942043721403e-05
18283,2.541942043721403e-05
18303,2.541942043721403e-05
22393,7.62582613116421e-05
22791,2.541942043721403e-05
31948,0.0
21517,2.541942043721403e-05
21941,5.083884087442806e-05
16988,7.62582613116421e-05
21933,2.541942043721403e-05
27499,2.541942043721403e-05
21935,2.541942043721403e-05
21973,5.083884087442806e-05
27501,2.541942043721403e-05
21937,2.541942043721403e-05
10061,5.083884087442806e-05
21943,2.541942043721403e-05
21945,2.541942043721403e-05
9007,2.541942043721403e-05
27371,2.541942043721403e-05
17213,2.541942043721403e-05
22037,2.541942043721403e-05
17004,5.083884087442806e-05
21947,2.541942043721403e-05
17215,5.083884087442806e-05
27569,2.541942043721403e-05
21951,5.083884087442806e-05
21953,5.083884087442806e-05
18591,5.083884087442806e-05
27491,2.541942043721403e-05
27495,2.541942043721403e-05
27571,2.541942043721403e-05
27497,2.541942043721403e-05
16163,2.541942043721403e-05
21957,5.083884087442806e-05
21955,2.541942043721403e-05
21959,5.083884087442806e-05
10056,2.541942043721403e-05
22035,5.083884087442806e-05
29901,2.541942043721403e-05
21291,2.541942043721403e-05
21961,2.541942043721403e-05
18355,5.083884087442806e-05
9446,2.541942043721403e-05
9451,5.083884087442806e-05
32676,0.0
19433,2.541942043721403e-05
27373,5.083884087442806e-05
21975,5.083884087442806e-05
27683,2.541942043721403e-05
23617,5.083884087442806e-05
17219,2.541942043721403e-05
21293,5.083884087442806e-05
17006,5.083884087442806e-05
10060,2.541942043721403e-05
10684,2.541942043721403e-05
20113,2.541942043721403e-05
21295,2.541942043721403e-05
18357,2.541942043721403e-05
10057,2.541942043721403e-05
21963,2.541942043721403e-05
10059,2.541942043721403e-05
10685,2.541942043721403e-05
21297,2.541942043721403e-05
14381,2.541942043721403e-05
21967,5.083884087442806e-05
21969,5.083884087442806e-05
21971,2.541942043721403e-05
27493,2.541942043721403e-05
10058,7.62582613116421e-05
33188,0.0
11497,2.541942043721403e-05
30024,0.0
3822,7.62582613116421e-05
30210,0.0
9965,5.083884087442806e-05
30762,0.0
31005,0.0
17619,2.541942043721403e-05
32074,0.0
3451,5.083884087442806e-05
18447,0.00010167768174885612
24819,2.541942043721403e-05
30120,0.0
32868,2.541942043721403e-05
27575,2.541942043721403e-05
15111,2.541942043721403e-05
18703,2.541942043721403e-05
9500,2.541942043721403e-05
3497,5.083884087442806e-05
31238,2.541942043721403e-05
29657,5.083884087442806e-05
32756,2.541942043721403e-05
29429,2.541942043721403e-05
29475,0.0
10989,2.541942043721403e-05
23911,2.541942043721403e-05
32629,0.0
9906,2.541942043721403e-05
3575,2.541942043721403e-05
3885,0.00010167768174885612
6482,2.541942043721403e-05
33999,2.541942043721403e-05
6481,5.083884087442806e-05
34000,2.541942043721403e-05
33998,2.541942043721403e-05
4440,2.541942043721403e-05
33320,0.0
7683,2.541942043721403e-05
11713,2.541942043721403e-05
4553,0.00020335536349771224
25101,2.541942043721403e-05
24969,2.541942043721403e-05
25103,5.083884087442806e-05
29505,2.541942043721403e-05
26011,5.083884087442806e-05
6583,0.00010167768174885612
14529,7.62582613116421e-05
17991,7.62582613116421e-05
17989,5.083884087442806e-05
16790,2.541942043721403e-05
30013,7.62582613116421e-05
30159,0.0
16806,2.541942043721403e-05
6981,2.541942043721403e-05
16454,7.62582613116421e-05
32852,2.541942043721403e-05
34490,0.0
2701,7.62582613116421e-05
32907,0.0
22845,2.541942043721403e-05
26035,2.541942043721403e-05
8644,5.083884087442806e-05
30961,0.0
16568,2.541942043721403e-05
30284,0.0
19517,2.541942043721403e-05
26261,2.541942043721403e-05
29799,2.541942043721403e-05
26219,2.541942043721403e-05
9562,7.62582613116421e-05
16754,2.541942043721403e-05
14821,2.541942043721403e-05
32590,0.0
18629,2.541942043721403e-05
18567,2.541942043721403e-05
18569,5.083884087442806e-05
33662,0.0
13435,5.083884087442806e-05
19535,5.083884087442806e-05
21255,5.083884087442806e-05
30153,0.0
32142,2.541942043721403e-05
20235,5.083884087442806e-05
3937,0.00012709710218607016
29485,0.0
31691,0.0
32663,0.0
6519,0.00010167768174885612
19843,5.083884087442806e-05
30232,2.541942043721403e-05
30754,0.0
15865,7.62582613116421e-05
33543,7.62582613116421e-05
26093,2.541942043721403e-05
30971,0.0
23003,2.541942043721403e-05
29103,2.541942043721403e-05
15129,2.541942043721403e-05
31486,7.62582613116421e-05
17487,2.541942043721403e-05
27377,2.541942043721403e-05
31299,5.083884087442806e-05
21869,7.62582613116421e-05
26311,7.62582613116421e-05
19989,2.541942043721403e-05
16728,5.083884087442806e-05
32149,2.541942043721403e-05
29425,0.0
26269,2.541942043721403e-05
30012,7.62582613116421e-05
32585,0.0
29669,5.083884087442806e-05
33822,0.0
31861,0.0
5986,7.62582613116421e-05
32812,2.541942043721403e-05
5922,0.00020335536349771224
26273,2.541942043721403e-05
26239,2.541942043721403e-05
32167,2.541942043721403e-05
24619,2.541942043721403e-05
29457,5.083884087442806e-05
25987,2.541942043721403e-05
18907,2.541942043721403e-05
2930,2.541942043721403e-05
32732,2.541942043721403e-05
23723,5.083884087442806e-05
33077,0.0
29856,2.541942043721403e-05
11681,2.541942043721403e-05
19445,2.541942043721403e-05
27993,5.083884087442806e-05
7982,0.00010167768174885612
17961,0.0001525165226232842
29151,0.0
30582,0.0
23915,5.083884087442806e-05
22065,7.62582613116421e-05
7629,2.541942043721403e-05
5943,5.083884087442806e-05
7459,2.541942043721403e-05
25149,5.083884087442806e-05
12401,5.083884087442806e-05
8524,7.62582613116421e-05
31892,2.541942043721403e-05
31893,2.541942043721403e-05
7955,7.62582613116421e-05
18919,2.541942043721403e-05
9416,7.62582613116421e-05
9417,0.00010167768174885612
29501,0.0
9949,5.083884087442806e-05
4621,2.541942043721403e-05
7844,7.62582613116421e-05
9956,2.541942043721403e-05
15399,2.541942043721403e-05
32593,0.0
8081,5.083884087442806e-05
16746,2.541942043721403e-05
8189,2.541942043721403e-05
31259,0.0
29369,0.0
27839,2.541942043721403e-05
30537,5.083884087442806e-05
28591,7.62582613116421e-05
33887,0.0
20111,2.541942043721403e-05
12529,2.541942043721403e-05
19049,2.541942043721403e-05
19991,2.541942043721403e-05
20125,2.541942043721403e-05
30928,0.0
26339,2.541942043721403e-05
24803,2.541942043721403e-05
31055,5.083884087442806e-05
26149,2.541942043721403e-05
8539,0.00010167768174885612
30036,0.0
17201,2.541942043721403e-05
19513,2.541942043721403e-05
23407,2.541942043721403e-05
32799,0.0
29473,0.0
26275,2.541942043721403e-05
33525,0.0
29780,2.541942043721403e-05
33533,0.0
30408,2.541942043721403e-05
33884,2.541942043721403e-05
25069,7.62582613116421e-05
13457,0.0
29209,0.0
26287,2.541942043721403e-05
10242,2.541942043721403e-05
20233,5.083884087442806e-05
9825,2.541942043721403e-05
6730,7.62582613116421e-05
33702,0.0
12657,7.62582613116421e-05
32855,2.541942043721403e-05
30135,0.0
23769,2.541942043721403e-05
21711,7.62582613116421e-05
32144,0.0
6124,2.541942043721403e-05
5278,0.00017793594306049823
29073,0.0
28685,2.541942043721403e-05
2366,7.62582613116421e-05
29667,5.083884087442806e-05
10812,2.541942043721403e-05
32758,2.541942043721403e-05
18137,5.083884087442806e-05
22131,2.541942043721403e-05
25079,5.083884087442806e-05
20087,2.541942043721403e-05
12341,0.00010167768174885612
21509,2.541942043721403e-05
6917,5.083884087442806e-05
29649,5.083884087442806e-05
12905,2.541942043721403e-05
15139,5.083884087442806e-05
33691,0.0
32861,2.541942043721403e-05
32598,0.0
29479,0.0
5473,5.083884087442806e-05
29929,5.083884087442806e-05
28023,2.541942043721403e-05
9175,2.541942043721403e-05
12903,2.541942043721403e-05
10943,2.541942043721403e-05
6273,2.541942043721403e-05
32646,0.0
19555,2.541942043721403e-05
32889,2.541942043721403e-05
32890,2.541942043721403e-05
19311,2.541942043721403e-05
12901,2.541942043721403e-05
4131,2.541942043721403e-05
23537,2.541942043721403e-05
12899,7.62582613116421e-05
3975,0.00010167768174885612
6989,5.083884087442806e-05
21037,7.62582613116421e-05
29283,2.541942043721403e-05
10224,0.00017793594306049823
33086,0.0
12897,7.62582613116421e-05
12887,2.541942043721403e-05
12895,2.541942043721403e-05
19985,2.541942043721403e-05
26447,5.083884087442806e-05
17649,2.541942043721403e-05
19059,2.541942043721403e-05
10815,7.62582613116421e-05
16830,2.541942043721403e-05
18269,2.541942043721403e-05
23641,2.541942043721403e-05
8345,2.541942043721403e-05
34078,2.541942043721403e-05
8346,2.541942043721403e-05
30049,0.0
30054,0.0
10250,5.083884087442806e-05
10244,2.541942043721403e-05
25981,5.083884087442806e-05
4682,7.62582613116421e-05
4681,7.62582613116421e-05
11695,5.083884087442806e-05
8753,0.0001525165226232842
10909,2.541942043721403e-05
30122,0.0
17621,2.541942043721403e-05
34453,0.0
12835,2.541942043721403e-05
12861,5.083884087442806e-05
16253,2.541942043721403e-05
30977,0.0
20225,5.083884087442806e-05
34038,0.0
32388,7.62582613116421e-05
32580,0.0
6658,0.00010167768174885612
33085,0.0
29800,5.083884087442806e-05
30973,2.541942043721403e-05
29917,5.083884087442806e-05
4598,0.00010167768174885612
32639,0.0
21713,2.541942043721403e-05
29153,2.541942043721403e-05
30931,0.0
6522,7.62582613116421e-05
30863,0.0
33787,0.0
32637,0.0
12833,2.541942043721403e-05
27851,2.541942043721403e-05
13303,5.083884087442806e-05
30941,0.0
5921,7.62582613116421e-05
6528,2.541942043721403e-05
30131,0.0
30605,0.0
25599,5.083884087442806e-05
25597,2.541942043721403e-05
31269,0.0
30029,0.0
16832,2.541942043721403e-05
22561,2.541942043721403e-05
18627,2.541942043721403e-05
33083,0.0
33084,0.0
24447,2.541942043721403e-05
20145,2.541942043721403e-05
23741,7.62582613116421e-05
31476,0.0
33124,2.541942043721403e-05
17106,2.541942043721403e-05
31266,0.0
9228,5.083884087442806e-05
4544,2.541942043721403e-05
2708,2.541942043721403e-05
12139,2.541942043721403e-05
6868,0.00010167768174885612
21161,2.541942043721403e-05
33916,0.0
29747,0.0
30083,2.541942043721403e-05
22219,2.541942043721403e-05
33319,0.0
33791,2.541942043721403e-05
22503,7.62582613116421e-05
29099,2.541942043721403e-05
30875,0.0
33099,0.0
29867,5.083884087442806e-05
30974,0.0
29363,2.541942043721403e-05
30085,2.541942043721403e-05
30207,0.0
22279,2.541942043721403e-05
33776,0.0
22711,2.541942043721403e-05
9952,5.083884087442806e-05
19839,2.541942043721403e-05
12005,5.083884087442806e-05
12039,5.083884087442806e-05
12037,2.541942043721403e-05
25173,7.62582613116421e-05
31925,5.083884087442806e-05
33429,2.541942043721403e-05
15977,5.083884087442806e-05
31696,0.0
31697,2.541942043721403e-05
33357,0.0
29986,0.0
33866,2.541942043721403e-05
4088,5.083884087442806e-05
30767,2.541942043721403e-05
12809,2.541942043721403e-05
12807,2.541942043721403e-05
7419,7.62582613116421e-05
33758,0.0
31701,0.0
12091,7.62582613116421e-05
29133,2.541942043721403e-05
22757,7.62582613116421e-05
24839,2.541942043721403e-05
5303,0.00010167768174885612
12799,2.541942043721403e-05
31150,0.0
9973,5.083884087442806e-05
18491,2.541942043721403e-05
6156,5.083884087442806e-05
18489,5.083884087442806e-05
32230,0.0
9822,0.0001525165226232842
32751,7.62582613116421e-05
31700,0.0
32933,2.541942043721403e-05
30140,0.0
32807,0.0
32820,0.0
32819,0.0
32821,0.0
32808,0.0
32818,0.0
32809,0.0
24603,7.62582613116421e-05
32269,2.541942043721403e-05
32270,0.0
31348,0.0
33744,0.0
12795,2.541942043721403e-05
15815,5.083884087442806e-05
29837,2.541942043721403e-05
26313,2.541942043721403e-05
31177,2.541942043721403e-05
10554,7.62582613116421e-05
10563,2.541942043721403e-05
20205,2.541942043721403e-05
30165,2.541942043721403e-05
30985,0.0
28557,0.0
23765,7.62582613116421e-05
23767,5.083884087442806e-05
17471,2.541942043721403e-05
12793,2.541942043721403e-05
30116,0.0
32642,2.541942043721403e-05
12791,2.541942043721403e-05
32916,0.0
10705,5.083884087442806e-05
10706,5.083884087442806e-05
18817,2.541942043721403e-05
33933,0.0
30969,0.0
32644,0.0
33908,5.083884087442806e-05
25749,7.62582613116421e-05
29739,7.62582613116421e-05
5468,5.083884087442806e-05
21277,2.541942043721403e-05
21275,2.541942043721403e-05
7646,2.541942043721403e-05
29970,2.541942043721403e-05
28201,7.62582613116421e-05
25589,2.541942043721403e-05
33764,0.0
20227,2.541942043721403e-05
33777,0.0
25815,2.541942043721403e-05
10113,0.00010167768174885612
27467,2.541942043721403e-05
33762,0.0
33763,0.0
32920,0.0
31317,0.0
26113,2.541942043721403e-05
12781,2.541942043721403e-05
31170,2.541942043721403e-05
23351,2.541942043721403e-05
7625,0.00010167768174885612
21129,2.541942043721403e-05
12771,5.083884087442806e-05
24981,2.541942043721403e-05
30119,0.0
30169,2.541942043721403e-05
15657,2.541942043721403e-05
28055,0.00012709710218607016
30957,0.0
31872,0.0
23345,2.541942043721403e-05
15141,7.62582613116421e-05
33828,0.0
3500,2.541942043721403e-05
24575,2.541942043721403e-05
26097,2.541942043721403e-05
30213,0.0
5841,2.541942043721403e-05
26307,2.541942043721403e-05
12769,7.62582613116421e-05
29812,5.083884087442806e-05
33846,2.541942043721403e-05
29751,0.0
32850,2.541942043721403e-05
30998,0.0
30763,7.62582613116421e-05
12767,2.541942043721403e-05
6448,0.00010167768174885612
18983,2.541942043721403e-05
22197,2.541942043721403e-05
12765,2.541942043721403e-05
30309,2.541942043721403e-05
6272,7.62582613116421e-05
31838,2.541942043721403e-05
33048,0.0
30211,0.0
5821,7.62582613116421e-05
4790,2.541942043721403e-05
33571,0.0
33570,0.0
9520,0.00010167768174885612
9522,7.62582613116421e-05
5234,0.0001525165226232842
23313,2.541942043721403e-05
10987,7.62582613116421e-05
22709,2.541942043721403e-05
23315,2.541942043721403e-05
31698,2.541942043721403e-05
33339,0.0
11093,5.083884087442806e-05
31427,0.0
32733,2.541942043721403e-05
19717,2.541942043721403e-05
12759,2.541942043721403e-05
32557,0.0
30089,0.0
30090,2.541942043721403e-05
13167,2.541942043721403e-05
11097,2.541942043721403e-05
11095,2.541942043721403e-05
7808,0.00012709710218607016
28543,0.0
18967,2.541942043721403e-05
13455,2.541942043721403e-05
34096,0.0
34134,0.0
30484,0.00010167768174885612
25777,0.0
34437,0.0
33486,0.0
32937,0.0
33506,0.0
33417,0.0
30727,0.0
33352,0.0
33248,0.0
31765,0.0
32887,0.0
33487,0.0
30455,0.0
33047,0.0
31783,0.0
34451,0.0
33852,0.0
25537,0.0
33743,0.0
33845,0.0
33674,2.541942043721403e-05
33489,0.0
32949,0.0
30485,0.0
32901,0.0
34055,0.0
32981,0.0
34176,0.0
33010,0.0
31537,0.0
31931,0.0
31629,0.0
33018,0.0
29643,0.0
33337,0.0
33736,0.0
34051,0.0
33839,0.0
34350,0.0
33818,0.0
34465,0.0
33820,0.0
20471,0.0
33564,0.0
33371,0.0
32878,0.0
33573,0.0
31853,0.0
32086,0.0
33071,0.0
33475,0.0
33354,0.0
9488,2.541942043721403e-05
34525,0.0
28833,0.0
33729,0.0
33730,0.0
33388,0.0
34088,0.0
32830,0.0
28377,0.0
34257,0.0
32407,0.0
32152,0.0
31456,0.0
34244,0.0
34346,0.0
34008,0.0
34497,0.0
33988,0.0
34430,0.0
32271,0.0
34299,0.0
33672,0.0
31678,0.0
32212,0.0
34208,0.0
3786,0.0
30778,0.0
34321,0.0
34100,0.0
33049,0.0
33050,0.0
34338,0.0
34332,0.0
34427,0.0
33203,0.0
33731,0.0
33457,0.0
34280,0.0
34488,0.0
34485,0.0
32455,0.0
33389,0.0
32936,0.0
31433,0.0
28613,0.0
33783,0.0
34527,0.0
34279,0.0
30532,0.0
23279,0.0
33378,0.0
34403,0.0
34016,0.0
34125,0.0
21877,0.0
33948,0.0
33204,0.0
33797,0.0
34028,0.0
33899,0.0
33733,0.0
33027,0.0
34012,0.0
33012,0.0
33840,0.0
33532,0.0
34198,0.0
33089,0.0
32133,0.0
34501,0.0
34032,0.0
33191,0.0
31758,0.0
34104,0.0
33206,0.0
33519,0.0
33520,0.0
31658,0.0
31812,0.0
34106,0.0
34151,0.0
33735,0.0
34021,0.0
17947,0.0
32900,0.0
33788,0.0
33737,0.0
31422,0.0
31445,0.0
20715,0.0
30448,0.0
34391,0.0
34223,0.0
34383,0.0
34277,0.0
33850,0.0
34264,0.0
32447,0.0
34148,0.0
34392,0.0
33983,0.0
33949,0.0
34262,0.0
34161,0.0
33185,0.0
33447,0.0
30695,0.0
24023,0.0
33391,0.0
33019,0.0
32262,0.0
34348,0.0
32951,0.0
34393,0.0
33726,0.0
34494,0.0
34102,0.0
33889,0.0
34289,0.0
32032,0.0
33836,0.0
32836,0.0
32843,0.0
34456,0.0
34315,0.0
30736,0.0
30223,0.0
33095,0.0
33502,0.0
33834,0.0
33362,0.0
33036,0.0
33013,0.0
27783,0.0
34086,0.0
34310,0.0
33308,0.0
34177,0.0
34449,0.0
32596,0.0
34416,0.0
33473,0.0
21305,0.0
33581,0.0
23275,0.0
34019,0.0
34474,0.0
34498,0.0
34076,0.0
33064,0.0
33478,0.0
32924,0.0
32012,0.0
34522,0.0
34022,0.0
34467,0.0
32615,0.0
32222,0.0
34471,0.0
34284,0.0
34445,0.0
33035,0.0
33390,0.0
11879,0.009862735129639044
29575,0.002541942043721403
15843,0.004219623792577529
21097,0.004473817996949669
2238,0.01532791052364006
10779,0.004829689883070666
10380,0.011082867310625319
25345,0.0017539400101677682
22069,0.003355363497712252
8634,0.04382308083375699
12375,0.004575495678698526
3559,0.004524656837824098
32587,0.0
21829,0.003482460599898322
15537,0.0029740721911540417
11827,0.005998983223182512
24641,0.0035332994407727505
6893,0.01903914590747331
2798,0.01840366039654296
10048,0.00157600406710727
7411,0.013192679206914082
32355,0.0
5959,0.007041179461108287
22429,0.004092526690391459
7748,0.022877478393492627
719,0.03045246568378241
9322,0.009506863243518049
5774,0.03190137264870361
4502,0.008185053380782919
20377,0.0019827147941026946
20801,0.002694458566344687
33322,0.0
31886,0.0
18655,0.0020335536349771225
8110,0.006786985256736147
14991,0.005058464667005593
13221,0.005973563802745298
3918,0.010167768174885612
5097,0.009608540925266904
3102,0.0071174377224199285
3220,0.0036603965429588205
31789,0.0
16474,0.0019064565327910523
15097,0.0049059481443823084
28779,0.002567361464158617
29083,0.0011947127605490594
12143,0.004219623792577529
30614,0.0013218098627351296
30243,0.0019318759532282665
3210,0.03657854600915099
18691,0.0020843924758515505
8291,0.004219623792577529
30891,0.0
30702,0.0013472292831723436
32667,0.0013472292831723436
10419,0.00327910523640061
10683,0.00472801220132181
3939,0.0039908490086426026
2372,0.009227249618708694
29261,0.0014743263853584138
28157,0.0010421962379257752
2135,0.010981189628876462
7053,0.00971021860701576
19051,0.0037620742247076767
25667,0.0029740721911540417
21521,0.004575495678698526
32423,0.0005592272496187087
13057,0.0036603965429588205
2867,0.007371631926792069
14127,0.0030249110320284696
16472,0.0028978139298423996
9311,0.004168784951703101
29808,0.0011438739196746315
15291,0.0038891713268937467
32872,0.0
18525,0.0019572953736654805
15841,0.004346720894763599
1787,0.010142348754448399
16638,0.0025927808845958313
33231,0.0
28961,0.0029486527707168276
6465,0.0036603965429588205
32620,0.0011438739196746315
17867,0.002465683782409761
9435,0.004702592780884596
5315,0.0029740721911540417
31788,0.0
6590,0.0039908490086426026
18693,0.0020843924758515505
4763,0.0037112353838332484
21925,0.002287747839349263
23479,0.002338586680223691
10106,0.003228266395526182
5194,0.007549567869852568
10694,0.004931367564819522
3771,0.0060752414844941535
2446,0.003253685815963396
4358,0.008947635993899338
16914,0.0022369089984748346
29807,0.0009150991357397051
11321,0.005998983223182512
20849,0.004168784951703101
32518,0.0
6194,0.005592272496187087
8039,0.003177427554651754
10280,0.0020843924758515505
5902,0.023741738688357904
32063,0.0
741,0.04885612608032537
13595,0.003863751906456533
19859,0.0011947127605490594
29809,0.0012201321809862736
13219,0.002389425521098119
12959,0.002694458566344687
31810,0.0
21001,0.0011184544992374173
2432,0.018937468225724452
17745,0.0017285205897305542
3992,0.003838332486019319
3375,0.04717844433146924
2433,0.004804270462633452
3970,0.005592272496187087
3479,0.005770208439247585
30898,0.000813421453990849
2852,0.006456532791052364
5719,0.017946110828673107
10488,0.0033045246568378242
21363,0.0013472292831723436
5464,0.0069903406202338585
2136,0.010981189628876462
747,0.024351804778851044
19631,0.0021098118962887646
5762,0.009074733096085408
16642,0.0026690391459074734
4600,0.00485510930350788
31118,0.0013980681240467717
12997,0.0063294356888662934
5784,0.01708185053380783
2873,0.014972038637519065
7178,0.0027707168276563296
2866,0.008185053380782919
22347,0.0012963904422979157
1401,0.019801728520589732
2396,0.005541433655312659
3941,0.002338586680223691
4360,0.0036603965429588205
21069,0.0019064565327910523
734,0.005643111337061515
16189,0.002135231316725979
9308,0.010777834265378749
28309,0.001677681748856126
17537,0.0013726487036095577
14379,0.002541942043721403
33962,0.0
24377,0.0020081342145399084
5172,0.004422979156075242
25923,0.000838840874428063
11067,0.002618200305033045
33981,0.0
10458,0.0028978139298423996
13785,0.002999491611591256
11065,0.002923233350279614
203,0.00643111337061515
6892,0.00327910523640061
4010,0.007168276563294357
31117,0.00157600406710727
972,0.021911540416878494
12055,0.00498220640569395
32895,0.0
24911,0.0005846466700559227
14539,0.003355363497712252
4473,0.019140823589222165
10827,0.004219623792577529
6690,0.0023131672597864767
368,0.04224707676664972
4399,0.004194204372140315
34107,0.00043213014743263855
8293,0.0028215556685307576
14543,0.002618200305033045
32405,0.0
33505,0.0
31189,0.0010676156583629894
10695,0.003050330452465684
1408,0.010116929334011185
15541,0.0019572953736654805
3919,0.002211489578037621
5644,0.0012709710218607015
3636,0.0028978139298423996
16059,0.00170310116929334
3478,0.004270462633451958
23665,0.0013980681240467717
2438,0.004346720894763599
28311,0.0013218098627351296
2841,0.007702084392475852
6692,0.003126588713777326
23247,0.0008642602948652771
8918,0.02066598881545501
3679,0.004372140315200813
32239,0.0
23047,0.0014234875444839859
1896,0.012099644128113879
6041,0.0027198779867819013
10668,0.004956786985256736
34246,0.0
32833,0.0
21751,0.0019318759532282665
27413,0.000788002033553635
21597,0.0022369089984748346
27363,0.0008642602948652771
12957,0.0019572953736654805
23033,0.0014489069649211998
33769,0.0
10457,0.0027452974072191155
11747,0.0019572953736654805
24021,0.0008642602948652771
2352,0.00510930350788002
20379,0.0013218098627351296
21349,0.0011438739196746315
11807,0.001626842907981698
28859,0.0010421962379257752
17251,0.0018301982714794102
2411,0.008235892221657347
7730,0.0037366548042704626
29085,0.0008642602948652771
4590,0.004778851042196238
15867,0.002999491611591256
3286,0.003965429588205389
5651,0.001525165226232842
33768,0.0
10590,0.002338586680223691
2505,0.003940010167768175
830,0.013421453990849009
11745,0.002567361464158617
2353,0.002618200305033045
2441,0.004270462633451958
9970,0.004016268429079817
14995,0.0016522623284189121
6531,0.002389425521098119
30242,0.0
22543,0.0011184544992374173
22039,0.0013472292831723436
2681,0.0014489069649211998
6122,0.0035841382816471784
2417,0.014260294865277072
9328,0.004041687849517031
11467,0.0052872394509405184
19569,0.0014743263853584138
33979,0.0005338078291814947
221,0.02168276563294357
5743,0.0020589730554143367
12373,0.0019064565327910523
3537,0.006939501779359431
29573,0.0010421962379257752
24987,0.0011692933401118454
5214,0.002287747839349263
17491,0.0027452974072191155
30741,0.0007117437722419929
12057,0.0051601423487544484
15409,0.0019572953736654805
2410,0.002491103202846975
3707,0.0020589730554143367
6686,0.0017793594306049821
2531,0.004321301474326385
4342,0.0035332994407727505
2539,0.0063294356888662934
3940,0.002491103202846975
320,0.03706151499745806
2413,0.007371631926792069
9442,0.0027198779867819013
1780,0.008591764107778342
30583,0.0015505846466700559
28313,0.0018301982714794102
7276,0.0025927808845958313
24271,0.000788002033553635
2442,0.0018810371123538384
7456,0.004448398576512456
27603,0.0013472292831723436
5054,0.001601423487544484
4027,0.0037620742247076767
5347,0.009761057447890189
9761,0.00932892730045755
14047,0.0010167768174885613
2988,0.004626334519572953
5424,0.00460091509913574
3058,0.004931367564819522
3944,0.004041687849517031
13937,0.0012201321809862736
4127,0.0017793594306049821
4607,0.003482460599898322
1041,0.010498220640569395
5427,0.0019318759532282665
31397,0.00043213014743263855
16644,0.001525165226232842
1042,0.010269445856634469
4698,0.0027707168276563296
19103,0.0009913573970513473
3888,0.006024402643619725
14993,0.0023131672597864767
2960,0.003940010167768175
2377,0.00157600406710727
2982,0.004016268429079817
3999,0.0020843924758515505
1635,0.006634468734112863
24967,0.0012963904422979157
1783,0.00630401626842908
7708,0.0011438739196746315
8651,0.002338586680223691
29705,0.001601423487544484
1263,0.0035332994407727505
24745,0.0010676156583629894
20589,0.0007371631926792069
10420,0.0011184544992374173
33291,0.0
8987,0.0020843924758515505
10546,0.0015505846466700559
3171,0.0018810371123538384
15539,0.0010930350788002034
1634,0.008337569903406202
20995,0.0009659379766141333
14661,0.0010930350788002034
23719,0.000788002033553635
7969,0.0029486527707168276
23305,0.0017285205897305542
4278,0.0014743263853584138
11997,0.0026690391459074734
9968,0.0020843924758515505
30812,0.0016522623284189121
17541,0.0015505846466700559
1360,0.007041179461108287
3302,0.0035841382816471784
33514,0.0005846466700559227
21393,0.0009913573970513473
13223,0.002465683782409761
10792,0.0020589730554143367
3622,0.0021098118962887646
9310,0.0025165226232841892
2275,0.0026436197254702592
2276,0.002135231316725979
14129,0.0026436197254702592
2134,0.002414844941535333
33865,0.0
2394,0.0028978139298423996
5603,0.00157600406710727
8294,0.0012455516014234875
2140,0.0029486527707168276
9309,0.0018047788510421963
12961,0.0
2148,0.04288256227758007
32864,0.0
6986,0.003177427554651754
5643,0.0017285205897305542
24851,0.0003812913065582105
10256,0.0004829689883070666
2870,0.004168784951703101
2325,0.004956786985256736
25877,0.0009405185561769192
6337,0.001626842907981698
3917,0.0014743263853584138
2896,0.0076512455516014235
7581,0.0018810371123538384
11031,0.002262328418912049
9721,0.004448398576512456
33393,0.0005592272496187087
31518,0.0007117437722419929
7712,0.0020081342145399084
1785,0.008795119471276055
10770,0.0020843924758515505
11349,0.0018810371123538384
1403,0.0021860701576004067
7583,0.0021606507371631925
823,0.0022369089984748346
1387,0.005922724961870869
3239,0.0009659379766141333
31401,0.0006354855109303507
3050,0.005592272496187087
3995,0.0018556176919166242
30128,0.0013726487036095577
9545,0.0019827147941026946
24453,0.0009405185561769192
4816,0.001601423487544484
2188,0.005185561769191663
33588,5.083884087442806e-05
33993,0.0
2955,0.0062023385866802234
33153,0.0
24849,0.0010167768174885613
21059,0.0007371631926792069
5455,0.0016522623284189121
10421,0.0021098118962887646
4057,0.0021860701576004067
24317,0.0006609049313675648
10851,0.004041687849517031
2590,0.003965429588205389
3747,0.0027452974072191155
9588,0.0013472292831723436
4714,0.0018047788510421963
13325,0.0011184544992374173
2533,0.0028469750889679717
2883,0.00327910523640061
29915,0.0006354855109303507
32267,0.0011438739196746315
2445,0.004677173360447382
9638,0.0037112353838332484
217,0.0017793594306049821
11465,0.0013472292831723436
1389,0.0025165226232841892
30460,0.0009913573970513473
32997,0.0008896797153024911
6685,0.0010676156583629894
6220,0.0018301982714794102
31400,0.0009405185561769192
5993,0.001601423487544484
20757,0.0010676156583629894
8655,0.002287747839349263
2138,0.002440264361972547
1359,0.009379766141331977
746,0.04921199796644637
2917,0.0020843924758515505
6891,0.0020589730554143367
9849,0.0037620742247076767
7266,0.00315200813421454
14659,0.0012709710218607015
4004,0.0026436197254702592
18653,0.0019827147941026946
733,0.009405185561769192
18455,0.001525165226232842
30262,0.0006863243518047789
2861,0.0017285205897305542
2324,0.006888662938485003
31885,0.00045754956786985256
32016,0.0
8289,0.002567361464158617
2945,0.0026436197254702592
7179,0.002338586680223691
33165,0.00010167768174885612
3427,0.0014234875444839859
18959,0.0013218098627351296
17543,0.0009150991357397051
5321,0.001499745805795628
13217,0.0011184544992374173
8339,0.0076512455516014235
5653,0.0017793594306049821
5209,0.0021098118962887646
2194,0.0028469750889679717
33138,0.000762582613116421
10392,0.0018810371123538384
2943,0.002567361464158617
3916,0.002262328418912049
2431,0.0020843924758515505
1633,0.004422979156075242
11523,0.0011692933401118454
8837,0.0020843924758515505
8577,0.04979664463650229
6402,0.002211489578037621
1339,0.004194204372140315
24273,0.0013980681240467717
6235,0.0013980681240467717
9467,0.0013472292831723436
8111,0.0017285205897305542
8653,0.001626842907981698
1779,0.002364006100660905
2875,0.0030249110320284696
27879,0.000762582613116421
22901,0.000788002033553635
316,0.003050330452465684
9009,0.0013980681240467717
2021,0.002262328418912049
4946,0.0011947127605490594
34030,0.0
1275,0.0021860701576004067
34311,0.0
3062,0.0021860701576004067
5686,0.0019572953736654805
4304,0.005007625826131164
214,0.0018301982714794102
8292,0.0018810371123538384
2507,0.002923233350279614
753,0.0028723945094051855
3324,0.004448398576512456
17747,0.001525165226232842
188,0.0006863243518047789
3308,0.002287747839349263
1781,0.0019827147941026946
15839,0.0019827147941026946
9287,0.000838840874428063
19857,0.0011184544992374173
23477,0.0005083884087442806
3303,0.001601423487544484
22119,0.0012963904422979157
3403,0.0038891713268937467
1388,0.0027198779867819013
2359,0.003940010167768175
3385,0.0019572953736654805
25055,0.0009405185561769192
24357,0.000762582613116421
30269,0.0005083884087442806
1113,0.001626842907981698
211,0.0019572953736654805
18151,0.000838840874428063
3998,0.0012201321809862736
9778,0.002262328418912049
5324,0.0018047788510421963
1895,0.002211489578037621
12955,0.0013980681240467717
7268,0.0027198779867819013
1821,0.0025165226232841892
1510,0.0029740721911540417
2868,0.0034570411794611084
27909,0.0009659379766141333
3300,0.0008896797153024911
19101,0.001525165226232842
27881,0.0006354855109303507
9904,0.0011184544992374173
2871,0.006710726995424504
2341,0.0033045246568378242
3802,0.0020843924758515505
5213,0.0014743263853584138
2858,0.0035078800203355363
1274,0.0018047788510421963
5924,0.0008642602948652771
31995,0.0009913573970513473
14657,0.0013218098627351296
11749,0.0012709710218607015
5259,0.0018301982714794102
5212,0.0023131672597864767
2329,0.0008642602948652771
4363,0.0026436197254702592
2378,0.0014489069649211998
31740,0.0008896797153024911
3538,0.001677681748856126
1331,0.004702592780884596
29703,0.0003812913065582105
27747,0.0004067107269954245
16187,0.0010930350788002034
32238,0.0
10553,0.0036095577020843926
1272,0.0059481443823080835
3680,0.0030249110320284696
3048,0.002923233350279614
1273,0.00315200813421454
3074,0.000838840874428063
16091,0.0009913573970513473
4490,0.0005338078291814947
3107,0.00327910523640061
2357,0.003075749872902898
23101,0.0010167768174885613
3582,0.0011947127605490594
22655,0.000813421453990849
25669,0.00043213014743263855
10286,0.000788002033553635
1407,0.002389425521098119
2360,0.0019572953736654805
4365,0.0021606507371631925
2859,0.001601423487544484
11185,0.0018556176919166242
11969,0.0014234875444839859
2869,0.0033045246568378242
9006,0.0010676156583629894
7458,0.0014743263853584138
2191,0.0021860701576004067
15845,0.00157600406710727
4491,0.003482460599898322
23519,0.0012201321809862736
3329,0.0011947127605490594
4164,0.0009913573970513473
2328,0.001677681748856126
2189,0.0008642602948652771
651,0.035917641077783426
3350,0.0013980681240467717
10728,0.0010676156583629894
19283,0.000838840874428063
1558,0.0029740721911540417
19629,0.0010930350788002034
6558,0.002618200305033045
2437,0.0022369089984748346
5281,0.0018556176919166242
2371,0.003329944077275038
29916,0.0006863243518047789
18695,0.0011947127605490594
8290,0.0010167768174885613
2139,0.0008896797153024911
3945,0.0006609049313675648
4729,0.0006354855109303507
3442,0.0012709710218607015
3452,0.001677681748856126
6286,0.002491103202846975
2430,0.0011184544992374173
4084,0.000762582613116421
10845,0.007142857142857143
1636,0.004041687849517031
2506,0.002465683782409761
9312,0.002338586680223691
10429,0.0012201321809862736
2342,0.0006100660904931368
4701,0.0014489069649211998
6635,0.0027961362480935434
10327,0.0012963904422979157
3578,0.002465683782409761
10570,0.0013218098627351296
13379,0.0010167768174885613
3301,0.0011947127605490594
4493,0.0018047788510421963
1632,0.0036095577020843926
5565,0.00027961362480935433
29852,0.0007371631926792069
3105,0.0025165226232841892
6689,0.0017539400101677682
3833,0.0011692933401118454
2794,0.0005592272496187087
2935,0.0012455516014234875
10043,0.000762582613116421
26059,0.000762582613116421
4555,0.0018301982714794102
21513,0.0008896797153024911
10938,0.0011692933401118454
3254,0.0015505846466700559
3109,0.0009150991357397051
213,0.0027961362480935434
10920,0.005922724961870869
2447,0.0035332994407727505
2266,0.0013472292831723436
32982,0.00012709710218607016
3307,0.00460091509913574
9008,0.0011692933401118454
3038,0.000762582613116421
4000,0.0010421962379257752
2137,0.0017793594306049821
3795,0.0008642602948652771
4009,0.0006609049313675648
1390,0.0018301982714794102
5665,0.00012709710218607016
6691,0.00157600406710727
30132,0.0005338078291814947
5117,0.0006354855109303507
2370,0.0027961362480935434
3911,0.0019318759532282665
31101,0.0005592272496187087
7573,0.0017285205897305542
28169,0.0
4480,0.0006863243518047789
4653,0.0018301982714794102
6694,0.0035587188612099642
4011,0.0013980681240467717
2435,0.00157600406710727
2530,0.003228266395526182
9487,0.002262328418912049
1405,0.00157600406710727
4562,0.0009150991357397051
2343,0.0021098118962887646
2989,0.002287747839349263
1332,0.0027707168276563296
4494,0.001677681748856126
3896,0.0026690391459074734
7262,0.0020081342145399084
4364,0.0009150991357397051
12059,0.00472801220132181
10697,0.002440264361972547
2958,0.0036095577020843926
4356,0.0013726487036095577
17012,0.0011438739196746315
3078,0.0009913573970513473
17539,0.001677681748856126
3370,0.0012201321809862736
7582,0.0010676156583629894
3532,0.00157600406710727
3557,0.0011692933401118454
2195,0.001525165226232842
28517,0.000762582613116421
31424,0.0001525165226232842
3039,0.0021860701576004067
1406,0.0037874936451448905
5208,0.0010421962379257752
5211,0.0016522623284189121
5210,0.0013218098627351296
2469,0.0014234875444839859
7264,0.0013472292831723436
8652,0.0014234875444839859
2440,0.0012201321809862736
12995,0.002364006100660905
13643,0.0008642602948652771
3056,0.0009913573970513473
3706,0.002287747839349263
31652,0.000813421453990849
9232,0.00498220640569395
20959,0.0005592272496187087
3382,0.0013726487036095577
3108,0.0015505846466700559
1038,0.0013472292831723436
5439,0.0003050330452465684
3951,0.0006863243518047789
2436,0.00472801220132181
2755,0.0009659379766141333
9718,0.0013218098627351296
30454,0.00045754956786985256
2340,0.0006863243518047789
4732,0.0020081342145399084
29730,0.0011184544992374173
220,0.00170310116929334
1385,0.002694458566344687
11855,0.0017539400101677682
3628,0.0007371631926792069
4824,0.0003304524656837824
13559,0.0013218098627351296
3379,0.0005846466700559227
5411,0.0006354855109303507
1513,0.0011184544992374173
3543,0.0011947127605490594
2532,0.0022369089984748346
5316,0.0035332994407727505
19633,0.000813421453990849
4489,0.0006354855109303507
2187,0.0009150991357397051
3728,0.0025927808845958313
1512,0.002135231316725979
3250,0.0028978139298423996
10906,0.0020081342145399084
17371,0.0038891713268937467
3046,0.0014743263853584138
1702,0.0009913573970513473
736,0.01614133197763091
6120,0.0010167768174885613
30543,0.000762582613116421
2375,0.0012201321809862736
1353,0.001626842907981698
2145,0.003253685815963396
6422,0.00157600406710727
1496,0.010167768174885612
3569,0.0011692933401118454
8275,0.0004067107269954245
2434,0.0010167768174885613
24327,0.0006100660904931368
23475,0.0001525165226232842
9325,0.00020335536349771224
2540,0.0019827147941026946
827,0.002567361464158617
4541,0.0012201321809862736
2863,0.0027961362480935434
2412,0.0027961362480935434
8654,0.0014489069649211998
2327,0.0021606507371631925
3378,0.0005083884087442806
5109,0.0010676156583629894
5191,0.0007117437722419929
1770,0.0014234875444839859
2872,0.0014234875444839859
3422,0.002923233350279614
1834,0.0020335536349771225
4488,0.000838840874428063
2957,0.0018301982714794102
4340,0.0007371631926792069
11815,0.000788002033553635
5399,0.0006354855109303507
7611,0.0011947127605490594
828,0.0010676156583629894
3560,0.0021860701576004067
5408,0.0003812913065582105
34015,0.0004067107269954245
2185,0.0025165226232841892
755,0.015404168784951704
692,0.000762582613116421
4730,0.0011947127605490594
3920,0.0004067107269954245
9599,0.0012963904422979157
10575,0.000838840874428063
4852,0.00045754956786985256
4825,0.00017793594306049823
4820,0.0004067107269954245
22081,0.0011947127605490594
7612,0.001626842907981698
5522,0.0009150991357397051
5556,0.00012709710218607016
5614,0.0002541942043721403
1383,0.0008642602948652771
32484,0.0005846466700559227
1791,0.0019572953736654805
3982,0.0004067107269954245
2610,0.0004829689883070666
2721,0.0008642602948652771
9327,0.0009405185561769192
4355,0.0018047788510421963
4608,0.0007117437722419929
1404,0.0012455516014234875
2439,0.0014743263853584138
3529,0.0009405185561769192
3034,0.0021860701576004067
22815,0.0007117437722419929
4868,0.000813421453990849
33750,0.00043213014743263855
19635,0.0005338078291814947
9091,0.000838840874428063
4379,0.000838840874428063
5590,0.0005338078291814947
4775,0.0005846466700559227
2376,0.0009405185561769192
3681,0.001499745805795628
2344,0.0011692933401118454
4842,0.00035587188612099647
16476,0.000762582613116421
10325,0.001677681748856126
2368,0.0011438739196746315
2838,0.0004829689883070666
9434,0.0016522623284189121
3411,0.0018810371123538384
1782,0.0011438739196746315
5403,0.0005592272496187087
4799,0.000813421453990849
3534,0.0009659379766141333
9326,0.000788002033553635
31403,0.0005338078291814947
9939,0.0005083884087442806
4487,0.0009659379766141333
4834,0.00035587188612099647
3583,0.0008896797153024911
4378,0.0009405185561769192
3384,0.0006863243518047789
28519,0.0008642602948652771
2209,0.0019318759532282665
5674,0.000813421453990849
3558,0.0007371631926792069
1595,0.0011692933401118454
4400,0.0005592272496187087
4603,0.0003304524656837824
5400,0.00022877478393492628
2956,0.0005846466700559227
2588,0.0014743263853584138
5612,0.00022877478393492628
3439,0.0015505846466700559
4803,0.00045754956786985256
4813,0.0005592272496187087
3711,0.003914590747330961
3551,0.0013218098627351296
2208,0.0006863243518047789
3334,0.0009150991357397051
5553,0.00012709710218607016
2444,0.0013980681240467717
12239,0.004956786985256736
4350,0.0012963904422979157
5049,0.0007117437722419929
5606,7.62582613116421e-05
3729,0.0017285205897305542
1788,0.0021860701576004067
1386,0.003355363497712252
2070,0.0007371631926792069
1763,0.0012455516014234875
2345,0.0009913573970513473
19523,0.0004829689883070666
3921,0.0011692933401118454
7908,0.00010167768174885612
2788,0.0018047788510421963
4717,0.0006354855109303507
4638,0.00035587188612099647
3922,0.0009150991357397051
3556,0.0010421962379257752
3644,0.0005592272496187087
5890,0.0020843924758515505
2326,0.000788002033553635
4558,0.0008896797153024911
4561,0.0003304524656837824
3942,0.0004829689883070666
3649,0.0012455516014234875
2007,0.000788002033553635
14209,0.00012709710218607016
5173,0.0008642602948652771
5575,0.00020335536349771224
3454,0.0013218098627351296
2380,0.0010167768174885613
5664,0.00020335536349771224
2373,0.0010930350788002034
7110,0.011997966446365024
3586,0.0006609049313675648
2959,0.0011438739196746315
10552,0.0010930350788002034
11469,0.0012201321809862736
5645,0.0006863243518047789
3380,0.0009659379766141333
3580,0.0009913573970513473
8523,0.00012709710218607016
2541,0.0005592272496187087
30658,0.000813421453990849
9486,0.0004067107269954245
3908,0.0012201321809862736
1402,0.0007371631926792069
10101,0.0010930350788002034
4606,0.0005083884087442806
24743,0.00020335536349771224
3645,0.0006354855109303507
3393,0.0011438739196746315
5566,0.0003050330452465684
5557,0.0001525165226232842
4840,0.0006609049313675648
23761,0.0003050330452465684
3976,0.001499745805795628
5398,0.0005338078291814947
8471,0.00010167768174885612
4774,0.0006354855109303507
4498,0.0005338078291814947
3587,0.0011438739196746315
3526,0.0011692933401118454
6015,0.00020335536349771224
2374,0.0011947127605490594
3040,0.002338586680223691
2479,0.0018047788510421963
4260,0.0006609049313675648
2218,0.006964921199796644
5610,0.00020335536349771224
4492,0.0014234875444839859
3402,0.0013980681240467717
2339,0.00035587188612099647
3953,0.0012963904422979157
5401,0.0006609049313675648
30770,0.0
4849,0.0010167768174885613
2946,0.0036858159633960347
5558,0.0003812913065582105
9270,0.00012709710218607016
9887,0.0003304524656837824
4819,0.00020335536349771224
3140,0.0018047788510421963
5571,7.62582613116421e-05
3902,0.0005592272496187087
5550,0.00027961362480935433
4821,0.0004829689883070666
5613,0.0009659379766141333
3063,0.0006863243518047789
6097,0.00045754956786985256
2169,0.005363497712252161
7265,0.0019827147941026946
10409,0.0001525165226232842
30817,0.0005592272496187087
5608,0.00017793594306049823
3383,0.0005338078291814947
33125,0.0
5101,0.0011184544992374173
2443,0.0005338078291814947
4802,0.00022877478393492628
3565,0.000788002033553635
3428,0.0004829689883070666
5544,0.00020335536349771224
9341,0.0001525165226232842
4645,0.00043213014743263855
9375,0.001626842907981698
10424,0.0006863243518047789
7154,0.00012709710218607016
10764,0.0020335536349771225
5588,0.00020335536349771224
5607,0.0001525165226232842
3643,0.0002541942043721403
9211,0.0009659379766141333
2348,0.0011438739196746315
4357,0.0009150991357397051
4161,0.0004829689883070666
3211,0.0009405185561769192
2944,0.001525165226232842
5576,0.0014234875444839859
4848,0.0004067107269954245
3633,0.0007371631926792069
1511,0.0014743263853584138
3396,0.0007371631926792069
12061,0.00027961362480935433
5154,0.0003050330452465684
7455,0.000813421453990849
2186,0.0010930350788002034
2190,0.0005083884087442806
4644,0.0003812913065582105
1784,0.000762582613116421
2395,0.0012201321809862736
9855,0.00045754956786985256
4604,0.0004067107269954245
4731,0.0003812913065582105
2351,0.0020843924758515505
3539,0.0010676156583629894
2338,0.0006609049313675648
2874,0.000788002033553635
5649,0.0005083884087442806
3983,0.00027961362480935433
4822,0.00012709710218607016
3377,0.0010676156583629894
4557,0.00017793594306049823
2894,0.00170310116929334
33515,0.0005083884087442806
6328,0.0011184544992374173
31331,0.0005338078291814947
724,0.021225216065073715
3639,0.000788002033553635
5159,0.00020335536349771224
4479,0.0007371631926792069
13019,0.0027452974072191155
4841,0.00027961362480935433
3527,0.0010676156583629894
2379,0.0012201321809862736
3705,0.0011692933401118454
977,0.006227758007117438
4034,0.0011184544992374173
3648,0.0010167768174885613
2821,0.0012201321809862736
18481,7.62582613116421e-05
5733,0.000762582613116421
3912,0.0007117437722419929
5285,0.0003050330452465684
3824,0.0005338078291814947
3826,0.0010930350788002034
4149,0.0008896797153024911
5646,0.0006863243518047789
5546,0.00020335536349771224
2936,0.0005083884087442806
5587,0.00012709710218607016
3531,0.0009659379766141333
3082,0.000762582613116421
31283,0.0035587188612099642
4495,0.0001525165226232842
3066,0.0011184544992374173
3093,0.0007371631926792069
5190,0.00020335536349771224
2350,0.0012455516014234875
9600,0.0012963904422979157
2977,0.0011184544992374173
2979,0.0013218098627351296
5586,0.00022877478393492628
5605,0.0005083884087442806
3793,0.001601423487544484
4817,0.0003304524656837824
3567,0.0005592272496187087
5108,0.0004067107269954245
3530,0.00035587188612099647
4700,0.00035587188612099647
9507,0.00012709710218607016
3950,0.0005592272496187087
4867,0.0007117437722419929
5567,0.00010167768174885612
4697,0.0008642602948652771
3160,0.001677681748856126
4692,0.0007117437722419929
4693,0.0003304524656837824
4560,0.00020335536349771224
3309,0.0009659379766141333
2864,0.0010676156583629894
5570,0.0004067107269954245
5687,0.0002541942043721403
4832,0.00020335536349771224
4017,0.0003304524656837824
1499,0.00043213014743263855
3980,0.0010930350788002034
5540,0.0001525165226232842
5423,0.00022877478393492628
5568,0.0009659379766141333
7864,0.0001525165226232842
2315,0.0019572953736654805
3895,0.0008642602948652771
3981,0.00157600406710727
5107,0.0006354855109303507
2991,0.001525165226232842
3094,0.0005338078291814947
3553,0.00035587188612099647
5555,0.00012709710218607016
3536,0.00043213014743263855
5611,0.00022877478393492628
4818,0.0003304524656837824
12551,0.00012709710218607016
3563,0.0006354855109303507
5393,0.0006354855109303507
2349,0.004626334519572953
6622,0.0006100660904931368
2480,0.0006100660904931368
5609,0.0004067107269954245
3581,0.0028978139298423996
13917,0.0005592272496187087
3883,0.0005338078291814947
4699,0.0010421962379257752
4463,0.0012201321809862736
4575,0.0001525165226232842
3566,0.000838840874428063
4675,0.000788002033553635
9851,0.0004067107269954245
4157,0.0003304524656837824
5542,0.00010167768174885612
7162,0.00010167768174885612
3562,0.0006863243518047789
9317,0.00020335536349771224
2551,0.0011947127605490594
2592,0.004092526690391459
5548,0.00022877478393492628
5564,0.0003050330452465684
5573,0.00020335536349771224
4496,0.000788002033553635
5563,0.0002541942043721403
5663,0.00020335536349771224
3542,0.0004829689883070666
2239,0.00020335536349771224
5383,0.0006863243518047789
730,0.0059481443823080835
12563,0.00010167768174885612
2862,0.0027707168276563296
3564,0.0005338078291814947
6546,0.005261820030503304
11825,0.00017793594306049823
5391,0.03833248601931876
5572,0.0004067107269954245
5773,0.0002541942043721403
3635,0.0013472292831723436
4866,0.035510930350788
30663,0.00010167768174885612
9257,0.0001525165226232842
5560,0.0003050330452465684
1639,0.06291306558210473
4556,0.00027961362480935433
4497,0.00022877478393492628
8574,0.00017793594306049823
4369,0.0005083884087442806
5552,0.00010167768174885612
23171,0.0004067107269954245
3890,0.0006354855109303507
3910,0.000762582613116421
14471,0.0001525165226232842
4601,0.0009913573970513473
5547,5.083884087442806e-05
5545,0.00043213014743263855
5551,0.00012709710218607016
13051,0.00012709710218607016
3541,0.0006863243518047789
3584,0.0006100660904931368
5402,0.00043213014743263855
5561,0.0003050330452465684
7343,0.00012709710218607016
3540,0.0005592272496187087
5160,0.0003050330452465684
2240,0.0002541942043721403
4178,0.0006354855109303507
4833,0.0003812913065582105
6025,0.0005338078291814947
2990,0.0006100660904931368
11141,0.00010167768174885612
6903,0.00022877478393492628
5589,0.00045754956786985256
4310,0.0004829689883070666
5569,0.0003812913065582105
18483,7.62582613116421e-05
18479,7.62582613116421e-05
33960,0.0
34382,0.0
29307,5.083884087442806e-05
19747,7.62582613116421e-05
20177,2.541942043721403e-05
9304,2.541942043721403e-05
34168,0.0
20007,5.083884087442806e-05
33654,0.0
9503,5.083884087442806e-05
34506,0.0
17823,7.62582613116421e-05
17825,2.541942043721403e-05
32195,0.0
34361,0.0
7914,7.62582613116421e-05
14207,7.62582613116421e-05
23677,5.083884087442806e-05
13959,7.62582613116421e-05
29994,5.083884087442806e-05
5559,0.00012709710218607016
18197,7.62582613116421e-05
18199,5.083884087442806e-05
34492,0.0
29111,5.083884087442806e-05
32713,2.541942043721403e-05
12397,7.62582613116421e-05
17833,0.00012709710218607016
34491,0.0
34312,0.0
9504,5.083884087442806e-05
34388,0.0
29992,5.083884087442806e-05
26031,2.541942043721403e-05
34399,0.0
10368,0.00010167768174885612
9352,0.00010167768174885612
5541,0.00012709710218607016
9316,0.00010167768174885612
5543,0.00010167768174885612
5621,7.62582613116421e-05
6133,0.00010167768174885612
26081,5.083884087442806e-05
