name,anime_id
Kimi no Na wa.,32281
Fullmetal Alchemist: Brotherhood,5114
Gintama°,28977
Steins;Gate,9253
Gintama&#039;,9969
Haikyuu!!: Karasuno Koukou VS Shiratorizawa Gakuen Koukou,32935
Hunter x Hunter (2011),11061
Ginga Eiyuu Densetsu,820
Gintama Movie: Kanketsu-hen - Yorozuya yo Eien Nare,15335
Gintama&#039;: Enchousen,15417
Clannad: After Story,4181
Koe no Katachi,28851
Gintama,918
Code Geass: Hangyaku no Lelouch R2,2904
Haikyuu!! Second Season,28891
Sen to Chihiro no Kamikakushi,199
Shigatsu wa Kimi no Uso,23273
Mushishi Zoku Shou 2nd Season,24701
Ookami Kodomo no Ame to Yuki,12355
Code Geass: Hangyaku no Lelouch,1575
Hajime no Ippo,263
Rurouni Kenshin: Meiji Kenkaku Romantan - Tsuioku-hen,44
Cowboy Bebop,1
One Punch Man,30276
Mononoke Hime,164
Suzumiya Haruhi no Shoushitsu,7311
Monogatari Series: Second Season,17074
Mushishi Zoku Shou,21939
Mushishi,457
Tengen Toppa Gurren Lagann,2001
Great Teacher Onizuka,245
Natsume Yuujinchou Go,32983
Hajime no Ippo: New Challenger,5258
Mushishi Zoku Shou: Suzu no Shizuku,28957
Natsume Yuujinchou Shi,11665
Howl no Ugoku Shiro,431
Fate/Zero 2nd Season,11741
Kizumonogatari II: Nekketsu-hen,31757
Monster,19
Bakuman. 3rd Season,12365
Death Note,1535
Gintama°: Aizome Kaori-hen,32366
Ansatsu Kyoushitsu (TV) 2nd Season,30654
Haikyuu!!,20583
Hajime no Ippo: Rising,19647
Kara no Kyoukai 5: Mujun Rasen,4282
Natsume Yuujinchou San,10379
Ping Pong The Animation,22135
Mushishi Special: Hihamukage,21329
Boku dake ga Inai Machi,31043
Yojouhan Shinwa Taikei,7785
Aria The Origination,3297
Kamisama Hajimemashita: Kako-hen,30709
Rainbow: Nisha Rokubou no Shichinin,6114
Re:Zero kara Hajimeru Isekai Seikatsu,31240
Tengen Toppa Gurren Lagann Movie: Lagann-hen,4565
Zoku Natsume Yuujinchou,5300
Ano Hi Mita Hana no Namae wo Bokutachi wa Mada Shiranai.,9989
Kuroko no Basket 3rd Season,24415
Steins;Gate Movie: Fuka Ryouiki no Déjà vu,11577
Hotarubi no Mori e,10408
Shokugeki no Souma,28171
Yuri!!! on Ice,32995
Gintama: Yorinuki Gintama-san on Theater 2D,21899
JoJo no Kimyou na Bouken: Stardust Crusaders 2nd Season,26055
Gintama Movie: Shinyaku Benizakura-hen,7472
Hellsing Ultimate,777
Kiseijuu: Sei no Kakuritsu,22535
Shouwa Genroku Rakugo Shinjuu,28735
Uchuu Kyoudai,12431
Bakemono no Ko,28805
Hotaru no Haka,578
Kuroko no Basket 2nd Season,16894
Major S5,5028
One Piece,21
Ghost in the Shell: Stand Alone Complex 2nd GIG,801
JoJo no Kimyou na Bouken: Diamond wa Kudakenai,31933
Kara no Kyoukai 7: Satsujin Kousatsu (Kou),5205
Kingdom 2nd Season,17389
Slam Dunk,170
Usagi Drop,10162
Girls und Panzer der Film,18617
Mob Psycho 100,32182
Nana,877
Baccano!,2251
Mushishi Zoku Shou: Odoro no Michi,24687
Shingeki no Kyojin,16498
Bakuman. 2nd Season,10030
Cross Game,5941
Doukyuusei (Movie),30346
Evangelion: 2.0 You Can (Not) Advance,3784
Shinsekai yori,13125
Uchuu Senkan Yamato 2199,12029
Chihayafuru 2,14397
Fate/Zero,10087
JoJo no Kimyou na Bouken (TV),14719
Mahou Shoujo Madoka★Magica,9756
Nichijou,10165
Psycho-Pass,13601
Barakamon,22789
Diamond no Ace: Second Season,30230
Magi: The Kingdom of Magic,18115
Mahou Shoujo Madoka★Magica Movie 3: Hangyaku no Monogatari,11981
Major: World Series,11917
Samurai Champloo,205
Shokugeki no Souma: Ni no Sara,32282
Katanagatari,6594
Mahou Shoujo Madoka★Magica Movie 2: Eien no Monogatari,11979
Major S6,7655
Mononoke,2246
Shirobako,25835
Ashita no Joe 2,2921
Hunter x Hunter,136
Noragami Aragoto,30503
Sakamichi no Apollon,12531
Tonari no Totoro,523
Ghost in the Shell: Stand Alone Complex,467
Kaze no Tani no Nausicaä,572
No Game No Life,19815
Romeo no Aoi Sora,2559
Yuu☆Yuu☆Hakusho,392
Kino no Tabi: The Beautiful World,486
Kuroko no Basket,11771
Nodame Cantabile,1698
Ookami to Koushinryou II,5341
Shingeki no Kyojin: Kuinaki Sentaku,25781
Steins;Gate: Oukoubakko no Poriomania,10863
Fate/stay night: Unlimited Blade Works 2nd Season,28701
Kemono no Souja Erin,5420
Kizumonogatari I: Tekketsu-hen,9260
Neon Genesis Evangelion: The End of Evangelion,32
Toradora!,4224
Toki wo Kakeru Shoujo,2236
Tsubasa: Tokyo Revelations,2685
Owarimonogatari,31181
Rurouni Kenshin: Meiji Kenkaku Romantan,45
Stranger: Mukou Hadan,2418
Detective Conan Movie 06: The Phantom of Baker Street,1365
Fate/stay night: Unlimited Blade Works,22297
Major S1,627
Mobile Suit Gundam: The Origin,10937
Nanatsu no Taizai,23755
Natsume Yuujinchou,4081
One Piece Film: Strong World,4155
Higurashi no Naku Koro ni Kai,1889
Hunter x Hunter OVA,137
Hunter x Hunter: Greed Island Final,139
Kuroshitsuji: Book of Murder,23317
Major S2,558
One Outs,5040
Beck,57
Berserk,33
Cowboy Bebop: Tengoku no Tobira,5
Major S3,1842
Mobile Suit Gundam Unicorn,6336
Natsume Yuujinchou: Itsuka Yuki no Hi ni,20651
NHK ni Youkoso!,1210
Rose of Versailles,338
Sakurasou no Pet na Kanojo,13759
Angel Beats!,6547
Bakemonogatari,5081
Bungou Stray Dogs 2nd Season,32867
Hajime no Ippo: Champion Road,264
One Piece Film: Z,12859
Ouran Koukou Host Club,853
Detective Conan Movie 13: The Raven Chaser,5460
Durarara!!,6746
Nodame Cantabile Finale,5690
Planetes,329
Shelter,34240
Tenkuu no Shiro Laputa,513
Gintama: Shiroyasha Koutan,6945
Hachimitsu to Clover II,1142
InuYasha: Kanketsu-hen,6811
Kaguya-hime no Monogatari,16664
Katekyo Hitman Reborn!,1604
Kuroshitsuji: Book of Circus,22145
Ookami to Koushinryou,2966
Boku no Hero Academia,31964
Gin no Saji 2nd Season,19363
Little Busters!: Refrain,18195
Major: Message,9890
Saint Seiya: The Lost Canvas - Meiou Shinwa 2,9130
SKET Dance,9863
Bakuman.,7674
Danshi Koukousei no Nichijou,11843
Kotonoha no Niwa,16782
Kyoukai no Kanata Movie: I&#039;ll Be Here - Mirai-hen,28675
Major S4,3226
Omoide no Marnie,21557
Working!!!: Lord of the Takanashi,31715
Ghost in the Shell,43
K-On! Movie,9617
Kuroko no Basket: Saikou no Present Desu,31051
Mahou Shoujo Lyrical Nanoha: The Movie 2nd A&#039;s,10153
Sennen Joyuu,1033
Steins;Gate: Kyoukaimenjou no Missing Link - Divide By Zero,32188
xxxHOLiC Kei,3091
Berserk: Ougon Jidai-hen III - Kourin,12115
Death Parade,28223
Fullmetal Alchemist,121
Gyakkyou Burai Kaiji: Ultimate Survivor,3002
Hunter x Hunter: Greed Island,138
Redline,6675
Chihayafuru,10800
Detective Conan Movie 20: The Darkest Nightmare,32005
Dragon Ball Z,813
Fate/stay night: Unlimited Blade Works - Prologue,27821
Kokoro ga Sakebitagatterunda.,28725
Mimi wo Sumaseba,585
Nagi no Asukara,16067
Neon Genesis Evangelion,30
One Piece Film: Gold,31490
Tokyo Godfathers,759
Trigun,6
xxxHOLiC Rou,6864
Gintama: Shinyaku Benizakura-hen,9735
Mahou Shoujo Madoka★Magica Movie 1: Hajimari no Monogatari,11977
Sekaiichi Hatsukoi 2,11123
Yahari Ore no Seishun Love Comedy wa Machigatteiru. Zoku,23847
Yahari Ore no Seishun Love Comedy wa Machigatteiru. Zoku OVA,33161
Aria The Natural,962
Black Lagoon: The Second Barrage,1519
Clannad,2167
Kami nomi zo Shiru Sekai: Megami-hen,16706
Summer Wars,5681
Baccano! Specials,3901
Detective Conan Movie 14: The Lost Ship in the Sky,6467
Gyakkyou Burai Kaiji: Hakairoku-hen,10271
Initial D Final Stage,22507
Kaiba,3701
One Piece: Episode of Merry - Mou Hitori no Nakama no Monogatari,19123
Saiki Kusuo no Ψ-nan (TV),33255
Cardcaptor Sakura Movie 2: Fuuin Sareta Card,372
Hajime no Ippo: Mashiba vs. Kimura,265
Kamisama Hajimemashita◎,25681
Skip Beat!,4722
Yowamushi Pedal: Grande Road,24277
Gankutsuou,239
Majo no Takkyuubin,512
Nodame Cantabile: Paris-hen,4477
One Piece: Episode of Nami - Koukaishi no Namida to Nakama no Kizuna,15323
Osomatsu-san,31174
Space☆Dandy 2nd Season,23327
Tsumiki no Ie,5365
Detroit Metal City,3702
Eve no Jikan,3167
Eve no Jikan (Movie),7465
Kaichou wa Maid-sama!,7054
Saint Seiya: Meiou Hades Juuni Kyuu-hen,1257
Zankyou no Terror,23283
Darker than Black: Kuro no Keiyakusha,2025
Detective Conan,235
Detective Conan Movie 05: Countdown to Heaven,1364
Diamond no Ace,18689
Fairy Tail (2014),22043
Hibike! Euphonium 2,31988
JoJo no Kimyou na Bouken: Stardust Crusaders,20899
Maison Ikkoku,1453
Non Non Biyori Repeat,23623
Shijou Saikyou no Deshi Kenichi,1559
Yuusha-Ou GaoGaiGar Final,1382
Gekkan Shoujo Nozaki-kun,23289
Initial D Fourth Stage,18
Junjou Romantica 2,4814
Kaze Tachinu,16662
Kingdom,12031
Kuragehime,8129
Magi: The Labyrinth of Magic,14513
Mobile Suit Gundam 00,2581
ReLIFE,30015
Saint Seiya: The Lost Canvas - Meiou Shinwa,6171
Seirei no Moribito,1827
Akatsuki no Yona,25013
Detective Conan Movie 08: Magician of the Silver Sky,1367
Durarara!!x2 Ketsu,27833
Free!: Eternal Summer Special,26213
Glass no Kamen (2005),1974
Gosick,8425
Hajime no Ippo: Boxer no Kobushi,12069
Initial D First Stage,185
Kill la Kill,18679
Lovely★Complex,2034
Perfect Blue,437
Princess Tutu,721
Sakasama no Patema,12477
Tsubasa: Shunraiki,4938
Ashita no Joe,2402
Fairy Tail,6702
Ghost in the Shell: Stand Alone Complex - Solid State Society,1566
Magi: Sinbad no Bouken (TV),31741
Shoujo Kakumei Utena,440
Tengen Toppa Gurren Lagann Movie: Gurren-hen,4107
Detective Conan Movie 10: Requiem of the Detectives,1506
Evangelion: 1.0 You Are (Not) Alone,2759
Full Metal Panic? Fumoffu,72
Ginga Eiyuu Densetsu: Arata Naru Tatakai no Overture,3016
Kara no Kyoukai 3: Tsuukaku Zanryuu,3783
Mobile Suit Gundam 00 Second Season,3927
Nisemonogatari,11597
Tsukimonogatari,28025
Ansatsu Kyoushitsu (TV),24833
Aria The Avvenire,29893
Baby Steps 2nd Season,27663
D.Gray-man,1482
"Ginga Eiyuu Densetsu Gaiden: Senoku no Hoshi, Senoku no Hikari",3371
Gintama: Jump Festa 2014 Special,25313
Lupin III: Cagliostro no Shiro,1430
Mobile Suit Gundam: Iron-Blooded Orphans 2nd Season,33051
Ookiku Furikabutte: Natsu no Taikai-hen,7720
Saiunkoku Monogatari 2nd Season,1914
Sekaiichi Hatsukoi Movie: Yokozawa Takafumi no Baai,20371
Ano Hi Mita Hana no Namae wo Bokutachi wa Mada Shiranai. Movie,15039
Dennou Coil,2164
Eureka Seven,237
Ghost in the Shell: Stand Alone Complex - The Laughing Man,2449
Gintama: Dai Hanseikai,10643
Hidamari Sketch: Sae Hiro Sotsugyou-hen,17739
Hikaru no Go,135
Kimi ni Todoke,6045
Kokoro Connect: Michi Random,16001
Tokyo Magnitude 8.0,6211
Cardcaptor Sakura,232
ef: A Tale of Melodies.,4789
Gin no Saji,16918
Hachimitsu to Clover,16
Kodomo no Omocha (TV),1486
Love Live! The School Idol Movie,24997
Mahoutsukai no Yome: Hoshi Matsu Hito,32902
Sekaiichi Hatsukoi OVA,8063
Working!!!,25879
Black Lagoon,889
Detective Conan Movie 18: The Sniper from Another Dimension,21419
Final Fantasy VII: Advent Children Complete,2952
Higurashi no Naku Koro ni,934
Hyouka,12189
Interstella5555: The 5tory of The 5ecret 5tar 5ystem,731
Kanon (2006),1530
Kimi ni Todoke 2nd Season,9656
Noragami,20507
Persona 3 the Movie 4: Winter of Rebirth,31149
xxxHOLiC Shunmuki,4918
Zetsuen no Tempest,14075
Aria The Origination: Sono Choppiri Himitsu no Basho ni...,4772
Detective Conan Movie 03: The Last Wizard of the Century,781
Detective Conan Movie 04: Captured in Her Eyes,1363
Dragon Ball,223
Hanada Shounen-shi,2004
Junjou Romantica 3,25649
Juuni Kokuki,153
Major Movie: Yuujou no Winning Shot,5029
Mirai Shounen Conan,302
One Piece Film: Strong World Episode 0,8740
Phantom: Requiem for the Phantom,5682
Tamako Love Story,21647
Toaru Kagaku no Railgun S,16049
Touch,1065
Yowamushi Pedal,18179
Akira,47
Black Lagoon: Roberta&#039;s Blood Trail,4901
Durarara!!x2 Shou,23199
Gintama: Jump Festa 2015 Special,32122
High☆Speed!: Free! Starting Days,30415
Kyou kara Ore wa!!,851
Nurarihyon no Mago: Sennen Makyou,10049
Paprika,1943
Prince of Tennis: The National Tournament Finals,4053
School Rumble Ni Gakki,846
Sekaiichi Hatsukoi,9926
Akagami no Shirayuki-hime 2nd Season,31173
"Clannad: Mou Hitotsu no Sekai, Tomoyo-hen",4059
Ginga Nagareboshi Gin,589
Initial D Fifth Stage,15059
K-On!!,7791
Log Horizon,17265
Sekaiichi Hatsukoi: Valentine-hen,20815
Slayers Next,535
Aria The OVA: Arietta,2563
Detective Conan Movie 15: Quarter of Silence,9963
Digimon Adventure tri. 3: Kokuhaku,32551
Gintama: Nanigoto mo Saiyo ga Kanjin nano de Tasho Senobisuru Kurai ga Choudoyoi,2951
Igano Kabamaru,2762
Kamisama Hajimemashita,14713
Kara no Kyoukai: Mirai Fukuin,14807
Mobile Suit Gundam: The 08th MS Team,81
Omae Umasou da na,9204
Ushio to Tora (TV) 2nd Season,31098
Wolf&#039;s Rain OVA,1023
Ajin 2nd Season,33253
Aoki Hagane no Arpeggio: Ars Nova Cadenza,24921
City Hunter 2,1471
Durarara!!x2 Ten,27831
ef: A Tale of Memories.,2924
Ghost in the Shell 2.0,4672
Ghost in the Shell: Stand Alone Complex 2nd GIG - Individual Eleven,2448
Ginga Sengoku Gunyuuden Rai,3907
Initial D Second Stage,186
Kami nomi zo Shiru Sekai II,10080
Noragami Aragoto OVA,30885
Stand By Me Doraemon,21469
Tiger &amp; Bunny,9941
Yahari Ore no Seishun Love Comedy wa Machigatteiru.,14813
Fullmetal Alchemist: Brotherhood Specials,6421
Hanamonogatari,21855
Kimi to Boku. 2,11739
Ookiku Furikabutte,2159
Ore Monogatari!!,28297
Tamayura: Sotsugyou Shashin Part 4 - Ashita,29831
Tekkon Kinkreet,2154
There She Is!!,6505
xxxHOLiC,861
Byousoku 5 Centimeter,1689
Danganronpa 3: The End of Kibougamine Gakuen - Kibou-hen,34103
Ginga Eiyuu Densetsu Gaiden: Rasen Meikyuu,3665
Hyouge Mono,9996
Karigurashi no Arrietty,7711
Mahou Shoujo Lyrical Nanoha A&#039;s,77
Rurouni Kenshin: Meiji Kenkaku Romantan - Seisou-hen,401
Tanaka-kun wa Itsumo Kedaruge,32093
Berserk: Ougon Jidai-hen II - Doldrey Kouryaku,12113
Darker than Black: Kuro no Keiyakusha Gaiden,7338
Elsword: El Lady,32613
Ginga Eiyuu Densetsu: Waga Yuku wa Hoshi no Taikai,3014
Hikaru no Go: Journey to the North Star Cup,645
Hybrid Child,11135
Isekai no Seikishi Monogatari,5781
Junjou Romantica OVA,13767
Kobato.,5678
Kuuchuu Buranko,6774
Macross: Do You Remember Love?,1089
One Piece 3D2Y: Ace no shi wo Koete! Luffy Nakama Tono Chikai,25161
Prince of Tennis: The National Tournament,995
Prince of Tennis: The National Tournament Semifinals,2752
Eyeshield 21,15
Full Moon wo Sagashite,122
Grisaia no Rakuen,29095
Jigoku Shoujo Futakomori,1594
Junjou Romantica,3092
Mawaru Penguindrum,10721
SKET Dance OVA,16395
Soul Eater,3588
Trigun: Badlands Rumble,4106
Haibane Renmei,387
Kuroko no Basket: Tip Off,16916
Macross,1088
Mirai Nikki (TV),10620
Saiyuuki Reload: Burial,2143
Tentai Senshi Sunred 2nd Season,6582
Terra e... (TV),2158
Tokyo Ghoul,22319
Usagi Drop Specials,11113
Yume-iro Pâtissière,6586
Azumanga Daioh,66
Colorful (Movie),8142
Detective Conan OVA 09: The Stranger in 10 Years...,6438
Drifters: Special Edition,33032
FLCL,227
Full Metal Panic! The Second Raid,73
Kuroshitsuji,4898
Love Live! School Idol Project 2nd Season,19111
Macross F Movie 2: Sayonara no Tsubasa,7222
Magi: Sinbad no Bouken,22097
Nekomonogatari: Kuro,15689
Saiunkoku Monogatari,957
School Rumble,24
Strike the Blood II,33286
Suzumiya Haruhi no Yuuutsu,849
Flanders no Inu (Movie),2623
Golden Boy,268
Grisaia no Meikyuu: Caprice no Mayu 0,29093
Kaleido Star,427
Kara no Kyoukai 4: Garan no Dou,4280
Lupin III vs. Detective Conan: The Movie,18429
Non Non Biyori,17549
Seitokai Yakuindomo* OVA,26123
Yakitate!! Japan,28
Beelzebub,9513
Death Billiards,14353
Durarara!! Specials,8408
Jormungand: Perfect Order,13331
Mahou Shoujo Lyrical Nanoha: The Movie 1st,4985
Overlord,29803
Prince of Tennis,22
Takarajima,2618
xxxHOLiC Movie: Manatsu no Yoru no Yume,793
Yuru Yuri San☆Hai!,30279
Boruto: Naruto the Movie,28755
Coquelicot-zaka kara,10029
Eikoku Koi Monogatari Emma: Molders-hen,2035
Ergo Proxy,790
Hanasaku Iroha,9289
Hataraku Maou-sama!,15809
Hibike! Euphonium,27989
Higashi no Eden,5630
Ie Naki Ko Remi,2829
Kono Subarashii Sekai ni Shukufuku wo!,30831
Kurenai no Buta,416
Mobile Suit Zeta Gundam,85
Prison School,30240
Saint Seiya,1254
Sayonara Zetsubou Sensei,2605
Seto no Hanayome OVA,4163
Zoku Sayonara Zetsubou Sensei,3228
Akachan to Boku,1485
"Clannad: After Story - Mou Hitotsu no Sekai, Kyou-hen",6351
Hakuouki Movie 2: Shikon Soukyuu,13119
Kara no Kyoukai 2: Satsujin Kousatsu (Zen),3782
Macross F,3572
Magic Kaito,8310
Sakigake!! Cromartie Koukou,114
Shijou Saikyou no Deshi Kenichi OVA,11813
Touhai Densetsu Akagi: Yami ni Maiorita Tensai,658
Carnival Phantasm,10012
D.Gray-man Hallow,32370
Date A Live: Encore OVA,22961
Dragon Ball Kai (2014),22777
Gochuumon wa Usagi Desu ka??,29787
Hidamari Sketch x ☆☆☆,7062
Kokoro Connect,11887
Saiyuuki Gaiden,9088
Shirokuma Cafe,12815
Tiger &amp; Bunny Movie 2: The Rising,12017
Zan Sayonara Zetsubou Sensei,6377
City Hunter,1470
Detective Conan Movie 02: The Fourteenth Target,780
Gekkan Shoujo Nozaki-kun Specials,27633
Giant Robo the Animation: Chikyuu ga Seishi Suru Hi,2321
Hetalia: The Beautiful World Specials,17273
Kaleido Star: Legend of Phoenix - Layla Hamilton Monogatari,429
Kamisama Hajimemashita OVA,18661
Little Witch Academia,14349
Maria-sama ga Miteru 3rd,1729
Mobile Suit Gundam Thunderbolt,31973
The Everlasting Guilty Crown,17949
Bishoujo Senshi Sailor Moon: Sailor Stars,996
Break Blade 4: Sanka no Chi,9465
Hanasaku Iroha: Home Sweet Home,14175
Hidamari Sketch x Honeycomb,11239
Hokuto no Ken,967
Les Misérables: Shoujo Cosette,1695
Serial Experiments Lain,339
Shiki,7724
Ushiro no Shoumen Daare,2753
Baka to Test to Shoukanjuu Ni!,8516
Detective Conan Movie 01: The Timed Skyscraper,779
Detective Conan Movie 07: Crossroad in the Ancient Capital,1366
Gundam Build Fighters,19319
Hetalia: The Beautiful World,15195
Initial D Third Stage,187
Kuroko no Basket 3rd Season NG-shuu,30311
Neko no Ongaeshi,597
Seihou Bukyou Outlaw Star,400
White Album 2,18245
Working&#039;!!,10521
"Gate: Jieitai Kanochi nite, Kaku Tatakaeri",28907
"Gate: Jieitai Kanochi nite, Kaku Tatakaeri 2nd Season",31637
Ghost Hunt,1571
Gungrave,267
Jungle wa Itsumo Hare nochi Guu,253
Kuroko no Basket 2nd Season NG-shuu,22673
Kyou kara Maou! 3rd Series,4080
Lupin III (2015),27947
Madang-Eul Naon Amtalg,12917
Maria-sama ga Miteru 4th,3750
Musekinin Kanchou Tylor,569
Ookami to Koushinryou II: Ookami to Kohakuiro no Yuuutsu,6007
Saint Seiya: Meiou Hades Meikai-hen,1253
Saint☆Oniisan (Movie),15771
Seikai no Senki II,397
Top wo Nerae! Gunbuster,949
Toshokan Sensou: Kakumei no Tsubasa,11001
Uchouten Kazoku,17909
Baby Steps,21185
Break Blade 5: Shisen no Hate,9724
Code Geass: Hangyaku no Lelouch R2 Special Edition Zero Requiem,6768
Goku Sayonara Zetsubou Sensei,4872
Jormungand,12413
Kindaichi Shounen no Jikenbo (TV),2076
Mobile Suit Gundam: Iron-Blooded Orphans,31251
Shin Mazinger Shougeki! Z-hen,5485
Tentai Senshi Sunred,5005
Yuusha-Ou GaoGaiGar,890
Bleach,269
Chuunibyou demo Koi ga Shitai!,14741
City Hunter 3,1472
Danganronpa 3: The End of Kibougamine Gakuen - Zetsubou-hen,33028
Detective Conan Movie 08: Time Travel of the Silver Sky,7304
Detective Conan OVA 10: Kid in Trap Island,8609
Dragon Ball Kai,6033
Hetalia World Series,8479
Jungle wa Itsumo Hare nochi Guu Deluxe,254
Kami nomi zo Shiru Sekai,8525
Kyousou Giga (TV),19703
Magic Kaito 1412,25517
Nejimaki Seirei Senki: Tenkyou no Alderamin,31764
Plastic Memories,27775
Psycho-Pass Movie,21339
Seto no Hanayome,2104
Sidonia no Kishi: Daikyuu Wakusei Seneki,24893
Tanoshii Muumin Ikka,2150
Tasogare Otome x Amnesia,12445
Vampire Hunter D (2000),543
Yuru Yuri Nachuyachumi!,23225
Break Blade 3: Kyoujin no Ato,9252
Danshi Koukousei no Nichijou Specials,12893
Detective Conan Movie 09: Strategy Above the Depths,1505
Detective Conan Movie 12: Full Score of Fear,4447
Final Fantasy VII: Advent Children,317
Free!: Eternal Summer,22265
Hakuouki Movie 1: Kyoto Ranbu,13117
Hidamari Sketch x ☆☆☆ Specials,9563
K: Missing Kings,16904
Last Exile,97
Little Busters!: EX,20517
Mobile Suit Gundam Wing: Endless Waltz Movie,2273
Naruto: Shippuuden,1735
Pokemon: The Origin,20159
Yuru Yuri♪♪,12403
Zan Sayonara Zetsubou Sensei Bangaichi,7044
3-gatsu no Lion,31646
91 Days,32998
Akagami no Shirayuki-hime,30123
Drifters,31339
Gake no Ue no Ponyo,2890
Ghost in the Shell 2: Innocence,468
Haikyuu!! Movie 1: Owari to Hajimari,29755
Haikyuu!! OVA,25303
Hoozuki no Reitetsu OVA,24471
Keroro Gunsou,516
Lupin III: Part II,1425
Macross F Movie 1: Itsuwari no Utahime,5310
Mobile Suit Gundam Seed,93
Nodame Cantabile Finale Special,8038
Paradise Kiss,322
Saint Seiya: The Hades Chapter Sanctuary - Yomigaerishi Gold Saint-tachi no Shinwa,6154
Saraiya Goyou,7588
Shiki Specials,10083
Slayers Try,1172
To LOVE-Ru Darkness 2nd Specials,31711
Transformers the Movie,2265
Uchuu Senkan Yamato 2199: Hoshimeguru Hakobune,23249
Wolf&#039;s Rain,202
Akatsuki no Yona OVA,30370
Ao no Exorcist,9919
Claymore,1818
Detective Conan: Episode One - Chiisaku Natta Meitantei,34036
Ghost in the Shell: Stand Alone Complex - Solid State Society 3D,10090
Golden Time,17895
Hadashi no Gen,1824
Hayate no Gotoku!!,4192
Jinrui wa Suitai Shimashita,10357
Kyoukai no Kanata Movie: I&#039;ll Be Here - Kako-hen - Yakusoku no Kizuna,30745
Little Witch Academia: Mahoujikake no Parade,19489
Lucky☆Star: Original na Visual to Animation,4472
New Initial D Movie: Legend 1 - Kakusei,19613
Pandora Hearts,5530
Rurouni Kenshin DVD-BOX Special Ending,6591
Berserk: Ougon Jidai-hen I - Haou no Tamago,10218
Capeta,388
Charlotte,28999
City Hunter &#039;91,1473
Kino no Tabi: Nanika wo Suru Tame ni - Life Goes On.,1379
Lupin the IIIrd: Jigen Daisuke no Bohyou,23293
Master Keaton OVA,1910
Mobile Suit Gundam Thunderbolt: December Sky,33221
Nisekoi,18897
Pokemon XY&amp;Z,31592
To LOVE-Ru Darkness 2nd OVA,31380
Yamada-kun to 7-nin no Majo (TV),28677
Aoi Bungaku Series,7193
Arashi no Yoru ni,1961
Bokura wa Minna Kawaisou,21405
Chi&#039;s Sweet Home: Atarashii Ouchi,6024
Densetsu Kyojin Ideon: Hatsudou-hen,2761
Ginga Tetsudou 999,1491
Hana yori Dango,106
Hanasakeru Seishounen,5835
Hidamari Sketch x 365,3604
Hidamari Sketch x SP,11237
Ie Naki Ko,2828
Michiko to Hatchin,4087
New Initial D Movie: Legend 2 - Tousou,28881
Persona 3 the Movie 2: Midsummer Knight&#039;s Dream,21473
Sexy Commando Gaiden: Sugoiyo!! Masaru-san,582
Tegamibachi Reverse,8311
Ao Haru Ride,21995
Bishoujo Senshi Sailor Moon S,532
Digimon Adventure,552
Furiko,13629
Heartcatch Precure!,7645
InuYasha,249
InuYasha: Kuroi Tessaiga,4886
InuYasha: Tenka Hadou no Ken,451
K-On!!: Keikaku!,9734
"Kumo no Mukou, Yakusoku no Basho",433
Lupin III vs. Detective Conan,6115
Mobile Suit Gundam,80
Mobile Suit Gundam III: Encounters in Space,1092
Noragami OVA,20767
Seitokai Yakuindomo OVA,10119
Urusei Yatsura Movie 2: Beautiful Dreamer,1921
Yamato Nadeshiko Shichihenge♥,1562
Another,11111
Ansatsu Kyoushitsu (TV) 2nd Season: Kagaijugyou-hen,32863
Ao no Exorcist Movie,11737
Arslan Senki (TV),28249
Binbougami ga!,13535
Black Jack,1520
Dungeon ni Deai wo Motomeru no wa Machigatteiru Darou ka,28121
Durarara!!x2 Shou: Watashi no Kokoro wa Nabe Moyou,30191
Hetalia World Series Specials,10497
K-On!: Live House!,6862
Kyou kara Maou!,251
Kyoukai no Kanata,18153
Mind Game,875
Oniisama e...,795
Servamp Specials,33994
Shingeki no Kyojin OVA,18397
Tamayura: Sotsugyou Shashin Part 3 - Akogare,29830
The Last: Naruto the Movie,16870
The Law of Ueki,479
Code Geass: Boukoku no Akito 2 - Hikisakareshi Yokuryuu,15197
Danganronpa 3: The End of Kibougamine Gakuen - Mirai-hen,32189
Hai to Gensou no Grimgar,31859
High School DxD New,15451
Huyao Xiao Hongniang: Yue Hong,33446
Jin-Rou,570
K-On!,5680
Kino no Tabi: The Beautiful World - Byouki no Kuni - For You,2175
Lucky☆Star,1887
Mobile Suit Gundam Wing,90
Mobile Suit Gundam Wing: Endless Waltz,91
Piano no Mori,2594
Ranma ½,210
Ranma ½ OVA,1007
Sidonia no Kishi,19775
Slayers,534
Sora no Otoshimono: Tokeijikake no Angeloid,9790
Soukou Kihei Votoms,2582
Tantei Gakuen Q,407
Toaru Kagaku no Railgun,6213
Uchuu Kaizoku Captain Harlock,1000
Watashi no Ashinaga Ojisan,1375
Break Blade 2: Ketsubetsu no Michi,8514
Chibi Maruko-chan,951
Detective Conan Movie 16: The Eleventh Striker,12117
Genshiken 2,2508
Giovanni no Shima,19115
Hellsing I: Digest for Freaks,6904
Kuroko no Basket: Mou Ikkai Yarimasen ka,22125
Macross F: Close Encounter - Deculture Edition,4454
Non Non Biyori Repeat OVA,32547
Nurarihyon no Mago OVA,15959
One Piece: Episode of Luffy - Hand Island no Bouken,16239
One Punch Man Specials,31772
Seikai no Senki,396
Sora no Otoshimono: Forte,8407
Space☆Dandy,20057
Arakawa Under the Bridge x Bridge,9074
Detective Conan Movie 10: Promo Special,7305
Elfen Lied,226
Hachimitsu to Clover Specials,644
Hello! Lady Lynn,2405
Kami nomi zo Shiru Sekai: Tenri-hen,15117
Kimi to Boku.,10460
Mahou Sensei Negima! Mou Hitotsu no Sekai,6050
Maria-sama ga Miteru: Haru,444
Mobile Suit Gundam 0080: War in the Pocket,82
Mondaiji-tachi ga Isekai kara Kuru Sou Desu yo?,15315
Nanatsu no Taizai OVA,30347
One Punch Man: Road to Hero,31704
Romeo x Juliet,1699
School Rumble Ichi Gakki Hoshuu,517
Tamayura: Sotsugyou Shashin Part 2 - Hibiki,29829
Ajin Part 1: Shoudou,30868
Akame ga Kill!,22199
AKB0048: Next Stage,14941
Change!! Getter Robo: Sekai Saigo no Hi,978
Death Note Rewrite,2994
Detective Conan Movie 17: Private Eye in the Distant Sea,14735
Hakuouki Sekkaroku,10350
Hoozuki no Reitetsu,20431
Kuroko no Basket NG-shuu,15487
Memories,1462
Naruto: Shippuuden Movie 6 - Road to Ninja,13667
Owari no Seraph: Nagoya Kessen-hen,28927
Seikai no Senki III,398
Seitokai Yakuindomo*,20847
Space Cobra,2451
Toaru Majutsu no Index II,8937
Tsuritama,12883
Yowamushi Pedal Movie,30413
Yuru Yuri Nachuyachumi!+,30902
Baka to Test to Shoukanjuu,6347
Chi&#039;s Sweet Home,3841
Densetsu no Yuusha no Densetsu,8086
Fairy Tail OVA,9982
Ichigo Mashimaro OVA,1888
Kingsglaive: Final Fantasy XV,33082
Mobile Police Patlabor 2: The Movie,1096
Persona 3 the Movie 1: Spring of Birth,14407
Rozen Maiden: Ouvertüre,1719
Seikai no Monshou,290
Shaman King,154
Sword Art Online,11757
Tetsuwan Birdy Decode:02,5074
Bishoujo Senshi Sailor Moon Crystal Season III,31733
Bokurano,1690
Bounen no Xamdou,4177
Break Blade 6: Doukoku no Toride,10092
Detective Conan: Conan vs. Kid - Shark &amp; Jewel,9785
Dragon Ball Z Special 2: Zetsubou e no Hankou!! Nokosareta Chousenshi - Gohan to Trunks,985
Hakkenden: Touhou Hakken Ibun 2nd Season,18055
Hidamari Sketch x 365 Specials,6984
K: Return of Kings,27991
Kill la Kill Special,21659
Kochira Katsushikaku Kameari Kouenmae Hashutsujo (TV),3545
Macross Plus,474
Macross Plus Movie Edition,1211
Mitsudomoe Zouryouchuu!,9510
Prince of Tennis: Another Story - Messages From Past and Future,5751
Saint Seiya: Meiou Hades Elysion-hen,3515
To LOVE-Ru Darkness,13663
To LOVE-Ru Darkness OVA,13851
Working!!,6956
Yume-iro Pâtissière SP Professional,9441
Daa! Daa! Daa!,233
Digimon Adventure: Bokura no War Game!,2397
Eikoku Koi Monogatari Emma,345
Full Metal Panic!,71
Guilty Crown,10793
Hoshi wo Ou Kodomo,9760
"Ima, Soko ni Iru Boku",160
Jigoku Shoujo Mitsuganae,3713
Kara no Kyoukai 1: Fukan Fuukei,2593
Kimagure Orange☆Road: Ano Hi ni Kaeritai,2454
Kono Subarashii Sekai ni Shukufuku wo! OVA,32380
Kubikiri Cycle: Aoiro Savant to Zaregototsukai,33263
Lupin the Third: Mine Fujiko to Iu Onna,13203
Minami-ke,2963
Mobile Suit Gundam: Char&#039;s Counterattack,87
Naruto,20
New Game!,31953
Shigatsu wa Kimi no Uso: Moments,28069
Top wo Nerae 2! Diebuster,1002
Baka to Test to Shoukanjuu: Matsuri,9471
Blood+,150
Chrno Crusade,60
Free!: FrFr - Short Movie,19671
Fruits Basket,120
Gakuen Alice,74
Haikyuu!! Movie 2: Shousha to Haisha,30364
Hourou Musuko,8426
Huyao Xiao Hongniang: Wangquan Fugui,33209
Shoukoujo Sara,2547
Soredemo Sekai wa Utsukushii,22101
Tenkuu no Escaflowne,182
The Disappearance of Conan Edogawa: The Worst Two Days in History,21867
To LOVE-Ru Darkness 2nd,28979
Tokyo Ravens,16011
Aikatsu! Movie,22819
Angel Beats! Specials,9062
Aria The Animation,477
Break Blade 1: Kakusei no Toki,6772
Crayon Shin-chan Movie 09: Arashi wo Yobu Mouretsu! Otona Teikoku no Gyakushuu,2450
Denpa-teki na Kanojo,5177
Dragon Quest: Dai no Daibouken,2229
Higashi no Eden Soushuuhen: Air Communication,6927
Ichigo Mashimaro Encore,4811
Inu x Boku SS Special,13403
Jigoku Shoujo,228
New Initial D Movie: Legend 3 - Mugen,30952
Nobunaga Concerto,24135
Panty &amp; Stocking with Garterbelt,8795
Poyopoyo Kansatsu Nikki,12021
Pretty Rhythm: Rainbow Live,17249
Ranma ½ Super,1011
Servant x Service,18119
Shakugan no Shana II (Second),2787
Tales of Vesperia: The First Strike,6046
Toaru Hikuushi e no Tsuioku,9000
Towa no Quon 6: Towa no Quon,10717
Ajin,31580
"Akagami no Shirayuki-hime: Nandemonai Takaramono, Kono Page",31483
Bishoujo Senshi Sailor Moon R: The Movie,531
Code Geass: Hangyaku no Lelouch Special Edition Black Rebellion,4596
Full Metal Panic! The Second Raid: Wari to Hima na Sentaichou no Ichinichi,1015
Ga-Rei: Zero,4725
Higashi no Eden Movie II: Paradise Lost,6637
Jungle wa Itsumo Hare nochi Guu Final,255
Kore wa Zombie Desu ka? of the Dead,10790
Kyoukai no Kanata: Shinonome,23385
Lupin III: Episode 0 &quot;First Contact&quot;,1418
Minami-ke Tadaima,14511
Momo e no Tegami,10389
Nurarihyon no Mago,7592
One Piece: Episode of Sabo - 3 Kyoudai no Kizuna Kiseki no Saikai to Uketsugareru Ishi,31289
Orange,32729
Over Drive,2112
R.O.D OVA,208
Rakudai Kishi no Cavalry,30296
Ranma ½ Specials,1008
Rozen Maiden: Träumend,65
Slam Dunk: Hoero Basketman-damashii! Hanamichi to Rukawa no Atsuki Natsu,2499
Special A,3470
Tenchi Muyou! Ryououki 2nd Season,540
Texhnolyze,26
Urusei Yatsura,1293
Utawarerumono,856
Air Gear: Kuro no Hane to Nemuri no Mori - Break on the Sky,9201
Black Jack 21,2214
Digimon Adventure tri. 2: Ketsui,32108
Fushigi Yuugi,123
Ichigo Mashimaro,488
JoJo no Kimyou na Bouken: Phantom Blood,3603
Koyomimonogatari,32268
Mobile Suit Gundam 00 Special Edition,7270
Ojamajo Doremi Na-i-sho,1376
One Piece Movie 6: Omatsuri Danshaku to Himitsu no Shima,464
Sengoku Basara Movie: The Last Party,9745
Shingeki no Bahamut: Genesis,21843
Tenchi Muyou! Ryououki,539
Tonari no Kaibutsu-kun,14227
Zero no Tsukaima F,11319
Ao Haru Ride OVA,24151
Bishoujo Senshi Sailor Moon S: Kaguya Hime no Koibito,997
Bokura wa Minna Kawaisou: Hajimete no,24913
Bungou Stray Dogs,31478
Detective Conan Movie 19: The Hellfire Sunflowers,28479
Doraemon (1979),2471
Genshiken,240
Ginga Tetsudou 999 (Movie),1301
Girls und Panzer: Kore ga Hontou no Anzio-sen Desu!,18619
Hakuouki Hekketsuroku,9065
Hetalia Axis Powers,5060
Itazura na Kiss,3731
Lupin III,1412
Mahouka Koukou no Rettousei,20785
Majin Tantei Nougami Neuro,2985
Master Keaton,1483
No.6,10161
One Piece Movie 4: Dead End no Bouken,462
Senjou no Valkyria,5507
Tegamibachi,6444
Towa no Quon 4: Guren no Shoushin,10715
Turn A Gundam,95
Bleach Movie 4: Jigoku-hen,8247
D-Frag!,20031
Detective Conan Movie 09: Promo Special,7471
Dragon Ball Z Special 1: Tatta Hitori no Saishuu Kessen,986
Go! Princess Precure,28669
Hayate no Gotoku!,2026
InuYasha: Kagami no Naka no Mugenjo,450
Kanojo to Kanojo no Neko: Everything Flows,32491
Kara no Kyoukai Remix: Gate of Seventh Heaven,6624
Kino no Tabi: The Beautiful World - Tou no Kuni,3466
"Kono Danshi, Ningyo Hiroimashita.",15439
Kuroko no Basket: Baka ja Katenai no yo!,19669
Kyoukai no Kanata Movie: I&#039;ll Be Here - Kako-hen,25015
Mahoujin Guru Guru,331
One Piece: Heart of Gold,33338
Shingeki no Kyojin Movie 2: Jiyuu no Tsubasa,23777
The iDOLM@STER,10278
Trapp Ikka Monogatari,2557
Utawarerumono Specials,1830
World Trigger,24405
Yuusha-Ou GaoGaiGar Final Grand Glorious Gathering,4416
Bishoujo Senshi Sailor Moon R,740
Black Jack (TV),2213
Cardcaptor Sakura Movie 1,371
Detective Conan: Black History,7303
Fullmetal Alchemist: The Conqueror of Shamballa,430
Genshiken OVA,1813
Hal,16528
Heartcatch Precure! Movie: Hana no Miyako de Fashion Show... Desu ka!?,9288
Higashi no Eden Movie I: The King of Eden,6372
Hungry Heart: Wild Striker,17
Initial D Battle Stage 2,3931
Kekkai Sensen,24439
Love Stage!! OVA,23441
Mahou Shoujo Lyrical Nanoha StrikerS,1915
Mousou Dairinin,323
Muumindani no Suisei,2313
Noein: Mou Hitori no Kimi e,584
Persona 3 the Movie 3: Falling Down,24543
Sengoku Basara Two,6634
Shakugan no Shana,355
Soukyuu no Fafner: Dead Aggressor - Exodus 2nd Season,30549
Taiyou no Ko Esteban,1279
Toriko,10033
UN-GO: Inga-ron,11531
Crayon Shin-chan,966
Diamond no Ace OVA,25341
Doraemon Movie 31: Shin Nobita to Tetsujin Heidan - Habatake Tenshi-tachi,10534
Flip Flappers,32979
GetBackers,132
K,14467
Katekyo Hitman Reborn! Special,8532
Kekkaishi,1606
Kuroshitsuji II Specials,9136
Lady Lady!!,2227
Mitsudomoe,7627
Prison School OVA,32485
Shakugan no Shana III (Final),6773
Uchuu Senkan Yamato,1650
Wakakusa Monogatari: Nan to Jo-sensei,2558
Zero no Tsukaima: Futatsuki no Kishi,1840
Ansatsu Kyoushitsu: 365-nichi no Jikan,33513
Daicon Opening Animations,2724
Dragon Ball Z Movie 12: Fukkatsu no Fusion!! Gokuu to Vegeta,905
Durarara!!x2 Ketsu: Dufufufu!!,32915
Future GPX Cyber Formula Sin,1395
Ie Naki Ko Remi Specials,10471
Inazuma Eleven,5231
Kara no Kyoukai 6: Boukyaku Rokuon,5204
Kyoukaisenjou no Horizon II,12487
Mobile Police Patlabor: On Television,324
Mujin Wakusei Survive,709
New Prince of Tennis OVA vs. Genius10,21755
Noblesse: Awakening,32668
Ouritsu Uchuugun: Honneamise no Tsubasa,1034
Tanaka-kun wa Itsumo Kedaruge Specials,33157
Toradora! OVA,23701
Towa no Quon 5: Souzetsu no Raifuku,10716
Urusei Yatsura Movie 5: Final,1924
Zhen Hun Jie,33350
Aa! Megami-sama!: Tatakau Tsubasa,3090
Arakawa Under the Bridge,7647
Bishoujo Senshi Sailor Moon,530
Evangelion: 3.0 You Can (Not) Redo,3785
Fullmetal Alchemist: Brotherhood - 4-Koma Theater,7902
Gakkou no Kaidan,1281
Gakkougurashi!,24765
Gensoumaden Saiyuuki,129
Giant Killing,7661
Hetalia: The World Twinkle Extra Disc,31997
High School DxD BorN,24703
Inazuma Eleven Go: Kyuukyoku no Kizuna Gryphon,10999
Mainichi Kaasan,6116
Mirai Nikki Redial,16762
Natsume Yuujinchou: Nyanko-sensei to Hajimete no Otsukai,18849
Ojiisan no Lamp,10500
Pokemon Black and White 2: Introduction Movie,14123
Prince of Tennis: Another Story II - Ano Toki no Bokura,10573
Seitokai Yakuindomo,8675
Shounen Onmyouji,1557
Sukitte Ii na yo.,14289
Toaru Majutsu no Index: Endymion no Kiseki,11743
Tokyo Ghoul: &quot;Jack&quot;,30458
Ushio to Tora (TV),29854
Ano Natsu de Matteru,11433
Arslan Senki (TV): Fuujin Ranbu,31821
Boku wa Tomodachi ga Sukunai Next,14967
Fairy Tail Movie 1: Houou no Miko,12049
Final Fantasy VII: Advent Children - Venice Film Festival Footage,6152
Future GPX Cyber Formula Zero,1393
Ghost in the Shell: Arise - Border:2 Ghost Whispers,19191
High School DxD,11617
Hourou Musuko Specials,10935
Ike! Ina-chuu Takkyuubu,914
Imawa no Kuni no Alice (OVA),24781
Isshuukan Friends.,21327
Kamisama no Memochou,10568
Kimagure Orange☆Road,1087
Ling Qi,33605
Love Live! School Idol Project,15051
Oda Nobuna no Yabou,11933
Pokemon XY: Mega Evolution,23301
Ranma ½: Akumu! Shunmin Kou,5493
Shingeki no Kyojin Movie 1: Guren no Yumiya,23775
Strike Witches Movie,9751
Tsubasa Chronicle 2nd Season,969
Uchuu Patrol Luluco,32681
Waga Seishun no Arcadia,2202
"Yondemasu yo, Azazel-san.",7762
Yuru Yuri,10495
Aa! Megami-sama!: Sorezore no Tsubasa,880
Aikatsu!,15061
Air Gear,857
Chuuka Ichiban!,110
Gugure! Kokkuri-san,23251
Hanbun no Tsuki ga Noboru Sora,587
Initial D: Project D to the Next Stage - Project D e Mukete,12725
Inu x Boku SS,11013
InuYasha: Toki wo Koeru Omoi,452
Kiniro no Corda: Primo Passo,1579
Kuroko no Basket Movie 1: Winter Cup Soushuuhen - Kage to Hikari,32869
Kuroshitsuji Special,6793
Layton Kyouju to Eien no Utahime,6172
Love Stage!!,21105
Macross Zero,194
Moyashimon,3001
Nodame Cantabile OVA 2,8190
Saenai Heroine no Sodatekata,23277
Slam Dunk: Shouhoku Saidai no Kiki! Moero Sakuragi Hanamichi,2498
Tamayura: Sotsugyou Shashin Part 1 - Kizashi,25729
Toaru Majutsu no Index,4654
Tonari no Seki-kun,18139
Zettai Karen Children: The Unlimited - Hyoubu Kyousuke,16005
Ajin OVA,32015
Amagi Brilliant Park,22147
Ashita no Nadja,1946
Basilisk: Kouga Ninpou Chou,67
Boruto: Naruto the Movie - Naruto ga Hokage ni Natta Hi,32365
Btooom!,14345
Dragon Ball Kai: Mirai ni Heiwa wo! Goku no Tamashii yo Eien ni,11359
Kaleido Star: Aratanaru Tsubasa - Extra Stage,428
Mahou Sensei Negima! Shiroki Tsubasa Ala Alba,4188
Mutsu Enmei Ryuu Gaiden: Shura no Toki,340
Persona 4 the Animation,10588
Sora no Otoshimono,5958
Aura: Maryuuin Kouga Saigo no Tatakai,14669
City Hunter: Goodbye My Sweetheart,1478
Detective Conan Magic File 4: Osaka Okonomiyaki Odyssey,8331
Fantastic Children,455
Free!,18507
Ghost in the Shell (2015),27411
Grisaia no Kajitsu,17729
Haiyore! Nyaruko-san F,26023
Hetalia: The Beautiful World Extra Disc,21075
Jewelpet Twinkle☆,8217
Juubee Ninpuuchou,617
Kiznaiver,31798
Kore wa Zombie Desu ka?,8841
Mitsudomoe Special,9396
New Prince of Tennis,11371
Sakamoto desu ga?,32542
Tales of Symphonia The Animation: Tethe&#039;alla-hen,5306
Tatakae! Chou Robot Seimeitai Transformers,2268
Tsubasa Chronicle,177
Aldnoah.Zero,22729
Bleach Movie 3: Fade to Black - Kimi no Na wo Yobu,4835
Code Geass: Boukoku no Akito 1 - Yokuryuu wa Maiorita,8888
Detective Conan Magic File 2: Kudou Shinichi - The Case of the Mysterious Wall and the Black Lab,5348
Detective Conan: Conan vs. Kid - Jet Black Sniper,9786
Digimon Adventure tri. 1: Saikai,25687
Durarara!!x2 Ten: Onoroke Chakapoko,31552
Girls und Panzer,14131
Heroic Age,2002
Kareshi Kanojo no Jijou,145
Keroro Gunsou Movie 3: Tenkuu Daikessen de Arimasu!,5290
Konjiki no Gash Bell!!,250
Log Horizon 2nd Season,23321
Mobile Suit Gundam Seed: Seed Supernova - Tanekyara Gekijou,2743
Mobile Suit Gundam Wing: Operation Meteor,3626
Ore no Imouto ga Konnani Kawaii Wake ga Nai Specials,10020
Plawres Sanshirou,1873
Pokemon: Mewtwo no Gyakushuu,528
Shion no Ou,2562
Slam Dunk: Zenkoku Seiha Da! Sakuragi Hanamichi,1861
Tales of Symphonia The Animation: Sekai Tougou-hen,8995
The iDOLM@STER Movie: Kagayaki no Mukougawa e!,17437
Udon no Kuni no Kiniro Kemari,32673
UFO Robo Grendizer,1985
Aa! Megami-sama! Movie,304
Acchi Kocchi (TV),12291
Area 88,1488
Darker than Black: Kuro no Keiyakusha Special,4182
Detective Conan: Black History 2,9839
Digimon Tamers,874
Doraemon Movie 27: Nobita no Shin Makai Daibouken - 7-nin no Mahoutsukai,2673
Flying Witch,31376
Fushigi no Umi no Nadia,1251
High School DxD BorN: Yomigaeranai Fushichou,32215
Jigoku Sensei Nube,2012
Kappa no Coo to Natsuyasumi,2848
Majokko Shimai no Yoyo to Nene,15813
Minami-ke Okaeri,5162
New Prince of Tennis Specials,13245
Nijuu Mensou no Musume,3673
Non Non Biyori: Okinawa e Ikukoto ni Natta,21667
"One Piece Movie 9: Episode of Chopper Plus - Fuyu ni Saku, Kiseki no Sakura",3848
Owari no Seraph,26243
Paniponi Dash!: Danjite Okonaeba Kishin mo Kore wo Saku,5419
Rurouni Kenshin: Meiji Kenkaku Romantan - Ishinshishi e no Chinkonka,46
"Yondemasu yo, Azazel-san. Z",16241
Aa! Megami-sama!: Sorezore no Tsubasa Specials,2198
Bishoujo Senshi Sailor Moon SuperS,1239
CLAMP in Wonderland 2,2768
Detective Conan OVA 04: Conan and Kid and Crystal Mother,2514
Future GPX Cyber Formula Saga,1394
Ghost in the Shell: Arise - Border:1 Ghost Pain,17187
Hakuouki OVA,11663
Hellsing,270
Hokuto no Ken 2,1356
Junjou Romantica Special,6553
Kaitou Saint Tail,1567
Kore wa Zombie Desu ka? of the Dead OVA,15437
Little Busters!,13655
Marmalade Boy,334
Ningen Shikkaku: Director&#039;s Cut-ban,7651
Omoide Poroporo,1029
R.O.D the TV,209
Saint☆Oniisan,15775
Sayonara Zetsubou Sensei Special,10469
Suisei no Gargantia,16524
Towa no Quon 3: Mugen no Renza,10714
Watashi ga Motete Dousunda,32899
"Yondemasu yo, Azazel-san. (TV)",10216
&quot;Bungaku Shoujo&quot; Movie,6408
Amaama to Inazuma,32828
Angel Beats!: Another Epilogue,10067
Hakuouki Reimeiroku,13115
Hokuto no Ken: Raoh Gaiden Gekitou-hen,2174
Initial D Battle Stage,821
Konnichiwa Anne: Before Green Gables,5494
Kuruneko,6604
Love Live! Sunshine!!,32526
Mardock Scramble: The First Compression,8100
Medaka Box Abnormal,14527
Patalliro!,2835
Perrine Monogatari,2549
Prince of Tennis: Atobe&#039;s Gift,814
Rokka no Yuusha,28497
Saki Achiga-hen: Episode of Side-A Specials,15989
"Shin Kimagure Orange☆Road: Soshite, Ano Natsu no Hajimari",2098
Sora no Otoshimono: Project Pink,7858
Suzumiya Haruhi-chan no Yuuutsu,5118
Uchuu Senkan Yamato 2,1651
Yawara!,691
Accel World,11759
Acchi Kocchi (TV): Place=Princess,16273
Bishoujo Senshi Sailor Moon SuperS: Sailor 9 Senshi Shuuketsu! Black Dream Hole no Kiseki,1240
Cardcaptor Sakura Specials,2424
Darker than Black: Ryuusei no Gemini,6573
Donten ni Warau,21743
"Dragon Ball Z Movie 08: Moetsukiro!! Nessen, Ressen, Chougekisen",901
Dragon Ball Z Movie 14: Kami to Kami,14837
Fate/kaleid liner Prisma☆Illya 3rei!!,31706
Gallery Fake,364
Grimm Masterpiece Theater,4060
Hello!! Kiniro Mosaic,23269
Hidamari Sketch Specials,3165
InuYasha: Guren no Houraijima,449
Kuroko no Basket Movie 2: Winter Cup Soushuuhen - Namida no Saki e,32870
Metropolis,522
Mobile Fighter G Gundam,96
Naruto: Shippuuden Movie 5 - Blood Prison,10589
Shigofumi,3420
Shinryaku!? Ika Musume,10378
Shokugeki no Souma OVA,31327
Shoubushi Densetsu Tetsuya,3369
So Ra No Wo To Specials,8197
Sweat Punch,1072
Yozakura Quartet: Tsuki ni Naku,18499
Yuusha Keisatsu J-Decker,5075
Zero no Tsukaima,1195
Aa! Megami-sama! (TV) Specials,1003
Amagami SS+ Plus,11235
Ayakashi: Japanese Classic Horror,586
Casshern Sins,4981
Digimon Adventure Movie,2961
Freedom,1747
Gokudou-kun Manyuuki,2409
Golgo 13 (TV),4039
Kimagure Orange☆Road OVA,2458
Lady Jewelpet,22693
Magic Knight Rayearth II,1563
Mobile Police Patlabor: The New Files,1289
Motto To LOVE-Ru,9181
Planetarian: Chiisana Hoshi no Yume,33091
Precure All Stars Movie DX3: Mirai ni Todoke! Sekai wo Tsunagu☆Nijiiro no Hana,9979
Salaryman Kintarou,1608
Sekirei: Pure Engagement,5277
Senyuu. 2,18523
Seto no Hanayome OVA Specials,7041
Shugo Chara!,2923
Snow Halation,9930
Tokyo Ghoul: &quot;Pinto&quot;,31297
Urusei Yatsura OVA,1919
Yahari Ore no Seishun Love Comedy wa Machigatteiru. OVA,18753
Yozakura Quartet: Hana no Uta,18497
Yu☆Gi☆Oh! Arc-V,21639
Akage no Anne,283
Bleach Movie 2: The DiamondDust Rebellion - Mou Hitotsu no Hyourinmaru,2889
Chuunibyou demo Koi ga Shitai! Ren,18671
Chuunibyou demo Koi ga Shitai!: Kirameki no... Slapstick Noel,16934
City Hunter: Kinkyuu Namachuukei!? Kyouakuhan Saeba Ryou no Saigo,1479
Detective Conan Movie 11: Jolly Roger in the Deep Azure,2171
Fune wo Amu,32948
Ganbare Genki,3213
Ghost in the Shell: Arise - Border:4 Ghost Stands Alone,19195
Gochuumon wa Usagi Desu ka?,21273
Hottarake no Shima: Haruka to Mahou no Kagami,5998
Jibaku-kun,2330
Kamichu! Specials,3449
Kidou Senkan Nadesico,218
On Your Mark,1047
"One More Time, One More Chance",22539
One Piece: Romance Dawn,16287
Otome Youkai Zakuro,8476
Persona 4 the Animation: No One is Alone,13587
Pretty Rhythm: Aurora Dream,10257
Prince of Tennis: Eikokushiki Teikyuu Shiro Kessen!,10731
Psycho-Pass 2,23281
Samurai 7,166
Sayonara Zetsubou Sensei Jo: Zoku Zetsubou Shoujo Senshuu,8317
Shinryaku! Ika Musume,8557
Shonan Junai Gumi!,1913
Shouwa Genroku Rakugo Shinjuu: Yotarou Hourou-hen,25801
So Ra No Wo To,6802
Tales of Zestiria the X,30911
Tenshi na Konamaiki,200
Toshokan Sensou,3613
Zero no Tsukaima: Princesses no Rondo,3712
Acchi Kocchi,22419
Afro Samurai Movie,13709
City Hunter: Ai to Shukumei no Magnum,1474
Code Geass: Boukoku no Akito 3 - Kagayaku Mono Ten yori Otsu,15199
Doraemon (2005),8687
Hikaru no Go Special,10765
Katekyo Hitman Reborn!: Mr. Rebokku no Ciao Ciao Interview,9023
Kemonozume,1454
Kiniro no Corda: Primo Passo - Hitonatsu no Encore,3392
Kyou kara Maou! R,2971
Mai-HiME,98
Mikakunin de Shinkoukei,20541
Mobile Police Patlabor: The Movie,1095
Mugen no Ryvius,593
Noblesse: Pamyeol-ui Sijak,32566
One Piece: Straw Hat Theater,2680
Osomatsu-san Special,32026
Patapata Hikousen no Bouken,708
Perfect Day,10445
Rakuen Tsuihou: Expelled from Paradise,13391
Shinreigari: Ghost Hound,2596
Shoujo Kakumei Utena: Adolescence Mokushiroku,441
Shugo Chara!! Doki,5262
Taiho Shichau zo (1996),1372
Tetsujin 28-gou (2004),2337
Yamada-kun to 7-nin no Majo (OVA),24627
Aishiteruze Baby★★,102
Aoki Hagane no Arpeggio: Ars Nova DC,24919
Bleach Movie 1: Memories of Nobody,1686
Brave Story,1681
Candy Candy,2800
Chuunibyou demo Koi ga Shitai! Ren: The Rikka Wars,27601
Cross Road,22839
Fate/stay night,356
Fate/stay night Movie: Unlimited Blade Works,6922
Grimm Masterpiece Theater II,4061
Hetalia: The World Twinkle,28607
Level E,9834
Naruto x UT,10075
Shin Chou Kyou Ryo: Condor Hero III,5854
Taiyou no Kiba Dagram,2257
The iDOLM@STER: 765 Pro to Iu Monogatari,11889
Uchuu no Kishi Tekkaman Blade,1459
Amagami SS,8676
Boku wa Tomodachi ga Sukunai,10719
Chobits,59
Chrome Shelled Regios,4186
Dareka no Manazashi,17121
Detective Conan Magic File 3: Shinichi and Ran - Memories of Mahjong Tiles and Tanabata,6231
Doraemon Movie 21: Nobita no Taiyou Ou Densetsu,7045
Hakkenden: Touhou Hakken Ibun,15613
Hakuouki,6895
Heppoko Jikken Animation Excel♥Saga,379
Kore wa Zombie Desu ka? OVA,10209
Mardock Scramble: The Third Exhaust,12053
Minami-ke Betsubara,5713
Nisekoi OVA,24227
Nodame Cantabile OVA,6187
Paniponi Dash!,490
Rozen Maiden,64
Saki,5671
Sengoku Basara,5355
Shashinkan,20671
Super GALS! Kotobuki Ran,1728
The Big O,567
Top wo Nerae! &amp; Top wo Nerae 2! Gattai Movie!!,1911
Yu☆Gi☆Oh! Duel Monsters,481
Aria The Natural: Sono Futatabi Deaeru Kiseki ni...,5244
Carnival Phantasm EX Season,12187
Charlotte: Tsuyoi Monotachi,31553
City Hunter: The Secret Service,1477
Date A Live Movie: Mayuri Judgment,24655
Detective Conan OVA 06: Follow the Vanished Diamond! Conan &amp; Heiji vs. Kid!,1368
Doraemon Movie 26: Nobita no Kyouryuu 2006,2392
Genshiken Nidaime,18465
Gokinjo Monogatari,852
Hetalia Axis Powers Fan Disc,9865
Higashi no Eden: Falling Down,6399
Higurashi no Naku Koro ni Rei,3652
Kara no Kyoukai: Mirai Fukuin - Extra Chorus,22763
Keroro Gunsou Movie 4: Gekishin Dragon Warriors de Arimasu!,5710
Mobile Suit Gundam II: Soldiers of Sorrow,1091
"Momoko, Kaeru no Uta ga Kikoeru yo.",7877
Nihon Animator Mihonichi,28149
Orange: Mirai,34136
Saiyuuki Reload Gunlock,131
Simoun,879
Sugar Sugar Rune,1642
Tanoshii Muumin Ikka Bouken Nikki,5712
Tasogare Otome x Amnesia: Taima Otome,14189
Tenshi no Tamago,885
Tetsuwan Birdy Decode,3974
Toaru Kagaku no Railgun: Misaka-san wa Ima Chuumoku no Mato desukara,9047
Waga Seishun no Arcadia: Mugen Kidou SSX,2203
X,156
Zipang,29
AKB0048,12149
Aoki Hagane no Arpeggio: Ars Nova,18893
Blood Lad,11633
Captain Harlock,17269
City Hunter: Hyakuman Dollar no Inbou,1476
Code Geass: Boukoku no Akito 4 - Nikushimi no Kioku Kara,15201
Danna ga Nani wo Itteiru ka Wakaranai Ken,26349
Date A Live: Date to Date,17641
Dragon Ball Z Movie 15: Fukkatsu no F,25389
ef: A Tale of Memories. - Recollections,6783
Fairy Tail OVA (2016),32930
Full Metal Panic! The Second Raid Episode 000,6291
God Eater,27631
Gunslinger Girl,134
Hi no Ame ga Furu,5929
Himouto! Umaru-chan,28825
Hokuto no Ken Zero: Kenshirou Den,5291
Joshiraku,12679
Kaichou wa Maid-sama!: Omake dayo!,9366
Kaikan Phrase,1021
Kuroshitsuji II,6707
Lodoss-tou Senki,207
Lupin III: Otakara Henkyaku Daisakusen!!,1424
Maria-sama ga Miteru Specials,3468
Masuda Kousuke Gekijou Gag Manga Biyori 2,2518
Mobile Suit Gundam Seed Destiny Final Plus: The Chosen Future,1241
Mobile Suit Gundam Unicorn RE:0096,32792
One Piece: Romance Dawn Story,5252
"Ore no Nounai Sentakushi ga, Gakuen Love Comedy wo Zenryoku de Jama Shiteiru",19221
RahXephon,165
Shinryaku!! Ika Musume,13267
Sunabouzu,25
Tegamibachi: Hikari to Ao no Gensou Yawa,5538
Tonari no Seki-kun Specials,24365
True Tears,2129
&quot;Bungaku Shoujo&quot; Memoire,8481
Bobobo-bo Bo-bobo,1050
Bokura ga Ita,1222
Chou Denji Machine Voltes V,1069
Chouyaku Hyakuninisshu: Uta Koi.,13349
Code Geass: Boukoku no Akito 2 - Hikisakareshi Yokuryuu Picture Drama,23359
Date A Live,15583
Doraemon Movie 28: Nobita to Midori no Kyojin Den,5096
Dragon Ball Z Movie 13: Ryuuken Bakuhatsu!! Goku ga Yaraneba Dare ga Yaru,906
Fairy Tail x Rave,18393
Future GPX Cyber Formula,1391
Hime-chan no Ribbon,2037
Hokuto no Ken: Raoh Gaiden Junai-hen,1773
Initial D Extra Stage 2,5228
Karas,389
Nanatsu no Umi no Tico,3199
Ookiku Furikabutte: Natsu no Taikai-hen Special,9124
Puchi Puri Yuushi,327
Saiyuuki Reload,130
Shigurui,2216
Super Lovers,31680
Tamayura: More Aggressive,15731
Tenchi Muyou!,696
Tiger &amp; Bunny Movie 1: The Beginning,12015
Toradora!: Bentou no Gokui,11553
Vandread: The Second Stage,181
Wangan Midnight,2608
Aoki Densetsu Shoot!,1327
Ashita no Joe 2 (Movie),2922
Cowboy Bebop: Yose Atsume Blues,4037
Gundam Build Fighters Try,24625
Hiyokoi,8768
Hoshi no Koe,256
Kamisama no Inai Nichiyoubi,16009
Magic Knight Rayearth,435
Mayo Chiki!,10110
Naruto: Shippuuden Movie 4 - The Lost Tower,8246
Nitaboh,1203
Pale Cocoon,770
Sankarea,11499
Shimoneta to Iu Gainen ga Sonzai Shinai Taikutsu na Sekai,29786
Shin Chou Kyou Ryo: Condor Hero,959
Towa no Quon 1: Utakata no Kaben,10294
Towa no Quon 2: Konton no Ranbu,10713
Trinity Seven OVA,28285
UN-GO,10798
Uta no☆Prince-sama♪ Maji Love 2000%,12711
Vampire Knight Guilty,4752
Whistle!,183
Yomigaeru Sora: Rescue Wings,798
Yu☆Gi☆Oh!: The Dark Side of Dimensions,28771
Angel Densetsu,5251
Black Cat,68
Flanders no Inu,2553
Fuse: Teppou Musume no Torimonochou,13335
Future GPX Cyber Formula 11,1392
Ghost in the Shell: Arise - Border:3 Ghost Tears,19193
Glass no Kamen,506
Harmonie,20903
Kamikaze Kaitou Jeanne,142
Kanojo to Kanojo no Neko,1004
Kowarekake no Orgel (Movie),10918
Kure-nai,3358
Mahou Shoujo Lyrical Nanoha,76
Monster Musume no Iru Nichijou OVA,32698
Nanatsu no Taizai: Seisen no Shirushi,31722
Nijiiro Days,31414
Ojamajo Doremi Dokkaan!,353
Oruchuban Ebichu,1060
Otona Joshi no Anime Time,10178
Outbreak Company,19369
Persona 4 the Animation: The Factor of Hope,14267
Pokemon XY,19291
Ranma ½: Kessen Tougenkyou! Hanayome wo Torimodose!,792
Sayonara Zetsubou Sensei Jo: Zetsubou Shoujo Senshuu,3674
Scrapped Princess,167
Seitokai no Ichizon,5909
Selector Spread WIXOSS,24037
Slayers Evolution-R,5233
Taiho Shichau zo: Second Season,2014
Tales of Zestiria: Doushi no Yoake,24459
Tenchi Muyou! in Love,1006
Tokyo Ghoul √A,27899
Yu☆Gi☆Oh! 5D&#039;s,3972
Yuuki Yuuna wa Yuusha de Aru,25519
Ajin Part 2: Shoutotsu,30869
Busou Renkin,1536
City Hunter: Bay City Wars,1475
Detective Conan Bonus File: Fantasista Flower,13837
Detective Conan OVA 11: A Secret Order from London,10703
Doraemon Movie 05: Nobita no Makai Daibouken,2672
Garo: Honoo no Kokuin,23311
Hidamari Sketch,1852
Honoo no Toukyuuji: Dodge Danpei,2228
Joshiraku OVA,15591
Kamichama Karin,1808
Kamichu!,489
Little Nemo,2286
Maria-sama ga Miteru 3rd Specials,2954
Maria-sama ga Miteru: Haru Specials,3469
Mirai Nikki,8460
Moonlight Mile 2nd Season: Touch Down,2929
Neon Genesis Evangelion: Death &amp; Rebirth,31
Oban Star-Racers,1212
Papa no Iukoto wo Kikinasai!,11179
Raiyantsuuri no Uta,9959
Rurouni Kenshin Special,12067
Sakigake!! Otokojuku,2903
Sentou Mecha Xabungle,2254
Shin Chou Kyou Ryo: Condor Hero II,960
Taiho Shichau zo,1577
To LOVE-Ru OVA,5667
Winter Sonata,4189
WWW.Working!!,33094
Yama no Susume Second Season,21435
Another: The Other - Inga,11701
Bartender,1589
Cheburashka,9340
Chi&#039;s Sweet Home OVA,7972
Cinderella Monogatari,2817
Date A Live II,19163
Dotto Koni-chan,1684
Fullmetal Alchemist: The Sacred Star of Milos,9135
Gangsta.,25183
Gatchaman Crowds: Embrace,23703
Ghost in the Shell: Stand Alone Complex - Tachikoma na Hibi (TV),10870
Hadashi no Gen 2,1825
Hetalia: The World Twinkle Specials,31158
Hibike! Euphonium: Kakedasu Monaka,31665
Karakuri Zoushi Ayatsuri Sakon,2204
Kaze no Stigma,1691
Kindaichi Shounen no Jikenbo Returns 2nd Season,31227
Kono Bijutsubu ni wa Mondai ga Aru!,31952
Lupin III: Part III,1426
Mardock Scramble: The Second Combustion,10624
Marmalade Boy Movie,520
Mnemosyne: Mnemosyne no Musume-tachi,3342
Naruto: Shippuuden Movie 3 - Hi no Ishi wo Tsugu Mono,6325
Nisekoi:,27787
Nodame Cantabile Special,3965
One Piece: Adventure of Nebulandia,32051
Ranma ½: Chou Musabetsu Kessen! Ranma Team vs. Densetsu no Houou,1010
Sakasama no Patema: Beginning of the Day,13429
Seikai no Senki Special,399
Tengen Toppa Gurren Lagann Movie: Lagann-hen Special - Viral no Amai Yume,5947
Uchuu Show e Youkoso,8115
Yuu☆Yuu☆Hakusho: Eizou Hakusho II,2126
Baka to Test to Shoukanjuu Specials,7870
Ben-To,10396
Danganronpa: Kibou no Gakuen to Zetsubou no Koukousei The Animation,16592
Danna ga Nani wo Itteiru ka Wakaranai Ken 2 Sure-me,29067
Doraemon,501
Fairy Tail Movie 1: Houou no Miko - Hajimari no Asa,17535
Inazuma Eleven: Saikyou Gundan Ogre Shuurai,9032
Kaze no Shoujo Emily,1878
Kowarekake no Orgel,9213
Love Lab,16353
Love Live! School Idol Project 2nd Season Recap,30829
Mai-Otome 0: S.ifr,3268
Maison Ikkoku: Kanketsu-hen,2460
Mazinger Z,2253
One Piece: Mamore! Saigo no Dai Butai,1238
Ore no Imouto ga Konnani Kawaii Wake ga Nai,8769
Pandora Hearts Specials,6896
Qin Shiming Yue Zhi: Zhu Zi Bai Jia,11835
Saki Zenkoku-hen,16123
Sakurako-san no Ashimoto ni wa Shitai ga Umatteiru,30187
Senyuu.,15751
Shakugan no Shana S,6572
Soukou Kihei Votoms: Red Shoulder Document - Yabou no Roots,2585
Soukyuu no Fafner: Right of Left - Single Program,560
Strike Witches: Operation Victory Arrow,23725
"Tamayura: More Aggressive - Tsuitachi dake no Shuugakuryokou, Nanode",21737
Tenchi Muyou! Ryououki: Omatsuri Zenjitsu no Yoru!,1146
Tibet Inu Monogatari,10629
Time Travel Tondekeman!,2820
Uchuu no Stellvia,113
Yokoyama Mitsuteru Sangokushi,970
Yowamushi Pedal: Special Ride,18177
Ai no Wakakusa Monogatari,2548
Air,101
Akazukin Chacha,103
Carnival Phantasm: HibiChika Special,15927
Crayon Shin-chan Movie 10: Arashi wo Yobu Appare! Sengoku Daikassen,3744
Deadman Wonderland,6880
Gensoumaden Saiyuuki Movie: Requiem - Erabarezaru Mono e no Chinkonka,484
Ginban Kaleidoscope,476
GJ-bu,14811
Gokusen,242
Happy Birthday: Inochi Kagayaku Toki,9931
Honobono Log,33241
Huyao Xiao Hongniang,31499
Ikoku Meiro no Croisée The Animation,9938
Initial D Extra Stage,822
Keroro Gunsou Movie 2: Shinkai no Princess de Arimasu!,2408
Kimikiss Pure Rouge,2927
Little Busters!: Sekai no Saitou wa Ore ga Mamoru!,17643
Lupin III: Kutabare! Nostradamus,1419
Maria-sama ga Miteru,158
Prince of Tennis: A Day on Survival Mountain,1190
Re:␣Hamatora,23421
Ristorante Paradiso,5984
Seitokai no Ichizon Lv.2,10464
"Sengoku Basara Two: Ryuko, Itadaki no Chikai! Atsuki Mirai e Kakeru Tamashii!!",10483
Shigofumi Special,4715
Shin Getter Robo,2978
Soredemo Machi wa Mawatteiru,8726
Tokimeki Tonight,3125
Yankee-kun na Yamada-kun to Megane-chan to Majo,30641
Youkai Watch Movie 1: Tanjou no Himitsu da Nyan!,24591
Yowamushi Pedal: Re:RIDE,25755
Yowamushi Pedal: Re:ROAD,30790
Yuu☆Yuu☆Hakusho: Eizou Hakusho,2125
Zoids,763
Air in Summer,656
Appleseed Saga Ex Machina,2969
Asura Cryin&#039; 2,6676
Cross Ange: Tenshi to Ryuu no Rondo,25731
D-Frag! OVA,23383
Detective Conan Magic File 5: Niigata - Tokyo Omiyage Capriccio,10531
Doraemon Movie 25: Nobita no Wan Nyan Jikuuden,2656
Doraemon Movie 33: Nobita no Himitsu Dougu Museum,15925
Fate/kaleid liner Prisma☆Illya 2wei!,20509
Futatsu no Spica,344
Gatchaman Crowds,18229
Gatchaman Crowds Insight,21039
Grisaia no Meikyuu Special,31324
Hakushaku to Yousei,4551
Hana to Alice: Satsujin Jiken,27969
"Hetalia Axis Powers Movie: Paint it, White",7337
High School DxD OVA,12729
Hitsugi no Chaika,20853
JoJo no Kimyou na Bouken,666
Kuroko no Basket: Oshaberi Demo Shimasen ka,29583
Legend of Basara,633
Legendz: Yomigaeru Ryuuou Densetsu,1590
Lupin III: Walther P-38,1439
Macross F Music Clip Shuu: Nyankuri,10050
Mazinkaiser,1064
Mei to Koneko Bus,2488
Minami-ke Omatase,14575
Mobile Suit Gundam 0083: Stardust Memory,84
Mushibugyou,17505
Nerima Daikon Brothers,1655
Ookami Shoujo to Kuro Ouji,23673
Precure All Stars Movie New Stage 3: Eien no Tomodachi,21031
"Prince of Tennis: The Two Samurai, The First Game",815
Saiyuuki Gaiden: Tokubetsu-hen - Kouga no Shou,17137
Shinrei Tantei Yakumo,7662
Sketchbook: Full Color&#039;s,2942
Slam Dunk (Movie),1764
Slayers Special,1170
Space Pirate Captain Herlock: Outside Legend - The Endless Odyssey,1081
Tales of the Abyss,4884
Tengen Toppa Gurren Lagann: Mitee Mono wa Miteen da!!,3352
Tonari no Seki-kun OVA,20977
Toshokan Sensou: Koi no Shougai,5332
Wagamama☆Fairy Mirumo de Pon!,1744
Yozakura Quartet: Hoshi no Umi,8457
Zegapain,878
Zettai Karen Children,4038
Zutto Mae kara Suki deshita.: Kokuhaku Jikkou Iinkai,31245
Afro Samurai: Resurrection,4970
Cardcaptor Sakura: Leave It to Kero-chan,1078
Chiisana Pengin: Lolo no Bouken,4138
Dogs: Bullets &amp; Carnage,5593
Doraemon Movie 07: Nobita to Tetsujin Heidan,2665
Doraemon Movie 15: Nobita to Mugen Sankenshi,2676
Final Fantasy VII: Last Order,408
Fukigen na Mononokean,32696
Grappler Baki: Saidai Tournament-hen,551
Handa-kun,32648
Hentai Ouji to Warawanai Neko.,15225
Highschool of the Dead,8074
Higurashi no Naku Koro ni Kai Specials,6064
Kurau Phantom Memory,483
Mahou Sensei Negima! Mou Hitotsu no Sekai Extra: Mahou Shoujo Yue,10628
Meitantei Holmes,1972
Miracle Giants Doumu-kun,5273
Mobile Police Patlabor,1288
Mobile Suit Gundam Seed Special Edition,2269
Nekojiru-sou,601
One Piece Movie 7: Karakuri-jou no Mecha Kyohei,465
Pokemon: Maboroshi no Pokemon Lugia Bakutan,1117
Prince of Tennis: Pairpuri,10862
Rec,710
Rurouni Kenshin Recap,10334
Sabagebu!,20709
"Senki Zesshou Symphogear G: In the Distance, That Day, When the Star Became Music...",15793
Senki Zesshou Symphogear GX: Believe in Justice and Hold a Determination to Fist.,21573
Shakugan no Shana Movie,1815
Smile Precure! Movie: Ehon no Naka wa Minna Chiguhagu!,15307
Soukyuu no Fafner: Dead Aggressor - Heaven and Earth,8098
Speed Grapher,198
"Suisei no Gargantia: Meguru Kouro, Haruka",23319
Uta no☆Prince-sama♪ Maji Love 2000%: Shining Star Xmas,19251
Yawara! Special: Zutto Kimi no Koto ga... .,2009
Aa! Megami-sama! (2011),9611
Aa! Megami-sama! (TV),50
Amanchu!,31771
Bamboo Blade,2986
Bishoujo Senshi Sailor Moon SuperS Special,3076
Black Jack Specials: Inochi wo Meguru Yottsu no Kiseki,1373
Captain Tsubasa: Road to 2002,1614
Cuticle Tantei Inaba,15109
Fresh Precure!,5684
Fullmetal Alchemist: Premium Collection,908
Fushigiboshi no☆Futagohime,505
Ginga Kikoutai Majestic Prince,15863
Groove Adventure Rave,246
Hakuouki Reimeiroku Tokuten Disc,18835
Hanamaru Youchien,6574
Hatsukoi Limited,5150
"High School DxD New: Oppai, Tsutsumimasu!",30300
High School! Kimengumi,714
Hikaru no Go: New Year Special,2336
Hokuto no Ken: Toki-den,4312
Inazuma Eleven Go: Chrono Stone,13261
Keroro Gunsou Movie 1,2407
Mahoraba: Heartful days,519
Midori no Hibi,330
Natsu no Arashi! Akinaichuu,6712
Ookami Shoujo to Kuro Ouji OVA,28299
Papa no Iukoto wo Kikinasai! OVA,17875
Potemayo Specials,3292
s.CRY.ed,168
Saber Marionette J,573
Saint Seiya: Soushuuhen,6153
Sayonara Ginga Tetsudou 999: Andromeda Shuuchakueki,1302
Shikabane Hime: Kuro,5034
Shin Taketori Monogatari: 1000-nen Joou,1548
Shoukoushi Cedie,2555
Shuangsheng Lingtan,33969
Steamboy,565
Steins;Gate: Soumei Eichi no Cognitive Computing,27957
Strawberry Panic,855
Tiger Mask Nisei,5832
Yes! Precure 5 GoGo! Movie: Okashi no Kuni no Happy Birthday,4703
Yowamushi Pedal: Spare Bike,33302
Yuyushiki,15911
Zoids Shinseiki/Zero,764
Beelzebub Specials,10479
Bishoujo Senshi Sailor Moon Memorial,8756
Black Bullet,20787
Brigadoon: Marin to Melan,1450
C: The Money of Soul and Possibility Control,10163
Doraemon: Obaachan no Omoide,2649
El Hazard: The Magnificent World,117
Erementar Gerad,1250
Fate/stay night: Unlimited Blade Works 2nd Season - Sunny Day,31389
Galaxy Angel 3,653
Hayate no Gotoku!!: Atsu ga Natsuize - Mizugi-hen!,5521
Love Hina Christmas Special: Silent Eve,191
Maoyuu Maou Yuusha,14833
Minami-ke Natsuyasumi,20221
Nabari no Ou,3655
Needless,6030
One Piece Movie 5: Norowareta Seiken,463
One Piece Movie 8: Episode of Alabasta - Sabaku no Oujo to Kaizoku-tachi,2107
One Piece: Umi no Heso no Daibouken-hen,1094
Rekka no Honoo,238
Rozen Maiden (2013),18041
Soukou Kihei Votoms: Pailsen Files,3256
Soukyuu no Fafner: Dead Aggressor - Exodus,17080
Strike the Blood,18277
Strike the Blood: Valkyria no Oukoku-hen,30321
Tales of Zestiria the X: Saiyaku no Jidai,33558
Tari Tari,13333
Tegamibachi Gakuen,8022
Trinity Blood,27
Air Gear Special,3791
Ao no Exorcist: Kuro no Iede,11266
Break Blade,22433
Damekko Doubutsu,485
Detective Conan OVA 02: 16 Suspects,2512
Doraemon Movie 09: Nobita no Parallel Saiyuuki,2658
Doraemon Movie 29: Shin Nobita no Uchuu Kaitakushi,6930
ef: A Tale of Melodies. - Prologue,6401
Ganbarist! Shun,3568
Ginga Tetsudou no Yoru,1441
Haiyore! Nyaruko-san W,15699
Himouto! Umaru-chan: Umaru-chan Mou Ikkai!,30991
Hori-san to Miyamura-kun,14753
Hyouka: Motsubeki Mono wa,13469
Kakumeiki Valvrave 2nd Season,18295
Kannagi,3958
Kekkai Sensen: Ousama no Restaurant no Ousama,32574
Kiba,845
Koi ni Naritai Aquarium,32953
Mobile Suit Gundam I,1090
Nagasarete Airantou,1722
Naruto: Shippuuden Movie 1,2472
Naruto: Shippuuden Movie 2 - Kizuna,4437
One Piece: Oounabara ni Hirake! Dekkai Dekkai Chichi no Yume!,1237
Ore no Imouto ga Konnani Kawaii Wake ga Nai.,13659
Oseam,2141
Ou Dorobou Jing in Seventh Heaven,108
Peace Maker Kurogane,161
Pokemon,527
Robot Carnival,2182
Robotics;Notes,13599
Rurouni Kenshin: Special Techniques,4664
Shounen Maid,32175
Slayers Excellent,1171
Strike Witches 2,6381
"Tamayura: Hitotose - Attakai Kaze no Omoide, Nanode",11793
Tekken Chinmi,4663
Tenkuu Senki Shurato,2113
Tobe! Isami,3036
Trinity Seven,25157
Unico,2427
Uragiri wa Boku no Namae wo Shitteiru,7058
Ansatsu Kyoushitsu (TV): Deai no Jikan,28405
Biohazard: Damnation,9544
Black Jack: Futari no Kuroi Isha,1983
Cheonnyeon-yeowoo Yeowoobi,2756
Detroit Metal City: Birth of the Metal Devil,5065
Digimon Xros Wars: Aku no Death General to Nanatsu no Oukoku,10444
Dokidoki Densetsu: Mahoujin Guru Guru,332
Doraemon Movie 11: Nobita to Animal Planet,2677
Doraemon Movie 13: Nobita to Kumo no Oukoku,2661
Doraemon Movie 34: Shin Nobita no Daimakyou - Peko to 5-nin no Tankentai,19645
Hanayamata,21681
Heisei Tanuki Gassen Ponpoko,1030
Hibike! Euphonium Movie: Kitauji Koukou Suisougaku-bu e Youkoso,31989
Himitsu: The Revelation,3859
Ikoku Meiro no Croisée Special,10804
Kami nomi zo Shiru Sekai: 4-nin to Idol,10805
Kimi ni Todoke 2nd Season Specials,10536
Kindaichi Shounen no Jikenbo Returns,22817
Kuroko no Basket: Oshaberi Shiyokka,17259
Matantei Loki Ragnarok,335
MÄR,738
Mobile Suit Gundam Seed Destiny Special Edition,2294
Onegai☆Teacher: Himitsu na Futari,443
"Ore no Nounai Sentakushi ga, Gakuen Love Comedy wo Zenryoku de Jama Shiteiru OVA",20939
Phi Brain: Kami no Puzzle - Orpheus Order-hen,12753
Phi Brain: Kami no Puzzle - Shukuteki! Rätsel-hen,15651
Saint Seiya: Shinku no Shounen Densetsu,1255
Saint Seiya: Tenkai-hen Josou - Overture,1259
Seikai no Monshou Special,1381
Slayers Gorgeous,867
Slayers Return,869
Taiho Shichau zo The Movie,2013
Taishou Yakyuu Musume.,5141
Tokyo Majin Gakuen Kenpucho: Tou Dai Ni Maku,2683
Yes! Precure 5 Movie: Kagami no Kuni no Miracle Daibouken!,3051
Zero no Tsukaima: Princesses no Rondo - Yuuwaku no Sunahama,5764
07-Ghost,5525
Aa! Megami-sama!,49
Afro Samurai,1292
Allison to Lillia,3549
Aoyama Goushou Tanpenshuu,5578
Chibi Maruko-chan Movie,3203
Denpa Onna to Seishun Otoko Special,10638
Doraemon Movie 22: Nobita to Tsubasa no Yuusha-tachi,2654
Doraemon Movie 24: Nobita to Fushigi Kaze Tsukai,2393
Ginga e Kickoff!!,12875
Grappler Baki (TV),287
Hamatora The Animation,20689
Heavy Object,27829
IGPX: Immortal Grand Prix (2005) 2nd Season,1410
Jyu Oh Sei,953
Kaichou wa Maid-sama!: Goshujinsama to Asonjao♥,10298
Kimi ga Nozomu Eien,147
Kiniro Mosaic,16732
Konjiki no Gash Bell!!: 101 Banme no Mamono,844
Maria-sama ga Miteru 4th Specials,6299
Masuda Kousuke Gekijou Gag Manga Biyori +,7761
Minami-ke Okawari,3225
Mobile Suit Gundam 00 The Movie: A Wakening of the Trailblazer,6288
Myself; Yourself,2926
Noir,272
One Piece: Episode of Alabasta - Prologue,28683
Petshop of Horrors,326
Plastic Neesan,10711
Potemayo,2744
Precure All Stars Movie DX: Minna Tomodachi☆Kiseki no Zenin Daishuugou!,5753
Rail of the Star: A True Story of Children,1329
Saiunkoku Monogatari Soushuuhen,2193
Selector Infected WIXOSS,22273
Slayers Great,868
Souten Kouro,5226
Tabisuru Nuigurumi: Traveling Daru,15077
Tenchi Muyou! Ryououki 3rd Season,541
"The iDOLM@STER Cinderella Girls: Anytime, Anywhere with Cinderella.",32174
Baka to Test to Shoukanjuu: Spinout! Sore ga Bokura no Nichijou,10834
Canaan,5356
Cardfight!! Vanguard: Link Joker-hen,15611
Choujigen Game Neptune The Animation OVA,20479
Crayon Shin-chan Movie 22: Gachinko! Gyakushuu no Robo To-chan,21395
Digimon Adventure 02: Diablomon no Gyakushuu,2398
Dimension W: W no Tobira Online,32410
Doraemon Movie 01: Nobita no Kyouryuu,3727
Dragon Ball Super,30694
Dragon Ball: Episode of Bardock,12231
Harukanaru Toki no Naka de: Maihitoyo,1906
Ihatov Gensou: Kenji no Haru,1206
Inukami!,940
Irregular Hunter X: The Day of Sigma,2808
Mahoutsukai ni Taisetsu na Koto: Natsu no Sora,4483
Mai-Otome,99
Masuda Kousuke Gekijou Gag Manga Biyori,1196
Mondaiji-tachi ga Isekai kara Kuru Sou Desu yo?: Onsen Manyuuki,16444
Musashi no Ken,4062
Natsu no Arashi!,5597
Nazo no Kanojo X,12467
Nogizaka Haruka no Himitsu: Finale,10928
Onegai My Melody: Kuru Kuru Shuffle!,4114
Pokemon Advanced Generation: Mew to Hadou no Yuusha Lucario,1526
Ramayana: The Legend of Prince Rama,4921
Rockman.EXE Movie: Hikari to Yami no Program,2111
Seitokai no Ichizon Lv.2: Watasu Seitokai,15963
Sekirei,4063
Sekirei: Pure Engagement - Kanwa ni Dai,9355
Senjou no Valkyria 3: Tagatame no Juusou,9793
Tetsuwan Birdy Decode: The Cipher,6380
The Sky Crawlers,3089
The Third: Aoi Hitomi no Shoujo,944
Vampire Knight,3457
Witchblade,935
Wonderful Rush,14951
After War Gundam X,92
Air Movie,713
Atashin&#039;chi,3006
Bishoujo Senshi Sailor Moon: Sailor Stars - Hero Club,13931
Doraemon Movie 17: Nobita to Ginga Express,2675
Doraemon: 2112-nen Doraemon Tanjou,2648
Doraemon: Doraemon Comes Back,2634
Druaga no Tou: The Sword of Uruk,4726
Fate/kaleid liner Prisma☆Illya 2wei Herz!,27525
Fullmetal Alchemist: Reflections,664
Genius Party,3508
Genius Party Beyond,6795
Gosenzo-sama Banbanzai!,4639
H2,386
Haha wo Tazunete Sanzenri,1663
Haikara-san ga Tooru,3335
Hunter x Hunter Movie: Phantom Rouge,13271
Kaidan Restaurant,6980
Koutetsujou no Kabaneri,28623
Kuroshitsuji Picture Drama,8068
Machine-Doll wa Kizutsukanai,17247
Monster Musume no Iru Nichijou,30307
Nyan Koi!,6512
Ookiku Furikabutte: Natsu no Scorebook,8423
Ranma ½: Chuugoku Nekonron Daikessen! Okite Yaburi no Gekitou-hen!!,418
Ranma ½: Nettou Uta Gassen,6713
Rumiko Takahashi Anthology,2486
Saber Marionette J to X,1231
Sankarea: Wagahai mo... Zombie de Aru...,16694
Shaman King Specials,3861
Slayers: The Motion Picture,536
Tenchi Muyou! Ryououki 3rd Season: Tenchi Seirou naredo Namitakashi?,1147
The Rose and Women of Versailles,7861
Tsubasa Chronicle: Tori Kago no Kuni no Himegimi,807
Abenobashi Mahou☆Shoutengai,306
Aggressive Retsuko,32977
Angel Heart,282
Area no Kishi,11697
Ayashi no Ceres,104
Baka to Test to Shoukanjuu Ni!: Mahou Hideyoshi Hideyoshi,24727
Bakemonogatari Recap,6948
Basquash!,5675
Black Jack the Movie,1521
Crayon Shin-chan Movie 18: Chou Jikuu! Arashi wo Yobu Ora no Hanayome,8369
Detective Conan OVA 07: A Challenge from Agasa! Agasa vs. Conan and the Detective Boys,2597
Doraemon: Nobita&#039;s the Night Before a Wedding,2660
Gakuen Utopia Manabi Straight!,1858
Gun x Sword,411
Hiiro no Kakera Dai Ni Shou,14645
Kuruneko Season 2,9013
Kyoushoku Soukou Guyver (2005),1374
Lupin III: Fuuma Ichizoku no Inbou,1432
Mikan Enikki,3345
Oh! Edo Rocket,2152
Ookami-san to Shichinin no Nakama-tachi,7769
Planetarian: Hoshi no Hito,33190
Rain Town,10448
Ranma ½: Battle ga Ippai 29-nin no Korinai Yatsura,10825
RideBack,4618
Saki Achiga-hen: Episode of Side-A,10884
School Rumble San Gakki,4015
Shikabane Hime: Aka,4581
Solty Rei,152
Soukyuu no Fafner: Dead Aggressor,75
Spiral: Suiri no Kizuna,341
The iDOLM@STER Cinderella Girls 2nd Season,30344
Tiger Mask,3009
Tokyo Marble Chocolate,3088
Zoids Genesis,712
Amagami SS OVA,9117
Bishoujo Senshi Sailor Moon SuperS Gaiden: Ami-chan no Hatsukoi,1278
Captain Tsubasa J,1674
Chibi Maruko-chan (1995),6149
Chiisana Ahiru no Ooki na Ai no Monogatari: Ahiru no Kwak,2813
D.C.II S.S.: Da Capo II Second Season,3627
Detective Conan OVA 01: Conan vs. Kid vs. Yaiba,1369
Detective Conan OVA 05: The Target is Kogoro! The Detective Boys&#039; Secret Investigation,2515
Digimon Adventure 02,1313
Doraemon Movie 12: Nobita no Dorabian Nights,2670
Fushigi Yuugi OVA 2,381
Galaxy Angel 3 Specials,654
Galaxy Angel 4,655
Ghost in the Shell: Nyuumon Arise,22013
Ghost in the Shell: Stand Alone Complex 2nd GIG - Tachikoma na Hibi,3485
Girls und Panzer der Film: Arisu War!,32740
Hellsing: The Dawn,11077
High School DxD BorN: Ishibumi Ichiei Kanzen Kanshuu! Mousou Bakuyou Kaijo Original Video,31326
High School DxD Specials,13357
Hunter x Hunter Pilot,10189
Jewelpet Twinkle☆: Hohoemi no Niji ni Dokki☆Doki!,19619
Jormungand: Perfect Order - First Stage Soushuuhen,15735
"Keroro Gunsou Movie 5: Tanjou! Kyuukyoku Keroro, Kiseki no Jikuu-jima, de arimasu!!",8134
Mangaka-san to Assistant-san to The Animation,21863
Mangaka-san to Assistant-san to The Animation Specials,24475
Mazinkaiser: Shitou! Ankoku Dai Shogun,2734
Mobile Suit Zeta Gundam: A New Translation III - Love Is the Pulse of the Stars,1969
Nichijou: Nichijou no 0-wa,8857
One Piece: Nenmatsu Tokubetsu Kikaku! Mugiwara no Luffy Oyabun Torimonochou,2020
Shinryaku! Ika Musume Specials,9888
Slayers Revolution,4028
Sola,1965
Star Driver: Kagayaki no Takuto,8934
Takanashi Rikka Kai: Chuunibyou demo Koi ga Shitai! Movie,19021
Uta no☆Prince-sama♪ Maji Love 1000%,10321
Uta no☆Prince-sama♪ Maji Love Legend Star,31178
Yamada-kun to 7-nin no Majo,20359
Yokohama Kaidashi Kikou,975
.hack//Quantum,9332
Bubblegum Crisis,1347
Campione!: Matsurowanu Kamigami to Kamigoroshi no Maou,12293
Cencoroll,3087
Cybersix,2383
Cyborg 009: The Cyborg Soldier,1678
Danball Senki Wars,17917
Dragon Ball Z Movie 09: Ginga Girigiri!! Bucchigiri no Sugoi Yatsu,902
Gudetama,23539
Higurashi no Naku Koro ni Kaku: Outbreak,16700
Ixion Saga DT,14765
Karneval (TV),16035
Kimi no Kokoro wa Kagayaiteru kai?,31780
Kotoura-san,15379
Kuroko no Basket Movie 3: Winter Cup Soushuuhen - Tobira no Mukou,32871
Kyouran Kazoku Nikki,3577
Le Chevalier D&#039;Eon,1013
Love Hina Again,190
"Love Hina: Motoko no Sentaku, Koi ka Ken... &quot;Naku na&quot;",963
Mai-Otome Zwei,1609
Masuda Kousuke Gekijou Gag Manga Biyori 3,4056
MM!,8424
Mobile Suit Gundam Seed Destiny,94
Natsuyuki Rendezvous,13585
One Piece: Kinkyuu Kikaku One Piece Kanzen Kouryakuhou,16143
Owari no Seraph: Nagoya Kessen-hen - Owaranai Seraph - Nagoya Kessen-hen,31918
Suite Precure♪,9893
Sukitte Ii na yo.: Dareka ga,16868
Tatakau Shisho: The Book of Bantorra,6758
Tonari no Yamada-kun,415
Witch Hunter Robin,7
Yokohama Kaidashi Kikou: Quiet Country Cafe,976
Zettai Karen Children OVA: Aitazousei! Ubawareta Mirai?,7745
Ajin Part 3: Shougeki,30870
All Alone With You,17901
Amagami SS: Tachibana Miya-hen - Imouto,9925
Amagi Brilliant Park: Nonbirishiteiru Hima ga Nai!,30206
Captain Tsubasa,2116
Clannad Movie,1723
D.N.Angel,61
Dimension W,31163
Druaga no Tou: The Aegis of Uruk,3230
Gear Fighter Dendoh,2484
Hunter x Hunter Movie: The Last Mission,19951
Jungle no Ouja Taa-chan,3418
Kazoku Robinson Hyouryuuki: Fushigi na Shima no Flone,2544
Kimi ga Aruji de Shitsuji ga Ore de,3229
Kindaichi Shounen no Jikenbo Specials,3245
Kinnikuman,3272
Kirarin☆Revolution,1516
Kuromukuro,32245
Lupin III: Chi no Kokuin - Eien no Mermaid,11777
Mobile Suit Zeta Gundam: A New Translation - Heir to the Stars,1967
Nogizaka Haruka no Himitsu,3467
One Piece: Glorious Island,16468
One Piece: Jango no Dance Carnival,2385
Onegai☆Teacher,195
Ookiku Furikabutte Special,3887
Owari no Seraph: Owaranai Seraph,30714
Prince of Tennis: Another Story II - Ano Toki no Bokura OVA Bonus,13073
Puchimas!!: Petit Petit iDOLM@STER,21073
Sabagebu! Specials,25647
Sankarea OVA,13055
Shijou Saikyou no Deshi Kenichi Specials,24029
Subete ga F ni Naru: The Perfect Insider,28621
Super Robot Taisen OG: The Inspector,9241
Suzuka,390
Sword Art Online II,21881
Tamako Market,16417
The Cockpit,2500
Utawarerumono: Itsuwari no Kamen,30901
Ao no Exorcist Movie Special,13677
Beelzebub: Hirotta Akachan wa Daimaou!?,9120
Dantalian no Shoka,8915
Densetsu no Yuusha Da Garn,2803
Doraemon Movie 30: Nobita no Ningyo Daikaisen,6988
Doraemon Movie 32: Nobita to Kiseki no Shima - Animal Adventure,11053
Elfen Lied Special,376
Figure 17: Tsubasa &amp; Hikaru,1126
Fuujin Monogatari,1524
GJ-bu@,21635
Great Mazinger,5658
Gugure! Kokkuri-san Specials,27945
HeatGuy J,958
Hyakko,4550
Inou-Battle wa Nichijou-kei no Naka de,25159
Kiddy Grade: Truth Dawn,3223
Koi Kaze,634
Lupin III (2015) Specials,33074
Lupin III: Honoo no Kioku - Tokyo Crisis,1437
Macross Δ,28013
Mini Van,18391
Mojakou,2736
"Natsu-iro Egao de 1, 2, Jump!",11033
Neppuu Kairiku Bushi Road,19653
One Piece 3D: Mugiwara Chase,9999
One Piece Recap,8171
One Piece: Yume no Soccer Ou!,2386
Ou Dorobou Jing,107
Pokemon Diamond &amp; Pearl: Dialga vs. Palkia vs. Darkrai,2847
Sei Juushi Bismarck,2361
Sidonia no Kishi Movie,28495
Tactics,173
The Animatrix,1303
To LOVE-Ru,3455
Umineko no Naku Koro ni,4896
Yuu☆Yuu☆Hakusho: Meikai Shitou-hen - Honoo no Kizuna,883
11-nin Iru!,1901
Aishen Qiaokeli-ing...,32323
Amagami SS+ Plus Specials,12669
Aoharu x Kikanjuu: Kemono-tachi no Senjou da na!,31754
Aru Tabibito no Nikki,1205
Blood-C: The Last Dark,10681
Buddy Complex: Kanketsu-hen - Ano Sora ni Kaeru Mirai de,24469
Daze,24429
Denpa Onna to Seishun Otoko,9379
Doraemon Movie 04: Nobita no Kaitei Kiganjou,2667
Doraemon Movie 10: Nobita no Nippon Tanjou,2666
Doraemon Movie 23: Nobita to Robot Kingdom,2655
Dragon Ball Movie 4: Saikyou e no Michi,893
Flag,1299
Ghost in the Shell: Arise - Alternative Architecture,29325
Hitsugi no Chaika: Avenging Battle,24231
Inazuma Eleven Go vs. Danball Senki W Movie,15785
Karin,469
Kiddy Grade: Maelstrom,3222
Kimi no Iru Machi: Tasogare Kousaten,11313
Kiss x Sis,5042
Kyou no 5 no 2,837
Lupin III: $1 Money Wars,1422
Mai Mai Shinko to Sennen no Mahou,5084
Mameshiba,7261
Mobile Suit Gundam 00: Tenshitachi no Kiseki,5351
Motto! Ojamajo Doremi: Kaeru Ishi no Himitsu,2948
Mouryou no Hako,4879
Musekinin Kanchou Tylor OVA,1168
Music S.T.A.R.T!!,20877
One Piece Movie 2: Nejimaki-jima no Daibouken,460
Pokemon 3D Adventure: Mew wo Sagase!,11019
Princess Nine: Kisaragi Joshikou Yakyuubu,1846
Rokujouma no Shinryakusha!? (TV),22865
Ryuugajou Nanana no Maizoukin (TV),21561
Sango Shou Densetsu: Aoi Umi no Elfie,5014
Saraba Uchuu Senkan Yamato: Ai no Senshi-tachi,3067
Shakugan no Shana II (Second) Specials,3956
Shin Shirayuki-hime Densetsu Prétear,100
Shinkyoku Soukai Polyphonica Crimson S,5504
Smile Precure!,12191
Uchuu Senkan Yamato III,1652
Vandread,180
.hack//G.U. Trilogy,3269
.hack//The Movie: Sekai no Mukou ni,11375
Accel World EX,13939
Aquarion Evol,10447
Ashita no Joe (Movie),2920
Bakuman.: Deraman.,15711
Chuunibyou demo Koi ga Shitai! Lite,15687
Di Gi Charat Nyo,1683
Dog Days&#039;,11783
Doraemon Movie 03: Nobita no Daimakyou,2671
El Cazador de la Bruja,2030
"Flanders no Inu, Boku no Patrasche",2624
Fushigiboshi no☆Futagohime Gyu!,1886
Gakusen Toshi Asterisk 2nd Season,31737
Gantz:O,32071
Glass no Kamen: Sen no Kamen wo Motsu Shoujo,3734
Higurashi no Naku Koro ni Special: Nekogoroshi-hen,2899
Inazuma Eleven Go,10507
Inferno Cop,16774
Joukamachi no Dandelion,28387
Kamigami no Asobi,21563
Kidou Tenshi Angelic Layer,52
Kodomo no Jikan: Ni Gakki,4195
Kuroshitsuji Recap,6163
Kyoushoku Soukou Guyver (1989),6016
Love Hina Final Selection,3247
Lupin III: Dead or Alive,1416
Mo Gyutto Love de Sekkinchuu!,12637
Nazo no Kanojo X: Nazo no Natsu Matsuri,13093
Ojamajo Doremi Sharp,351
One Piece 3D: Gekisou! Trap Coaster,12001
Ore no Kanojo to Osananajimi ga Shuraba Sugiru,14749
Phi Brain: Kami no Puzzle,9981
Pokemon: Mizu no Miyako no Mamorigami Latias to Latios,1120
Saber Marionette J Again,1191
Seikai no Danshou: Tanjou,1124
Sengoku Basara: Setonai no Gekitotsu! Hi wo Fuku Umi no Daiyousai - Fugaku!!,6581
Slayers Premium,866
Soukou Kihei Votoms: The Last Red Shoulder,2583
Soukyuu no Fafner: Dead Aggressor - Exodus Special,32034
Tamayura: Hitotose,10232
The iDOLM@STER Shiny Festa,14835
Young Black Jack,30740
Blood Lad: Wagahai wa Neko de wa Nai,18441
Boku no Hero Academia: Jump Festa 2016 Special,33929
Detective Conan OVA 03: Conan and Heiji and the Vanished Boy,2513
Dragon Nest: Warriors&#039; Dawn,27825
Gensoumaden Saiyuuki OVA,3218
Ghost in the Shell: Stand Alone Complex - Tachikoma na Hibi,1335
Ginga Densetsu Weed,915
Ginga Hyouryuu Vifam,2987
Jinrui wa Suitai Shimashita Specials,15617
Kaiketsu Zorro,3010
Kakumeiki Valvrave,16668
Kiddy Grade,274
Love Hina Haru Special: Kimi Sakura Chiru Nakare!!,192
Lu Shidai 2nd Season,32543
Lupin III: Nusumareta Lupin,1429
Madou King Granzort,2818
Mama wa Shougaku 4 Nensei,333
Manga Sekai Mukashibanashi,6262
Mister Ajikko,3437
Prince of Tennis: Another Story - Messages From Past and Future OVA Bonus,6999
Ryuusei no Rockman,1835
Saishuu Heiki Kanojo,529
Sekai Meisaku Douwa: Hakuchou no Mizuumi,3186
Shuffle!,79
Tears to Tiara,3594
Tokyo Majin Gakuen Kenpucho: Tou,1860
Video Girl Ai,201
Wagaya no Oinari-sama.,3322
Andersen Douwa: Ningyohime,3043
Anime Sanjuushi,2333
Battle Spirits: Shounen Gekiha Dan,6901
Danball Senki W,12651
Dash! Kappei,2748
Detective Conan OVA 08: High School Girl Detective Sonoko Suzuki&#039;s Case Files,6198
Egomama,12623
Gunslinger Girl: Il Teatrino,3231
Hatenkou Yuugi,3298
HeatGuy J Special,1774
High School Fleet,31500
Hokuto no Ken Movie,1358
Jigoku Sensei Nube OVA,2745
Kimi to Boku,20505
Koi to Senkyo to Chocolate,12175
Kyou no 5 no 2 (TV),4903
Mahoromatic 2,277
Majutsushi Orphen,1017
Mashiro-iro Symphony: The Color of Lovers,10397
Precure All Stars Movie New Stage 2: Kokoro no Tomodachi,16442
Rec: Yurusarezarumono,1847
Ro-Kyu-Bu! SS,16051
Sakura Nagashi,34085
Selector Destructed WIXOSS Movie,31280
Taiho Shichau zo: Full Throttle,3000
Tantei Opera Milky Holmes Dai 2 Maku,11341
Tenjou-jin to Akuto-jin Saigo no Tatakai,6169
Ultra Maniac,178
Urusei Yatsura Movie 1: Only You,1920
Yes! Precure 5,1932
"Ano Natsu de Matteru: Bokutachi wa Koukou Saigo no Natsu wo Sugoshinagara, Ano Natsu de Matteiru.",23447
Aoharu x Kikanjuu,30205
Aoi Hana,6164
B&#039;T X Neo,1736
Black Cat Special,2589
Black Jack (TV): Hizouban Specials,4071
Black★Rock Shooter,12079
Boku no Chikyuu wo Mamotte,526
Buddy Complex,21437
Crayon Shin-chan Movie 05: Ankoku Tamatama Daitsuiseki,6460
D.C.if: Da Capo if,5216
Danball Senki,7081
Digimon X-Evolution,2123
Doraemon Movie 20: Nobita no Uchuu Hyouryuuki,2668
Futari wa Precure: Max Heart Movie 2 - Yukizora no Tomodachi,1931
Galaxy Angel Z,652
Gantz 2nd Stage,395
Ginga Tetsudou Monogatari,1490
Gotou ni Naritai.,8120
Guin Saga,5041
Hi no Tori,1371
Junkers Come Here,1116
Junketsu no Maria,26441
Kara no Kyoukai: Shuushou,6954
Kikoushi Enma,1556
Kochira Katsushikaku Kameari Kouenmae Hashutsujo The Movie,2901
Kurokami The Animation,5079
Kyoukaisenjou no Horizon,10456
Lupin III: Alcatraz Connection,1413
Mahoromatic: Automatic Maiden,276
Motto! Ojamajo Doremi,352
Nogizaka Haruka no Himitsu: Purezza,6023
Ojamajo Doremi Sharp Movie,2947
Rockman.EXE Axess,2108
Street Fighter II: The Movie,1362
Tales of Symphonia The Animation: Sylvarant-hen,1731
Utawarerumono OVA,3593
Watashi ga Motenai no wa Dou Kangaetemo Omaera ga Warui!,16742
Yes! Precure 5 GoGo!,3692
Yu☆Gi☆Oh!,550
Yume-iro Pâtissière: Mune Kyun Tropical Island!,8894
Ansatsu Kyoushitsu,19759
Black Blood Brothers,1498
Code Geass: Boukoku no Akito Final - Itoshiki Monotachi e,30711
Dead Leaves,974
Denki-gai no Honya-san,24031
Dr. Slump: Arale-chan,2222
Fate/kaleid liner Prisma☆Illya,14829
Genshiken Nidaime OVA,19159
Giniro no Kami no Agito,1140
Hoshi wo Katta Hi,6463
"Inari, Konkon, Koi Iroha.",20457
Inazuma Eleven: Outer Code,34178
Lady Georgie,2542
Love Hina,189
Lupin III: Tenshi no Tactics - Yume no Kakera wa Koroshi no Kaori,1414
Madan no Ou to Vanadis,24455
Miracle☆Girls,2834
Naruto Shippuuden: Shippuu! &quot;Konoha Gakuen&quot; Den,4134
Nasu: Suitcase no Wataridori,3111
Nerawareta Gakuen,14293
Onmyou Taisenki,613
Papa no Iukoto wo Kikinasai!: Pokkapoka,12673
Precure All Stars Movie DX2: Kibou no Hikari☆Rainbow Jewel wo Mamore!,8133
Saint Seiya: Soul of Gold,28215
Sarusuberi: Miss Hokusai,23987
Senkaiden Houshin Engi,1108
Sentou Yousei Yukikaze,1080
Shakugan no Shana SP: Koi to Onsen no Kougai Gakushuu!,1531
Suzumiya Haruhi no Yuuutsu (2009),4382
Tetsuwan Atom,2747
Tight-rope,12695
Usavich III,5397
Yu☆Gi☆Oh!: Chou Yuugou! Toki wo Koeta Kizuna,6951
Aria The Origination Picture Drama,5196
Boogiepop wa Warawanai: Boogiepop Phantom,369
Cosmic Baton Girl Comet-san,2036
Cyber City Oedo 808,1352
Diamond no Ace: Second Season OVA,34349
Doraemon Movie 08: Nobita to Ryuu no Kishi,2657
Doraemon Movie 36: Shin Nobita no Nippon Tanjou,31201
Fullmetal Alchemist: The Sacred Star of Milos Specials,10842
Gaiking: Legend of Daiku-Maryu,1845
Gantz,384
Ghost Sweeper GS Mikami,2400
Grander Musashi RV,2416
Gunsmith Cats,650
Haiyore! Nyaruko-san: Yasashii Teki no Shitome-kata,18713
Kamisama Kazoku,990
Kanon,144
Kaze no Youjinbou,1145
Kenran Butou Sai: The Mars Daybreak,1086
Kikou Souseiki Mospeada,3670
Kimi ni Todoke 2nd Season: Kataomoi,10152
Koutetsu Jeeg,4198
Kyoto Animation: Suiei-hen,17819
Kyougoku Natsuhiko: Kousetsu Hyaku Monogatari,279
Lupin III: Sweet Lost Night - Mahou no Lamp wa Akumu no Yokan,5019
Mobile Suit Zeta Gundam: A New Translation II - Lovers,1968
Moonlight Mile 1st Season: Lift Off,1941
Naruto: Honoo no Chuunin Shiken! Naruto vs. Konohamaru!!,10686
Persona 5 the Animation: The Day Breakers,31645
Pikmin Short Movies,27539
Red Baron,2283
SF Saiyuuki Starzinger,1236
Sora wo Miageru Shoujo no Hitomi ni Utsuru Sekai,5702
Taiho Shichau zo: Nagisa no Koutsuu Yuudou,4162
Tenchi Muyou! in Love 2: Haruka Naru Omoi,1144
Tengen Toppa Gurren Lagann: Parallel Works,4705
Terra Formars: Bugs 2-hen,22689
Tonari no Kaibutsu-kun: Tonari no Gokudou-kun,16866
Toriko Movie: Bishokushin no Special Menu,17699
Urusei Yatsura: The Shougaibutsu Suieitaikai,6567
Usavich II,3738
Aikatsu! Music Award: Minna de Shou wo MoracchaimaShow!,30845
Alps no Shoujo Heidi,2225
Ao no Exorcist: Ura Ex,10647
Arabian Nights: Sindbad no Bouken (TV),2825
Baka to Test to Shoukanjuu: Matsuri - Sentakushi Ikou nomi,31298
Be-Bop Highschool,9645
Binan Koukou Chikyuu Bouei-bu LOVE! LOVE!,31417
Crayon Shin-chan Movie 04: Henderland no Daibouken,8359
Daisuki! BuBu ChaCha,4586
Doraemon Movie 14: Nobita to Buriki no Labyrinth,2659
Druaga no Tou: The Aegis of Uruk - Jil no Bouken,4798
ef: A Tale of Memories. - Prologue,6361
Fate/Zero Remix,13183
Fushigi Yuugi OVA,380
Fushigi Yuugi Special: Nakago Shikkari Shinasai!,27567
Gravitation,243
Gunnm,1016
H2O: Footprints in the Sand,3299
Hayate no Gotoku! Heaven Is a Place on Earth,9958
Hayate no Gotoku! OVA,23153
Jarinko Chie,3946
Kenkou Zenrakei Suieibu Umishou,2602
Kiniro no Corda: Secondo Passo,5717
Kyoukai no Rinne (TV) 2nd Season,31610
Mahoromatic Summer Special,631
Mahoutsukai Tai! OVA,629
Mouretsu Pirates: Abyss of Hyperspace,14817
Naruto SD: Rock Lee no Seishun Full-Power Ninden,12979
Naruto Shippuuden: Sunny Side Battle,19511
Popolocrois Monogatari,4191
Puchimas!: Petit iDOLM@STER,15649
Rockman.EXE Beast,2110
Seimei no Kagaku: Micro Patrol,3624
Takanashi Rikka Kai: Chuunibyou demo Koi ga Shitai! Movie Lite,22859
Tanaka-kun wa Kyou mo Kedaruge,33004
Tetsuwan Atom (1980),3044
Toushou Daimos,2816
Vampire Hunter D,732
Ai Yori Aoshi: Enishi,394
Boku wa Tomodachi ga Sukunai: Relay Shousetsu wa Ketsumatsu ga Hanpanai,14027
Cardfight!! Vanguard,9539
Code Geass: Hangyaku no Lelouch R2 Picture Drama,5163
Digimon Frontier,1132
Doraemon Movie 02: Nobita no Uchuu Kaitakushi,2662
Doraemon Movie 19: Nobita no Nankai Daibouken,2664
Dororo to Hyakkimaru,5760
Eureka Seven: Pocket ga Niji de Ippai,4246
Futari wa Precure: Splash☆Star,1534
Guilty Crown Kiseki: Reassortment,12419
Hagure Yuusha no Aesthetica,13161
Haiyore! Nyaruko-san,11785
Jungle Taitei Movie (1997),2264
Kaitou Joker 2nd Season,28869
Karneval,16033
Kikou Ryohei Mellowlink,2048
Kyousou Giga (2012),15359
Lodoss-tou Senki: Eiyuu Kishi Den,206
Lupin III: Moeyo Zantetsuken!,1417
Momokuri,30014
Moyashimon Returns,13409
Muteki Koujin Daitarn 3,3305
Negima!? Natsu Special!?,1732
One Piece Movie 1,459
Ougon Yuusha Goldran,5440
Project ARMS: The 2nd Chapter,1493
Pumpkin Scissors,1538
Re Boot,23043
Robin Hood no Daibouken,2543
Rockman.EXE Stream,2109
Rose of Versailles Movie,3868
Sanzoku no Musume Ronja,22359
Shakugan no Shana III (Final) Specials,12823
Shakugan no Shana Movie Special,3221
Shin Hakkenden,1823
Suisei no Gargantia Specials,19211
Tales of Symphonia The Animation: Tethe&#039;alla-hen Specials,8909
Tenchi Muyou! GXP,1133
Tengen Toppa Gurren Lagann: Kirameki★Yoko Box - Pieces of Sweet Stars,6548
Ai Yori Aoshi,53
Black★Rock Shooter (OVA),7059
Bosco Daibouken,3460
Code Geass: Boukoku no Akito 3 - Kagayaku Mono Ten yori Otsu Picture Drama,31145
Dae Jang Geum: Jang Geum&#039;s Dream,1778
Dantalian no Shoka: Ibarahime,12879
Dragon Ball Z Movie 05: Tobikkiri no Saikyou tai Saikyou,898
Final Fantasy VII: On the Way to a Smile - Episode: Denzel,6151
Gakuen Senki Muryou,1179
Gakuen Utopia Manabi Straight! Special,3219
Ibara no Ou,6610
IGPX: Immortal Grand Prix (2005),3270
Kodomo no Omocha,3421
Konjiki no Gash Bell!!: Mecha Vulkan no Raishuu,911
"Kono Danshi, Sekika ni Nayandemasu.",25143
Kyuuketsuhime Miyu (TV),690
Mahou Senshi Louie,1164
Mahou Shoujo-tai Arusu,872
Mobile Suit Gundam: The 08th MS Team - A Battle with the Third Dimension,17717
Monkey Punch: Manga Katsudou Daishashin,5343
Mouretsu Pirates,8917
Mudai,30771
Pokemon Sun &amp; Moon,34034
Qin Shiming Yue Zhi: Ye Jin Tianming,11841
RD Sennou Chousashitsu,3363
Rosario to Vampire Capu2,4214
Shadow Skill: Eigi,678
Toaru Hikuushi e no Koiuta,19117
Unico: Mahou no Shima e,2429
Urayasu Tekkin Kazoku,2716
Wasurenagumo,13171
YAT Anshin! Uchuu Ryokou,1891
Yuugo: Koushounin,1246
Asura,8475
Bokura wa Minna Kawaisou Specials,24973
Concrete Revolutio: Choujin Gensou - The Last Song,32313
Crayon Shin-chan Movie 11: Arashi wo Yobu Eikou no Yakiniku Road,8363
Cyborg 009 (1979),4690
Digimon Adventure 02 Movies,2962
Dirty Pair OVA,4200
Doraemon Movie 16: Nobita no Sousei Nikki,2674
GA: Geijutsuka Art Design Class,5670
Gingitsune,18411
Grimm Douwa: Kin no Tori,3760
Guilty Crown: 4-koma Gekijou,13561
Kodomo no Jikan OVA,3121
Macross 7,1397
Maison Ikkoku: Ikkokujima Nanpa Shimatsuki,2459
Mobile Suit Gundam Seed C.E.73: Stargazer,1215
Oda Nobuna no Yabou Soushuuhen,15719
Pokemon Diamond &amp; Pearl,1565
Sansha Sanyou,31564
Tamayura,9055
Uchuu Kyoudai: Number Zero,22583
Ushio to Tora,842
"Wake Up, Girls! Shichinin no Idol",21189
Yami no Matsuei,553
Yu☆Gi☆Oh!: Duel Monsters GX,482
A-Channel+smile,11339
Aku no Hana,16201
Aoki Ryuusei SPT Layzner,3079
Appleseed Alpha,22677
Bakuman. 3rd Season Specials,23361
Bakumatsu Kikansetsu Irohanihoheto,1576
Bishoujo Senshi Sailor Moon R: Make Up! Sailor Senshi,2937
Bonobono (TV),4286
Cat Shit One,6280
Chirin no Suzu,2199
Chuunibyou demo Koi ga Shitai! Ren Lite,21797
Crayon Shin-chan Movie 12: Arashi wo Yobu! Yuuhi no Kasukabe Boys,8364
Dirty Pair,424
Ghost in the Shell: Stand Alone Complex 2nd GIG - Individual Eleven - Tachikoma no Hibi,10948
Higepiyo,5983
JoJo no Kimyou na Bouken: Adventure,665
Kaguya-hime,29927
Keijo!!!!!!!!,32686
Kyoro-chan,4375
Muteki Kanban Musume,1738
Offside (TV),5200
Otaku no Video,785
Ranma ½: Totteoki Talk Best of Memories,10822
Red Garden,1601
Rekka no Honoo: Final Burning,5691
Seto no Hanayome Fan Disc,5199
Shakugan no Shana Specials,1066
Tetsuwan Birdy,566
Witch Craft Works,21085
Yoake Mae yori Ruriiro na: Crescent Love,1543
Aki no Kanade,29513
Appleseed (Movie),54
Bleach: Memories in the Rain,762
Cat&#039;s Eye,2043
Chikyuu Bouei Kigyou Dai-Guard,1312
Crayon Shin-chan Movie 08: Arashi wo Yobu Jungle,8362
Dog Days,10155
Eikoku Koi Monogatari Emma: Intermission,2517
Harmony,28211
Ichiban Ushiro no Daimaou,7088
Ichigo Mashimaro Episode 0,4156
Iria: Zeiram The Animation,432
Joker Game,31405
Kaibutsu Oujo (OVA),9159
Kiddy Grade: Ignition,2176
Kimi no Iru Machi OVA,20649
Love Live! School Idol Project Recap,21853
Mamoru-kun ni Megami no Shukufuku wo!,1588
Marco: Haha wo Tazunete Sanzenri,4926
Medaka Box,11761
Mekakucity Actors,21603
Munto: Toki no Kabe wo Koete,1135
Muteki Choujin Zanbot 3,2200
Muv-Luv Alternative: Total Eclipse,11021
Negima!?,1546
Negima!? Haru Special!?,1619
Photon,1944
Precure All Stars Movie New Stage: Mirai no Tomodachi,12221
Saishuu Heiki Kanojo: Another Love Song,609
Sasameki Koto,6203
Shin Captain Tsubasa,2117
Tenchi Muyou! Manatsu no Eve,1101
The TV Show,9733
Touch: Cross Road - Kaze no Yukue,1539
Yami Shibai,19383
Yoroiden Samurai Troopers,1264
Yu☆Gi☆Oh! Duel Monsters: Battle City Special,5458
Yuusha Shirei Dagwon,3505
Akazukin Chacha OVA,367
Armitage III,1079
Battle Spirits: Sword Eyes Gekitouden,19877
Bokura no Live Kimi to no Life,9907
Dance in the Vampire Bund,6747
Doraemon Movie 06: Nobita no Little Star Wars,2669
Doraemon Movie 18: Nobita no Nejimaki City Boukenki,2678
Fantastic Children Special,15159
Freezing,9367
Friends: Mononoke Shima no Naki,10115
Fw:Hamatora,30290
Girls und Panzer Specials,15811
Hiatari Ryoukou!,729
Hokuto no Ken: Raoh Gaiden Ten no Haoh,4549
Kyoushoku Soukou Guyver II,1336
Lupin III: Seven Days Rhapsody,4851
Makai Ouji: Devils and Realist,16890
Mikakunin de Shinkoukei: Kamoniku tte Midori-ppoi Aji ga Suru no ne.,23227
Mushibugyou OVA,24171
Nagagutsu wo Haita Neko: 80 Nichikan Sekai Isshuu,3752
Neo Angelique Abyss: Second Age,4662
One Piece: Mezase! Kaizoku Yakyuu Ou,2490
Pokemon Advanced Generation,1564
PopoloCrois,592
PriPara Movie: Mi~nna no Akogare♪ Let&#039;s Go☆Prix Paris,31919
Reikenzan: Hoshikuzu-tachi no Utage,32094
Sakura Trick,20047
Sousei no Aquarion,478
Space Adventure Cobra,2452
Supernatural The Animation,8986
The iDOLM@STER Cinderella Girls,23587
Toaru Majutsu no Index: Endymion no Kiseki Special,20035
Tokimeki Memorial: Only Love,1555
Uchuu Densetsu Ulysses 31,2331
Biohazard: Degeneration,3446
Bubblegum Crisis Tokyo 2040,568
Chicchana Yukitsukai Sugar,831
Devilman: Tanjou-hen,2354
Dirty Pair: The Movie,1796
Escaflowne,393
GA: Geijutsuka Art Design Class OVA,6959
Garo Movie: Divine Flame,28539
Ghost in the Shell: Stand Alone Complex - Solid State Society - Uchikoma no Hibi,3447
Haiyore! Nyaruko-san W OVA,23619
Hi no Tori: Uchuu-hen,2998
Jungle Taitei: Yuuki ga Mirai wo Kaeru,6909
Koisuru Tenshi Angelique: Kagayaki no Ashita,1864
Kyattou Ninden Teyandee,1261
Loveless,149
Magic-Kyun! Renaissance,33299
Mokke,2931
Nanbaka,30016
Ojamajo Doremi,350
Omamori Himari,6324
Sekirei: Hajimete no Otsukai,5279
Tales of Symphonia The Animation: Sekai Tougou-hen Specials,12709
Uchuu Senkan Yamato: Fukkatsu-hen,7144
Yakushiji Ryouko no Kaiki Jikenbo,3614
Yuki no Joou,754
Yuri Kuma Arashi,26165
Zombie-Loan Specials,3354
Armitage III: Poly-Matrix,493
B Gata H Kei,7817
Brotherhood: Final Fantasy XV,33080
Cobra The Animation,5032
Cyborg Kuro-chan,2907
Doraemon: Doraemon Comes Back (Movie),2651
Dragon League,5197
Dungeon ni Deai wo Motomeru no wa Machigatteiru Darou ka OVA,32801
Fate/kaleid liner Prisma☆Illya 2wei! OVA,26057
Gedo Senki,1829
Halo Legends,6867
Happiness Charge PreCure! Movie: Ningyou no Kuni no Ballerina,23083
Harukanaru Toki no Naka de: Hachiyou Shou,247
Hime Chen! Otogi Chikku Idol Lilpri,8206
Hokuto no Ken: Yuria-den,3027
Kazemakase Tsukikage Ran,606
Kindaichi Shounen no Jikenbo,2077
Koukou Tekken-den Tough,2797
Kyou no 5 no 2 (TV): Takarabako,6379
Mahoromatic: I&#039;m Home!,7066
Mahou no Stage Fancy Lala,604
Mahou no Tenshi Creamy Mami,2044
Maria†Holic,5030
Mermaid Melody Pichi Pichi Pitch Pure,1110
Nagagutsu wo Haita Neko,2279
Ninja Senshi Tobikage,3059
Nintama Rantarou,1199
Okusama ga Seitokaichou!+!,32603
One Piece Movie 3: Chinjuu-jima no Chopper Oukoku,461
Otome wa Boku ni Koishiteru,1569
Pokemon 3D Adventure 2: Pikachu no Kaitei Daibouken,11009
Pokemon Generations,34514
Rental Magica,2369
Sekai Seifuku: Bouryaku no Zvezda,20973
Shin Getter Robo tai Neo Getter Robo,938
Solty Rei Special,3138
Sora no Manimani,6098
Tenchi Muyou! Ryououki 2nd Season Picture Drama,10351
Tenjou Tenge: The Ultimate Fight,448
Tokyo Magnitude 8.0 Recap,7654
Uchuu Kaizoku Captain Harlock: Arcadia-gou no Nazo,2470
Uta no☆Prince-sama♪ Maji Love Revolutions,21439
Yuusha Tokkyuu Might Gaine,3486
Aikatsu Stars!,32717
Anne Happy♪,31080
Area 88 (TV),284
B&#039;T X,286
Chuunibyou demo Koi ga Shitai! Ren Specials,23237
Crayon Shin-chan Movie 03: Unkokusai no Yabou,6217
Dual Parallel! Trouble Adventures,992
Future Card Buddyfight,19067
Geragera Boes Monogatari,2815
Inukami! The Movie: Tokumei Reiteki Sousakan Karina Shirou!,2132
Kannagi: Moshimo Kannagi ga Attara...,5978
Kaze no Naka no Shoujo: Kinpatsu no Jeanie,3110
Kimi no Iru Machi,17741
Lupin III: Twilight Gemini no Himitsu,1436
Madlax,252
Magic Tree House,10690
Mahoromatic 2 End Year Special,4997
Mahou Shoujo Ikusei Keikaku,33003
Naruto Movie 1: Dai Katsugeki!! Yuki Hime Shinobu Houjou Dattebayo!,442
Netoge no Yome wa Onnanoko ja Nai to Omotta?,31404
Pokemon Diamond &amp; Pearl Specials,10302
Precure All Stars DX the Dance Live♥: Miracle Dance Stage e Youkoso,11569
Seihou Bukyou Outlaw Star Specials,33713
Senyuu. Specials,17391
Show By Rock!!,27441
Show By Rock!! #,32038
Soukou Kihei Votoms: Kakuyaku taru Itan,2586
Soukou no Strain,1602
Taiho Shichau zo Special,2011
Taiho Shichau zo: Full Throttle Special,6312
Tsurikichi Sanpei,3137
Urusei Yatsura Movie 3: Remember My Love,1922
"Wake Up, Girls! Beyond the Bottom",30419
Wonderful Days,548
All Out!!,31588
Anyamal Tantei Kiruminzoo,7152
Ao no 6-gou,1051
Asatte no Houkou.,1554
Bomberman Jetters,751
Cardfight!! Vanguard G: Next,34077
Chou Mashin Eiyuuden Wataru,3432
Classroom☆Crisis,30383
Daisougen no Chiisana Tenshi: Bush Baby,2913
Digimon Tamers: Bousou Digimon Tokkyuu,3033
Dirty Pair: Lovely Angels yori Ai wo Komete,1803
Dog Days&#039;&#039;,16385
Elf wo Karu Mono-tachi,1045
Gamba no Bouken,5267
Gensoumaden Saiyuuki: Kibou no Zaika,4476
Giant Gorg,3327
Hakuouki Hekketsuroku Episode 0,9723
Hataraki Man,1592
Hellsing: Psalm of Darkness,7728
Hinata no Aoshigure,20673
Kachou Ouji,1025
Kaibutsu Oujo,2130
Koro-sensei Q!,33511
Lupin III: Harimao no Zaihou wo Oe!!,1434
Lupin III: The Last Job,8097
Mazinkaiser SKL,8666
Mermaid Forest,620
Mirai Shounen Conan (Movie),7308
Mobile Suit Gundam Seed: After-Phase Between the Stars,2298
Nanatsu-iro★Drops,1688
Nasu: Andalusia no Natsu,1209
Onegai My Melody,2489
Ore no Imouto ga Konnani Kawaii Wake ga Nai: SD Chara ni Yoru Character Commentary,10108
Orenchi no Furo Jijou,24211
Peach Girl,325
Pokemon: Kesshoutou no Teiou Entei,1118
Poulette no Isu,23285
Princess Princess,907
PriPara,23135
Punch Line,28617
RahXephon: Pluralitas Concentio,758
Re: Cutie Honey,151
Riding Bean,917
Seiken Tsukai no World Break,22663
Seikimatsu Occult Gakuin,6974
Seiyou Kottou Yougashiten: Antique,4021
Shangri-La,5220
Shinmai Maou no Testament OVA,29027
SKET Dance: Demystifying Special,10775
Sousei no Aquarion OVA,2170
Street Fighter II V,876
Tenjou Tenge: The Past Chapter,760
Tonkatsu DJ Agetarou,31370
Tsukuyomi: Moon Phase,343
Uchuu no Kishi Tekkaman Blade OVA: Twin Blood,2300
"Watashi ga Motenai no wa Dou Kangaetemo Omaera ga Warui!: Motenaishi, Nazomeite Miru",20449
Aldnoah.Zero 2nd Season,27655
Battle Spirits: Brave,9346
Buki yo Saraba,17677
Choujigen Game Neptune The Animation,16157
Crayon Shin-chan Movie 02: Buriburi Oukoku no Hihou,3745
D.C.S.S: Da Capo Second Season,291
Detective Conan: Happy New Year Special,29437
Devil May Cry,1726
Doraemon: The Day When I Was Born,2652
Doubutsu no Mori,2950
Dragon Quest: Abel Yuusha Densetsu,2819
Elf wo Karu Mono-tachi II,1046
Hayate no Gotoku! Cuties,16982
Hello! Sandybell,2799
Honoo no Mirage: Minagiwa no Hangyakusha,1020
Iblard Jikan,2891
IS: Infinite Stratos 2 - Infinite Wedding,33242
Jitsu wa Watashi wa,29785
Keroro Gunsou: KeroZero Shupattsudayo! Zeninshuugou!,11299
Maison Ikkoku: Utsuriyuku Kisetsu no Naka de,3483
MEMORiES MELODiES,32030
Ninku,912
Oshiete! Galko-chan,32013
Owari no Seraph: Kyuuketsuki Shahar,31378
Project ARMS,1492
Roujin Z,2000
Rurouni Kenshin: Meiji Kenkaku Romantan - Shin Kyoto-hen,11441
Seirei Tsukai no Blade Dance,22877
Shin Koihime†Musou: Otome Tairan,8057
Shippuu! Iron Leaguer,2758
Sore ga Seiyuu!,29163
Soukou Kihei Votoms: Koei Futatabi,8250
Strike Witches,3667
Tom Sawyer no Bouken,2577
Usavich,3737
"Wake Up, Girls! Seishun no Kage",28841
Wata no Kuni Hoshi,1207
.hack//Sign,48
30th Gundam Perfect Mission,7113
Air Master,230
Aura Battler Dunbine,929
Cardfight!! Vanguard G: Stride Gate-hen,32802
Cardfight!! Vanguard Movie: Neon Messiah,23991
Cyborg 009 (TV),8394
Detective Conan OVA 12: The Miracle of Excalibur,13839
Devilman: Yochou Sirene-hen,2355
Dragon Ball Z Movie 07: Kyokugen Battle!! Sandai Super Saiyajin,900
Dragon Ball: Ossu! Kaettekita Son Gokuu to Nakama-tachi!!,5152
Gakusen Toshi Asterisk,30544
Galaxy Angel,383
Hells,4983
Hotori: Tada Saiwai wo Koinegau,475
IS: Infinite Stratos 2 - World Purge-hen,21653
Kaiketsu Zorori,3638
Kamen no Maid Guy,3616
Kamisama Dolls,10372
Kemono no Souja Erin: Soushuuhen,7904
Last Exile: Ginyoku no Fam,10336
Mai-Otome Specials,1659
Murder Princess,1696
Nils no Fushigi na Tabi,2151
Onegai My Melody Sukkiri♪,5520
Onegai! Samia Don,2805
Onegai☆Twins: Natsu wa Owaranai,524
Papa to Odorou,4742
Pokemon Diamond &amp; Pearl: Arceus Choukoku no Jikuu e,6178
Pokemon: Mewtwo! Ware wa Koko ni Ari,1709
Rosario to Vampire,2993
Ryuusei no Rockman Tribe,3493
Seihou Bukyou Outlaw Star Pilot,4650
Terra Formars,22687
Toaru Kagaku no Railgun S: Motto Marutto Railgun,19697
Toaru Majutsu no Index-tan II,10249
3x3 Eyes Seima Densetsu,1225
Blue Gender,58
Blue Seed,998
Captain Future,2561
Daisetsusan no Yuusha Kibaou,6202
Galaxy Angel Z Special,2206
gdgd Fairies 2,16726
Generator Gawl,1022
Gunslinger Girl: Il Teatrino OVA,4765
Hi no Tori: Houou-hen,2997
Hidan no Aria,8630
Karneval Specials,23425
Kenyuu Densetsu Yaiba,2335
Kodomo no Jikan (TV),2403
Koe de Oshigoto! The Animation,8876
"Kono Danshi, Mahou ga Oshigoto Desu.",31815
Kyuuketsuhime Miyu,1384
Medarot,1138
Mikakunin de Shinkoukei: Mite. Are ga Watashitachi no Tomatteiru Ryokan yo.,22071
Monochrome Factor,3656
Ochamegami Monogatari: Korokoro Pollon,3136
Pandane to Tamago-hime,9798
Pokemon Diamond &amp; Pearl: Genei no Hasha Zoroark,7695
Prince of Tennis: Mini Theater,10276
Ranma ½: Tendou-ke no Oyobidenai Yatsura!,10819
Robotica*Robotics,12137
Saint Seiya: Kamigami no Atsuki Tatakai,1258
Shin Atashin&#039;chi,30649
Shinmai Maou no Testament Burst,30363
Shuumatsu no Izetta,33433
Sky Girls,2604
Thermae Romae,12321
Toriko: Jump Super Anime Tour 2009 Special,6941
Virtua Fighter,961
Yamato Takeru,4773
Batman: Gotham Knight,4094
"Boku no Chikyuu wo Mamotte: Alice kara, Rin-kun e",7366
Code Geass: Hangyaku no Lelouch Recaps,2124
Corpse Party: Tortured Souls - Bougyakusareta Tamashii no Jukyou,15037
Croket!,5071
Deadman Wonderland OVA,10418
Dennou Boukenki Webdiver,3561
Futsuu no Joshikousei ga [Locodol] Yattemita. OVA,30988
Gravitation: Lyrics of Love,507
Houkago no Ouji-sama,24457
Inazuma Eleven Go: Galaxy,18097
"Iriya no Sora, UFO no Natsu",358
IS: Infinite Stratos,9041
IS: Infinite Stratos Encore - Koi ni Kogareru Rokujuusou,10794
Kaibutsu Oujo: Konsui Oujo,4082
Kaitou Joker 4th Season,33490
Kakutou Bijin Wulong: Rebirth,968
Kill Me Baby: Butsuzou Kegatte Nise Halloween,20039
Kyojin no Hoshi,5834
Love Live! School Idol Project: μ&#039;s →NEXT LoveLive! 2014 - Endless Parade Encore Animation,30896
Maihime,6182
Mobile Suit Gundam MS IGLOO: Apocalypse 0079,1916
Mushrambo,1137
NG Knight Ramune &amp; 40,2084
Nijiiro Hotaru: Eien no Natsuyasumi,6219
Nisekoi: OVA,32553
Ochame na Futago: Claire Gakuin Monogatari,2570
Ro-Kyu-Bu!: Tomoka no Ichigo Sundae,15807
Rurouni Kenshin: Review Special,9716
Scryed Alteration I: Tao,10592
Servamp,31229
Shikabane Hime: Kuro Special,6344
Stop!! Hibari-kun!,3332
Switch,3574
Ura Tegamibachi,9673
Yu☆Gi☆Oh! 5D&#039;s: Shinkasuru Kettou! Stardust vs. Red Demon&#039;s,5298
Yume no Crayon Oukoku,4651
Anime Himitsu no Hanazono,2810
Azumanga Daioh: Gekijou Tanpen,659
Binan Koukou Chikyuu Bouei-bu LOVE!,27727
Chibi Maruko-chan: Watashi no Suki na Uta,9348
Chihayafuru 2: Waga Mi Yo ni Furu Nagame Seshi Ma ni,18745
Dae Jang Geum: Jang Geum&#039;s Dream 2,9200
Deltora Quest,1826
Dr. Slump,3312
Dragon Ball Z Movie 10: Kiken na Futari! Super Senshi wa Nemurenai,903
Gatchaman Crowds Insight: Inbound,30925
Ghost in the Shell: Stand Alone Complex - The Laughing Man - Tachikoma no Hibi,10947
Gi(a)rlish Number,32607
Gosick Recap,10504
Hayate no Gotoku! Can&#039;t Take My Eyes Off You,14653
Kawa no Hikari,6554
Koutetsushin Jeeg,2157
Lu Shidai,31233
Lupin III: Hemingway Paper no Nazo,1421
Lupin III: Princess of the Breeze - Kakusareta Kuuchuu Toshi,20141
Mahou Sensei Negima!,157
Mahoujin Guru Guru Movie,796
Mashin Eiyuuden Wataru,3837
Mermaid Melody Pichi Pichi Pitch,521
Mudazumo Naki Kaikaku: The Legend of Koizumi,6946
Naruto Soyokazeden Movie: Naruto to Mashin to Mitsu no Onegai Dattebayo!!,10659
Porphy no Nagai Tabi,3424
Renkin San-kyuu Magical? Pokaan,941
Rockman.EXE Beast+,2713
Sekiranun Graffiti,11487
Shinmai Maou no Testament,23233
Sousei no Onmyouji,32105
Taiyou no Mokushiroku: A Spirit of the Sun,1857
Tezuka Osamu no Buddha: Akai Sabaku yo! Utsukushiku,7014
Tezuka Osamu no Buddha: Owarinaki Tabi,20969
Toaru Majutsu no Index 10th Anniversary PV,27509
Toaru Majutsu no Index-tan,5955
Tongari Boushi no Memole,3754
Uchuu Senkan Yamato: Kanketsu-hen,3072
UFO Princess Valkyrie 3: Seiresetsu no Hanayome,1514
Vassalord.,15933
Asura Cryin&#039;,5342
Chobits: Chibits,596
Code Geass: Hangyaku no Lelouch Picture Drama,1953
Densetsu Kyojin Ideon,930
Digimon Savers,859
Digimon Tamers: Boukensha-tachi no Tatakai,3032
Doraemon Meets Hattori the Ninja,2630
El Hazard: The Wanderers,116
Freezing Vibration,18001
Guilty Crown: Lost Christmas,13411
Kagaku Ninja-tai Gatchaman,2389
Katekyo Hitman Reborn! x ēlDLIVE Special,33740
"Kono Danshi, Uchuujin to Tatakaemasu.",11355
Lost Universe,1184
Maison Ikkoku: Prelude - Meguru Haru no Sakura no you ni...,3484
Montana Jones,3313
Muumin,8234
Nana Recaps,1869
Otogizoushi,525
Pokemon Advanced Generation: Rekkuu no Houmonsha Deoxys,1122
Pokemon Diamond &amp; Pearl: Giratina to Sora no Hanataba Sheimi,4026
Prince of Tennis: The Band of Princes Film Kick the Future,6749
Ranma ½: DoCo Music Video,10824
Shingetsutan Tsukihime,169
Starship Operators,342
Tenjou Tenge,174
Tistou Midori no Oyayubi,5895
UFO Princess Valkyrie 2: Juunigatsu no Yasoukyoku,1128
World Destruction: Sekai Bokumetsu no Rokunin,4415
Arete Hime,1028
Arslan Senki (TV) OVA,33254
Blue Seed Omake,3620
Chicchana Yukitsukai Sugar Specials,1014
Chobits Recap,1311
Cobra The Animation: The Psycho-Gun,4646
Cobra The Animation: Time Drive,5031
Dai Mahou Touge,933
Days (TV),32494
Domo-kun,7643
Dragon Ball Movie 3: Makafushigi Daibouken,892
Dragon Ball Z Movie 06: Gekitotsu!! 100-oku Power no Senshi-tachi,899
Dragonaut: The Resonance Special,5072
Furusato Saisei: Nihon no Mukashibanashi,13163
Galaxy Angel S,12225
Ginga Tetsudou Monogatari: Eien e no Bunkiten,2717
Gokukoku no Brynhildr,21431
Grisaia no Rakuen Specials,31368
Heart Realize,32700
Hitsugi no Chaika OVA,24261
Honoo no Alpenrose: Judy &amp; Randy,3807
Hoshi no Oujisama Petit Prince,3811
Itsuka Tenma no Kuro Usagi OVA,10934
Jinzou Ningen Kikaider The Animation,598
Kaitou Joker 3rd Season,31670
Key the Metal Idol,1457
Kishin Douji Zenki,1573
Kiss x Sis (TV),7593
Kodomo no Jikan Recap,4786
Koitabi: True Tours Nanto,17635
Korekuraide Utau,10720
Kurogane no Linebarrels,3653
Lupin III: Lupin vs. Fukusei-ningen,1435
Macademi Wasshoi!,3654
Mokke Specials,4202
Net Ghost Pipopa,4051
Night Walker: Mayonaka no Tantei,621
Ookami to Koushinryou II Specials,6884
Otogi Juushi Akazukin,607
Sekai Meisaku Douwa: Hakuchou no Ouji,3847
Shinkon Gattai Godannar!! 2nd Season,1104
Sora wo Kakeru Shoujo,5307
Suite Precure♪ Movie: Torimodose! Kokoro ga Tsunaku Kiseki no Melody♪,10821
Tengen Toppa Gurren Lagann: Parallel Works 2,8348
Tsubasa to Hotaru,21781
Uta Kata Special,689
Youkai Watch Movie 2: Enma Daiou to Itsutsu no Monogatari da Nyan!,28257
Ace wo Nerae!,311
Anne no Nikki,3829
Battle Spirits: Sword Eyes,14913
Candy Boy: Nonchalant Talk of the Certain Twin Sisters in Daily Life,4535
Cardfight!! Vanguard: Legion Mate-hen,21729
Cello Hiki no Gauche (1982),1049
Code Geass: Boukoku no Akito 4 - Nikushimi no Kioku Kara Picture Drama,32240
Dash! Yonkurou,3116
Dragon Ball Z: Saiya-jin Zetsumetsu Keikaku,984
Eureka Seven: Navigation ray=out,1631
Fate/kaleid liner Prisma☆Illya 2wei Herz! Specials,31056
Gakkou no Kaidan: Kubinashi Rider!! Shi no Noroi,30825
Hai! Akko Desu,5534
Hashire Melos!,4876
IS: Infinite Stratos 2 - Hitonatsu no Omoide,20045
Kurozuka,5039
Lupin III: Lupin Ansatsu Shirei,1438
Mermaid&#039;s Scar,2017
Nissan Serena x One Piece 3D: Mugiwara Chase - Sennyuu!! Sauzando Sanii-gou,20871
Pita Ten,162
Saibi,21027
Sekai Meisaku Douwa: Mori wa Ikiteiru,3751
Shin Tenchi Muyou! Specials,8767
Starmyu,30375
Starmyu OVA,33033
Stratos 4 Advance Kanketsu-hen,1584
Sumomomo Momomo: Chijou Saikyou no Yome,1568
Sumomomo Momomo: Chijou Saikyou no Yome Specials,3419
Touch: Sebangou no Nai Ace,2491
Urusei Yatsura Movie 6: Itsudatte My Darling,1925
Yomigaeru Sora: Rescue Wings Special,1843
Yumekui Merry,9331
Bakusou Kyoudai Let&#039;s &amp; Go WGP,2706
Battle Programmer Shirase,579
Black★Rock Shooter (TV),11285
Blassreiter,3407
Buddy Complex: Daremo Shiranai Ashita e,31105
Cardfight!! Vanguard G: GIRS Crisis-hen,31196
Carnival Phantasm: Illya-jou,12255
Crayon Shin-chan Movie 01: Action Kamen vs. Haigure Maou,8358
Crayon Shin-chan Movie 06: Dengeki! Buta no Hizume Daisakusen,8360
Dragon Ball: Super Saiya-jin Zetsumetsu Keikaku,10017
Gate Keepers,127
Gegege no Kitarou (2007),2165
Getter Robo,3579
Ghost in the Shell: Stand Alone Complex - Solid State Society 3D - Tachikoma no Hibi,10950
Goal FH: Field Hunter,5217
Gundam Build Fighters Try: Island Wars,30533
Ie Naki Ko Remi Specials (2001),25087
Kimikiss Pure Rouge Special,4205
Koukou Butouden Crows,6293
Kyou no 5 no 2 Kagai Jugyou: Mizukake,4078
Macross 7 Encore,1399
Mahoromatic End Year Special,632
Miyori no Mori,2751
Overlord: Ple Ple Pleiades,31138
Saikyou Bushouden: Sangoku Engi,6902
Saint Seiya: Saishuu Seisen no Senshi-tachi,1260
Shin Maple Town Monogatari: Palm Town-hen,5203
Shinzou Ningen Casshern,4810
Super Fishing Grander Musashi,2415
Tatsu no Ko Tarou,1208
Tokumu Sentai Shinesman,2097
Touhou Niji Sousaku Doujin Anime: Musou Kakyou,9874
YAT Anshin! Uchuu Ryokou 2,1892
Yu☆Gi☆Oh! Zexal Second,15489
Yuusha ni Narenakatta Ore wa Shibushibu Shuushoku wo Ketsui Shimashita.,18677
&quot;Bungaku Shoujo&quot; Kyou no Oyatsu: Hatsukoi,7669
.hack//Roots,873
A-Channel,9776
Beet the Vandel Buster,8
Cardfight!! Vanguard: Asia Circuit-hen,13145
Children Record,30903
Devil Survivor 2 The Animation,16512
Dominion,1151
Fractale,9314
gdgd Fairies,11809
Gegege no Kitarou (1968),5688
Genki Bakuhatsu Ganbaruger,2916
Gokujou Seitokai,456
Hyper Police,1180
Katte ni Kaizou,10191
Kaze to Ki no Uta Sanctus: Sei Naru Kana,1637
Kinnikuman: Kinnikusei Oui Soudatsu-hen,3281
Lupin III: Kiri no Elusive,3019
Mai-HiME Specials,673
Maria†Holic Alive,9712
Monkey King: Hero Is Back,32534
Namiuchigiwa no Muromi-san,16910
Natsu-iro Kiseki,12119
New Dominion Tank Police,1152
Nirvana,32468
Ore ga Ojousama Gakkou ni &quot;Shomin Sample&quot; Toshite Gets♥Sareta Ken,25099
Rinne no Lagrange Season 2,12281
Rockman.EXE,1710
Scryed Alteration II: Quan,12223
Shingeki! Kyojin Chuugakkou,31374
Shinmai Maou no Testament Burst Specials,32409
Shouwa Monogatari,10014
Sola Specials,3174
The iDOLM@STER Cinderella Girls 2nd Anniversary PV,21409
Zettai Muteki Raijin-Oh,1897
Zettai Shounen,308
Zombie-Loan,2404
A-Channel: +A-Channel,10737
Ai no Senshi Rainbowman,8285
Animation Seisaku Shinkou Kuromi-chan 2,1798
Bleach: The Sealed Sword Frenzy,834
CB Chara Go Nagai World,2692
CLAMP Gakuen Tanteidan,1844
Code Geass: Hangyaku no Lelouch - Kiseki no Birthday Picture Drama,8728
Crayon Shin-chan Movie 15: Arashi wo Yobu Utau Ketsu dake Bakudan!,2172
D.C.II: Da Capo II,2595
Dragon Ball Movie 1: Shen Long no Densetsu,502
Dragon Ball Z: Summer Vacation Special,22695
Dragon Half,870
Hakaima Sadamitsu,1465
Heisei Inu Monogatari Bow,2749
I&#039;&#039;s Pure,811
Ikkyuu-san,4935
It&#039;s a Rumic World: 50th Anniversary Weekly★Shonen Sunday,6566
Kannazuki no Miko,143
Kimi ga Nozomu Eien: Next Season,3318
Live On Cardliver Kakeru,5235
Macross 7 Movie: Ginga ga Ore wo Yondeiru!,1400
Mashin Eiyuuden Wataru 2,4807
Minami no Niji no Lucy,2573
Onegai☆Twins,196
Ore no Imouto ga Konnani Kawaii Wake ga Nai.: SD Chara ni Yoru Short Movie,19845
Pokemon the Movie XY&amp;Z: Volcanion to Karakuri no Magiana,31231
Pokemon XY&amp;Z Specials,34325
Pokemon: Celebi Toki wo Koeta Deai,1119
Queen Emeraldas,1553
Renkin San-kyuu Magical? Pokaan Specials,1489
Ro-Kyu-Bu!,10572
Saint Seiya: Jashin Eris,1256
Shinigami no Ballad.,789
Stranger: Mukou Hadan Pilot,14617
Taimadou Gakuen 35 Shiken Shoutai,24133
Tantei Opera Milky Holmes: Summer Special,10923
Tell Your World,15673
To Heart 2 OVA,1720
Touhou Niji Sousaku Doujin Anime: Musou Kakyou Special,30547
Tribe Cool Crew,26453
Tsuyoshi Shikkari Shinasai,5992
Yu☆Gi☆Oh! (1999),2006
Aa! Megami-sama!: Chichaitte Koto wa Benri da ne,303
Ai Yori Aoshi: Enishi - Miyuki,3266
Amatsuki,3359
Animal Yokochou,280
Animation Seisaku Shinkou Kuromi-chan,1797
Candy Boy Episode: EX01 - Mirai Yohouzu,5116
Crayon Shin-chan Movie 23: Ora no Hikkoshi Monogatari - Saboten Daisuugeki,27653
Daitoshokan no Hitsujikai,17827
Digimon Xros Wars,8624
Etotama,28221
Genji Monogatari Sennenki,5155
Gintama x Mameshiba,19261
Girls und Panzer: Fushou - Akiyama Yukari no Sensha Kouza,18343
Hare Tokidoki Buta (TV),2280
Hi no Tori: Yamato-hen,2999
Hoshizora e Kakaru Hashi,10079
Kantai Collection: KanColle,21511
Kindaichi Shounen no Jikenbo Returns 2nd Season: Akechi Keibu no Jikenbo,32376
Kindaichi Shounen no Jikenbo: Kuromajutsu Satsujin Jiken-hen,15819
Kogepan,580
Kowarekake no Orgel Special,10122
Lupin III: Ai no Da Capo - Fujiko&#039;s Unlucky Days,1431
Macross Flash Back 2012,1504
Mahoutsukai Precure!,31884
Manie-Manie: Meikyuu Monogatari,1951
Mobile Suit Gundam MS IGLOO 2: Gravity of the Battlefront,4232
Nisekoimonogatari,30514
Ojamajo Doremi OVA,12591
Okusama ga Seitokaichou!: Okusama Gekijou,32634
One Piece Film: Gold Episode 0 - 711 ver.,33606
Pokemon Best Wishes! Season 2: Episode N,17115
Pokemon Crystal: Raikou Ikazuchi no Densetsu,1525
Pokemon: Pikachu to Eevee Friends,16678
Precure All Stars Movie: Minna de Utau♪ - Kiseki no Mahou,32160
Prince of Stride: Alternative,31559
Prince of Tennis: Oshougatsu Special,5996
Shin Hokuto no Ken,1357
Shisha no Teikoku,28625
Tantei Opera Milky Holmes,7768
Tetsujin 28-gou (1980),4208
The☆Doraemons: The Mysterious Thief Dorapan The Mysterious Cartel,2625
To Heart 2 AD,4166
Tokyo Mew Mew,687
Uchuu Senkan Yamato (Movie),711
Vampire Knight: Gekiai no Portrait,8422
Vexille: 2077 Nihon Sakoku,2746
"Wake Up, Girls!",19023
White Album 2nd Season,6165
Zero no Tsukaima: Princesses no Rondo Picture Drama,6489
"Zone of the Enders: Dolores, I",1249
Accel World: Infinite∞Burst,31763
Arslan Senki,1762
Baka to Test to Shoukanjuu: Matsuri - Sentaku ni Yotte Tenkai ga Kawaru &quot;LIPS Eizou&quot;,10431
Code:Breaker,11703
Dragon Ball Movie 2: Majinjou no Nemuri Hime,891
Dwaejiui Wang,12035
Fortune Arterial: Akai Yakusoku - Tadoritsuita Basho,9347
Futari wa Precure: Max Heart,1929
Ichigo 100% OVA,981
Iron Kid,20945
Keroro Gunsou: Mushakero Ohirome Sengoku Ranstar Dai Battle,11281
Kinnikuman II Sei: Ultimate Muscle 2,5968
Koi to Senkyo to Chocolate Special,18045
Koisuru Tenshi Angelique: Kokoro no Mezameru Toki,1578
Kumo no You ni Kaze no You ni,1032
Lostorage Incited WIXOSS,33197
Lupin III: Bye Bye Liberty - Kiki Ippatsu!,1415
Mini Sengoku Basara Two: Tsukiyo no Katakura-kun,9630
Mirai Shounen Conan 2: Taiga Daibouken,2613
Mizu no Kotoba,2235
Munto,1174
Musaigen no Phantom World,31442
Ninin ga Shinobuden,229
Pokemon Omega Ruby &amp; Alpha Sapphire: Mega Special Animation,28431
Princess Lover!,6201
Rayearth,1954
Rocket Girls,1942
Shirobako Specials,28105
Shounen Maid Special,33491
Tottoko Hamtarou,508
1000-nen Joou: Queen Millennia,1549
Ani*Kuri15,2832
Astro Boy: Tetsuwan Atom,971
Asu no Yoichi!,4999
Bakuman. 2nd Season Special,23369
Bakuten Shoot Beyblade G Revolution,1668
Battle Athletess Daiundoukai (TV),1186
Black Lagoon Omake,8440
Candy☆Boy: Side Story For Archive,3456
Captain Tsubasa: Europe Daikessen,2118
Clover,1890
Crayon Shin-chan Movie 19: Arashi wo Yobu Ougon no Spy Daisakusen,10116
Daikuu Maryuu Gaiking,956
Detective Conan: The Fugitive Kogorou Mouri,24169
Digimon Frontier: Ornismon Fukkatsu!!,3031
Dual Parallel! Trouble Adventures Special,993
Fate/stay night TV Reproduction,7559
Futakoi Alternative,126
Garakuta-doori no Stain,3519
Ginga Senpuu Braiger,4240
Gregory Horror Show: The Second Guest,12481
Hana no Ko Lunlun,2230
Hoshizora e Kakaru Hashi: Kakaru ka? Gakuensai ni Koi no Hashi,11161
Ichigo 100%: Koi ga Hajimaru?! Satsuei Gasshuku - Yureru Kokoro ga Higashi e Nishi e,642
Kakurenbo,1192
Kyouryuu Boukenki Jura Tripper,2487
Maji de Watashi ni Koi Shinasai!,10213
Papuwa,2501
Pokemon Advanced Generation: Pokemon Ranger to Umi no Ouji Manaphy,2201
Project A-Ko,212
Rinne no Lagrange,11227
Saenai Heroine no Sodatekata: Ai to Seishun no Service Kai,29317
Samurai Deeper Kyou,419
Sangokushi (1985),8677
"Senki Zesshou Symphogear: Meteoroid-Falling, Burning, and Disappear, Then...",11751
Shakugan no Shana S Specials,7375
TaoTao Ehonkan Sekai Doubutsu Banashi,2578
Tenpou Ibun: Ayakashi Ayashi,1587
Totsuzen! Neko no Kuni Banipal Witt,2715
"Touch: Miss Lonely Yesterday - Are kara, Kimi wa...",1540
Vandread: Gekitou-hen,1111
Wakaba*Girl: Onsen Tsukaritai,31909
Weiß Kreuz OVA,1024
Zone of the Enders: Idolo,1248
Aldnoah.Zero Extra Archives,29223
Aoki Ryuusei SPT Layzner OVA,5755
Armitage III: Dual-Matrix,492
Blood: The Last Vampire,405
Captain Tsubasa: Saikyou no Teki! Holland Youth,2122
Chou Hatsumei Boy Kanipan,3690
Coo: Tooi Umi kara Kita Coo,2055
Crusher Joe: The Movie,2722
Fate/Prototype,12565
Flag Director&#039;s Edition: Issenman no Kufura no Kiroku,5136
Ginga Tetsudou 999: Eien no Tabibito Emeraldas,6734
Ginga Tetsudou Monogatari: Wasurerareta Toki no Wakusei,3854
Gyouten Ningen Batsealer,7109
Hakaba Kitarou,3710
Harukanaru Toki no Naka de 3: Kurenai no Tsuki,3227
Harukanaru Toki no Naka de 3: Kurenai no Tsuki Special,4190
Himouto! Umaru-chanS,31234
Hurricane Live! 2032,5043
Hyakka Ryouran: Samurai Girls,8277
Ichigo 100% Special 2,641
Kamisama no Inai Nichiyoubi: Kioku,20423
Kanamemo,5914
Lupin III: Touhou Kenbunroku - Another Page,15783
Maburaho,193
Mermaid Forest OVA,2016
Mizuiro Jidai,1040
Moshidora,9693
Neo Angelique Abyss,3615
Ninpuu Kamui Gaiden,5023
Sakura Taisen,561
Sakura Taisen: Gouka Kenran,1166
Seigi wo Aisuru Mono Gekkou Kamen,4332
Sirius no Densetsu,2029
Sword Art Online: Extra Edition,20021
Thermae Romae Specials,12727
Touch 3: Kimi ga Toorisugita Ato ni - Don&#039;t Pass Me By,2493
UFO Princess Valkyrie: Special,1129
"Urusei Yatsura: Haru da, Tobidase!",1481
Wakaba*Girl,30355
Zetman,11837
Alps no Shoujo Heidi (1979),9547
Aoi Blink,3631
Binchou-tan,750
Black Jack: Sora kara Kita Kodomo,6246
Brothers Conflict OVA,25437
Buzzer Beater 2nd Season,2684
Captain Tsubasa: Sekai Daikessen!! Jr. World Cup,2121
Cheer Danshi!!,32483
Cossette no Shouzou,514
Dragon Ball Z: Zenbu Misemasu Toshi Wasure Dragon Ball Z!,22699
Fushigi Yuugi: Eikouden,124
Kindaichi Shounen no Jikenbo: Satsuriku no Deep Blue,9154
Kishin Taisen Gigantic Formula,2215
Manga Sarutobi Sasuke,5091
Minky Momo in Yume ni Kakeru Hashi,3462
Mobile Suit Gundam MS IGLOO: The Hidden One Year War,1917
Monster Strike: Mermaid Rhapsody,33546
Overman King Gainer,1792
Recorder to Randoseru Re♪,13377
Samurai Flamenco,19365
Schwarzesmarken,30806
Shin Angyo Onshi,884
Super Seisyun Brothers,19841
Tenpou Ibun: Ayakashi Ayashi - Ayashi Shinkyoku,3248
Tesagure! Bukatsumono Encore,21851
Tsurupika Hagemaru-kun,5830
Wellber no Monogatari: Sisters of Wellber Zwei,3501
Candy Boy Episode: EX02 - Shiawase Kyouyuu Riron,6479
CLAMP in Wonderland,2274
Dai Mahou Touge Omake,1841
Dear Boys,292
Dragon Ball Z Movie 03: Chikyuu Marugoto Choukessen,896
El Hazard 2: The Magnificent World,118
Fire Tripper,2973
Futari wa Precure,603
Ginga Tetsudou 999: Hoshizora wa Time Machine,12163
Jungle Book Shounen Mowgli,2569
Juubee-chan 2: Siberia Yagyuu no Gyakushuu,636
Juushin Enbu: Hero Tales,2772
Kikaider 01 The Animation,1768
Kinnikuman II Sei: Ultimate Muscle,5967
Kochira Katsushikaku Kameari Kouenmae Hashutsujo The Movie 2: UFO Shuurai! Tornado Daisakusen,3547
Kousoku Denjin Albegus,5891
Kuro no Sumika: Chronus,20889
Kurokami: Tora to Tsubasa,6794
Lupin III: Lupin Ikka Seizoroi,13247
Mahou Shoujo Madoka★Magica: Concept Movie,32153
Majime ni Fumajime Kaiketsu Zorori,2707
Mamotte! Lollipop,1509
Megazone 23,1935
Naruto Movie 2: Dai Gekitotsu! Maboroshi no Chiteiiseki Dattebayo!,936
NieA Under 7,800
Norimono Oukoku BuBu ChaCha,4054
Osomatsu-kun,9884
Owari no Seraph: The Beginning of the End,31756
Pokemon Housoukyoku,2363
Senkou no Night Raid,6973
Senkou no Night Raid Specials,8800
Tokyo Tribe 2,1703
Touch 2: Sayonara no Okurimono,2492
Uchuusen Sagittarius,3317
UFO Princess Valkyrie 4: Toki to Yume to Ginga no Utage,1648
Urusei Yatsura Movie 4: Lum The Forever,1923
VS Knight Lamune &amp; 40 Fire,2087
Wakakusa no Charlotte,3196
Ai Shoujo Pollyanna Story,2554
Ao no Kanata no Four Rhythm,28391
Chikyuu Shoujo Arjuna,812
Choujikuu Seiki Orguss 02,2090
Da Yu Hai Tang,10259
Dokkoida,1837
Dorami &amp; Doraemons: Robot School&#039;s Seven Mysteries,2646
Futari wa Precure: Max Heart Movie 1,1930
Futsuu no Joshikousei ga [Locodol] Yattemita.,22189
Future Card Buddyfight 100,30039
Hidan no Aria Special,10604
Hime Chen! Otogi Chikku Idol Lilpri (2011),31068
Kiddy GiRL-AND,3349
Kyoukai no Rinne (TV),28423
Kyousou Giga,10893
Macross 7 Plus,6209
Mobile Suit Victory Gundam,89
Nekketsu Saikyou Go-Saurer,5395
Nourin,18095
Precure All Stars GoGo Dream Live!,10549
Pretty Rhythm: Dear My Future,12863
Zettai Karen Children Gentei Kaikin!! OVA Chou Sakidori Special!!,9127
3x3 Eyes,300
Arcana Famiglia: Capriccio - stile Arcana Famiglia,15411
Bakumatsu no Spasibo,8092
Barakamon: Mijikamon,25045
Brave 10,11241
DearS: Kin no Tama desu no?,1817
Glass no Hana to Kowasu Sekai,25907
Happy☆Lesson: Advance,261
Inazuma Eleven: Chou Jigen Dream Match,24347
Juuni Senshi Bakuretsu Eto Ranger,2757
Kaleido Star: Good da yo! Goood!!,1501
Kami nomi zo Shiru Sekai: Flag 0,9675
Karasu Tengu Kabuto,2243
Koko wa Green Wood,1804
Lupin III: Napoleon no Jisho wo Ubae,1423
Macross Dynamite 7,1398
Maple Town Monogatari,2223
Muka Muka Paradise,4086
Ontama!,6890
Osu!! Karate Bu,6031
Pokemon XY: Sora no Hahen,23849
Shin Koihime†Musou,6112
Shinkyoku Soukai Polyphonica,1727
Soukou Kihei Votoms: Gen-ei Hen,8017
Soul Eater: Late Night Show,21195
Uchuu Senkan Yamato: Aratanaru Tabidachi,3071
Yakusoku (ONA),21065
Yuu☆Yuu☆Hakusho (Movie),882
Anime Tenchou x Touhou Project,9875
Aoki Densetsu Shoot! (Movie),2682
Bishoujo Senshi Sailor Moon Crystal,14751
Crayon Shin-chan Movie 07: Bakuhatsu! Onsen Wakuwaku Daikessen,8361
"Dakara Boku wa, H ga Dekinai.",12549
Dirty Pair: Bouryaku no 005-bin,1795
Dragon Ball Specials,2520
Gunparade March: Arata Naru Kougunka,266
Happy☆Lesson: The Final,262
Ikkitousen: Dragon Destiny,1956
Ikkitousen: Great Guardians,4196
Jewelpet Happiness,17497
Kamen no Maid Guy OVA,5045
Love Live! School Idol Project OVA,20745
Masou Gakuen HxH Specials,34447
Naruto: Dai Katsugeki!! Yuki Hime Shinobu Houjou Dattebayo! Special: Konoha Annual Sports Festival,2248
Otome wa Boku ni Koishiteru: Futari no Elder,9988
Ring ni Kakero 1: Sekai Taikai-hen,10346
Seton Doubutsuki,7845
Shingeki no Kyojin: Ano Hi Kara,19285
Super Robot Taisen OG: Divine Wars,1603
Tales of Phantasia The Animation,391
Teekyuu 3,20473
Tenchi Muyou!: Galaxy Police Mihoshi Space Adventure,2725
Toaru Kagaku no Railgun: Motto Marutto Railgun,8023
TWO-MIX: White Reflection,2728
Umi ga Kikoeru,743
ViVid Strike!,33589
X OVA,595
Yozakura Quartet,4548
Ace wo Nerae! (1979),313
Agatha Christie no Meitantei Poirot to Marple,244
Binbou Shimai Monogatari,1214
Dr. Rin ni Kiitemite!,2259
Girls und Panzer der Film: Fushou - Akiyama Yukari no Sensha Kouza,32741
Grappler Baki,1859
Grisaia no Kajitsu Specials,29101
Ikkitousen: Xtreme Xecutor,7580
"Inari, Konkon, Koi Iroha.: Inari, Konkon, Semishigure.",22057
Innocent Venus,1230
Keroro,21671
Kill Me Baby,11079
Kinnikuman II Sei,1707
Lamune,670
Mahoutsukai Tai!,630
Mobile Suit Gundam: The 08th MS Team - Miller&#039;s Report,83
Naruto Movie 3: Dai Koufun! Mikazuki Jima no Animaru Panikku Dattebayo!,2144
Naruto: The Cross Roads,7367
Peace Maker Kurogane Special,9568
Re:Petit kara Hajimeru Isekai Seikatsu,33569
Seiken no Blacksmith,5940
Sengoku Basara: Judge End,23201
Shin Tenchi Muyou!,538
Silent Mobius,1517
Strait Jacket,3086
Stratos 4 Advance,423
Suki na Mono wa Suki Dakara Shou ga Nai!!,1532
Taiyou no Yuusha Fighbird,4532
Tengen Toppa Gurren Lagann: Ore no Gurren wa Pikka-Pika!!,10622
To Heart 2 Adnext,9005
Youkai Watch,19157
Argento Soma,285
Astroganger,5311
Bakuretsu Tenshi,109
Denpa Kyoushi (TV),29589
El Hazard: The Alternative World,115
Fate/kaleid liner Prisma☆Illya 2wei! Specials,25011
Fireball Charming,10348
FlashBack,13281
Furusato Japan,3367
"Futsuu no Joshikousei ga [Locodol] Yattemita.: Nagarekawa, Annai Shitemita.",25719
Gakuen Heaven: Hamu Hamu Heaven,4353
Hi no Tori 2772: Ai no CosmoZone,2793
Hyakujuu-Ou GoLion,1448
Kashimashi: Girl Meets Girl OVA,1654
Koisuru Tenshi Angelique: Kagayaki no Ashita Special,7333
Mahou Shoujo-tai Arusu the Adventure,3991
Majimoji Rurumo,23945
Majutsushi Orphen: Revenge,1018
Mini Sengoku Basara: Chousokabe-kun to Mouri-kun,7857
Mitsume ga Tooru,5249
Pokemon Best Wishes!: Victini to Kuroki Eiyuu Zekrom,9917
Pokemon the Movie XY: Ring no Choumajin Hoopa,25805
Qin Shiming Yue Zhi: Bai Bu Fei Jian,9806
Recorder to Randoseru,14627
Suteki Tantei Labyrinth,2965
Venus Senki,544
Akakichi no Eleven,2316
Akihabara Dennou-gumi: 2011-nen no Natsuyasumi,2289
Aquarion Movie: Ippatsu Gyakuten-hen,6032
Arashi no Yoru ni: Himitsu no Tomodachi,13029
Asobi ni Iku yo!: Asobi ni Oide,9618
Blade of the Immortal,4151
Chou Denji Robo Combattler V,1068
Crayon Shin-chan Movie 17: Otakebe! Kasukabe Yasei Oukoku,8368
D.C.: Da Capo,62
Dokidoki! Precure Movie: Mana Kekkon!!? Mirai ni Tsunagu Kibou no Dress,17357
Dorami &amp; Doraemons: Space Land&#039;s Critical Event,2645
Dragon Ball Z Movie 01: Ora no Gohan wo Kaese!!,894
Dragon Crisis!,9330
F,6055
Futari wa Precure: Splash☆Star Movie - Tick Tack Kiki Ippatsu!,4124
Fuuma no Kojirou: Fuuma Hanran-hen,4856
Golgo 13,1760
Hanasakeru Seishounen Recaps,6726
Heroman,4334
I My Me! Strawberry Eggs,509
Jigoku Sensei Nube: Kyoufu no Natsu Yasumi! Asashi no Uni no Gensetsu,5296
Kaibutsu-kun,3129
Kasei Yakyoku,4485
Lupin III: Russia yori Ai wo Komete,1420
Mahou Shoujo Pretty Sammy (1996),1502
Mai-Otome Zwei Special,6199
Mazinger Z tai Ankoku Daishougun,4406
Metal Fight Beyblade 4D,10370
Mirai Shounen Conan: Tokubetsu-hen - Kyodaiki Gigant no Fukkatsu,2614
Miyuki,2231
"Onegai☆Teacher: Marie, Ai no Gekijou",7474
Onegai☆Teacher: Reminiscence Disc,14685
Osomatsu-kun (1988),9883
Pokemon Advanced Generation: Nanayo no Negaiboshi Jirachi,1121
Pygmalio,3765
Sengoku Majin Goushougun,2510
Shutsugeki! Machine Robo Rescue,3098
Spirit of Wonder: Shounen Kagaku Club,2420
Tales of Symphonia The Animation: Kaette Kita Kratos-sensei no Private Lesson,8908
Tayutama: Kiss on My Deity,5734
Toaru Kagaku no Railgun: Entenka no Satsuei Model mo Raku Ja Arimasen wa ne.,9063
Tytania,4066
Usavich IV,10513
Ai Yori Aoshi: Yumegatari,6709
Andes Shounen Pepero no Bouken,5104
Bakuretsu Tenshi: Infinity Specials,2212
Bastard!!: Ankoku no Hakaishin,404
Battle Spirits: Burning Soul,27737
Bokusatsu Tenshi Dokuro-chan 2,2131
Devilman Lady,1629
Fuuma no Kojirou: Yasha-hen,4854
Glass no Usagi,3646
Kaitou Joker,24909
Kazoku no Hanashi,21333
Kono Minikuku mo Utsukushii Sekai,146
Koutetsu Tenshi Kurumi,554
Kouya no Yobigoe: Hoero Buck,4074
Meiken Lassie,3425
Mirai Keisatsu Urashiman,2933
Mobile Police Patlabor: WXIII,1290
Ninja Hattori-kun,4936
Pokemon Best Wishes!: Victini to Shiroki Eiyuu Reshiram,10740
Sasami: Mahou Shoujo Club 2,1882
Sasuke,6056
Shinmai Maou no Testament Specials,30464
Super Robot Taisen OG: Divine Wars Special,4075
The Kabocha Wine,3159
Tsukiuta. The Animation,33037
Viewtiful Joe,278
Wonder Beat Scramble,4083
Yuusha ni Narenakatta Ore wa Shibushibu Shuushoku wo Ketsui Shimashita. OVA,20545
.hack//G.U. Returner,2928
Aimai Elegy,13053
Akame ga Kill! Recap,26449
Asobot Senki Gokuu,3193
Bakuretsu Tenshi: Infinity,2205
Bubuki Buranki: Hoshi no Kyojin,33041
Canvas 2: Niji-iro no Sketch,694
Chocotto Sister,1219
Code:Breaker OVA,15633
Crayon Shin-chan Movie 21: Bakauma! B-Kyuu Gourmet Survival Battle!!,17113
"Dakara Boku wa, H ga Dekinai. OVA",14893
Doraemon Movie 35: Nobita no Space Heroes,25383
Fortune Arterial: Akai Yakusoku,8536
Fuuma no Kojirou: Seiken Sensou-hen,4855
Galaxy Angel Specials,13287
Goshuushou-sama Ninomiya-kun,2494
Hanaukyou Maid-tai: La Verite,649
Happiness Charge Precure!,21407
Harlock Saga: Nibelung no Yubiwa,1645
Hitohira,1721
Hyakka Ryouran: Samurai Bride,15377
Jigoku Sensei Nube: Gozen 0 toki Nube Shisu,8228
Kingyo Chuuihou!,727
"Kono Naka ni Hitori, Imouto ga Iru!: Ani, Imouto, Koibito",15609
Kure-nai OVA,8078
Mahou Sensei Negima! Introduction Film,3948
Makai Senki Disgaea: Welcome to Netherworld,6741
Maria†Holic Alive Special,10945
Monster Farm: Enbanseki no Himitsu,1469
Nishi no Yoki Majo: Astraea Testament,942
Ookami Shoujo to Kuro Ouji Recap,29129
Panda Kopanda,2611
Peter Pan no Bouken,1638
RESTART POiNTER,33420
Sekai Meisaku Douwa: Wow! Maerchen Oukoku,7245
Shichinin no Nana,623
Shin Koihime†Musou: Otome Tairan OVA,10297
Tansu Warashi.,10502
Teekyuu 2,18121
Tenshi ni Narumon!,605
Terra e... (TV) Specials,5037
Terra Formars Revenge,31430
To Heart 2 AD Plus,4804
Tokyo Ravens: Kon ga Oshiete Moshi Agemasu! Maru Wakari Tokyo Ravens,23405
Uchuu Kuubo Blue Noah,5763
Vandread: Taidou-hen,1112
Aachi wa Ssipak,2884
Akai Koudan Zillion,2688
Cardfight!! Vanguard G,27815
C³ Special,12505
Corrector Yui,111
Doraemon&#039;s Time Capsule for 2001,2632
Doujin Work,2166
Ganbare! Kickers,3053
Gate Keepers 21,128
Ginga Tetsudou 999: Kimi wa Haha no You ni Aiseru ka!!,6735
Girls Bravo: Second Season,487
GR: Giant Robo,3146
Green Legend Ran,1169
Gregory Horror Show,6069
Highlander: The Search for Vengeance,2178
Idol Densetsu Eriko,2938
Kanon Kazahana,704
Kiddy GiRL-AND Pilot,5859
Kidou Senkan Nadesico: The Prince of Darkness,219
Kyouryuu Daisensou Aizenborg,4073
Mahou Sensei Negima! Anime Final,7135
Mai-HiME: Kuro no Mai/Saigo no Bansan,8062
Makai Senki Disgaea,860
Makiba no Shoujo Katri,3162
Metal Fight Beyblade: Baku,8410
Mobile Suit Gundam F91,88
Monster Farm: Legend e no Michi,13201
Pupipo!,21325
Shinmai Maou no Testament Burst OVA,30365
Shuffle! Prologue,7396
Soukou Kihei Votoms: Big Battle,2584
Uchuu Koukyoushi Maetel: Ginga Tetsudou 999 Gaiden,1377
UFO Princess Valkyrie,1127
Wangpai Yushi,29087
Yoshinaga-san&#039;chi no Gargoyle,965
Amaenaide yo!! Katsu!!,886
Captain Tsubasa: Asu ni Mukatte Hashire!,2120
Dokidoki! Precure,16419
Dragon Ball Z Movie 02: Kono Yo de Ichiban Tsuyoi Yatsu,895
Eat-Man &#039;98,1599
Eyeshield 21: Jump Festa 2005 Special,6418
Fatal Fury 2: The New Battle,1800
Gift: Eternal Rainbow Special,2784
Go! Princess Precure Movie: Go! Go!! Gouka 3-bondate!!!,29868
Gundam Evolve,3288
Happiness!: Watarase Jun no Kareinaru Ichinichi,1902
Hatsumei Boy Kanipan,3689
Hikari to Mizu no Daphne Specials,1898
Isshuukan Friends.: Tomodachi to no Omoide,30376
Magical☆Star Kanon 100%,17725
Master Mosquiton,1805
Mayoi Neko Overrun!,7590
Moon Pride,25375
Overlord: Ple Ple Pleiades (OVA),33372
Panyo Panyo Di Gi Charat,1597
Pokemon Best Wishes! Season 2: Decolora Adventure - Dent to Takeshi! Gyarados no Gekirin!!,20743
Ring ni Kakero 1: Kage Dou-hen,7793
Shakunetsu no Takkyuu Musume,33031
Sonic★the★Hedgehog,2263
Sora no Otoshimono Final: Eternal My Master,12783
Souten no Ken,1541
Starship Troopers: Invasion,14629
Tales of the Abyss Special Fan Disc,8754
Tottemo! Luckyman,3672
Witch Craft Works OVA,22117
Yama no Susume Second Season Specials,27887
Yousei Florence,4943
Blood-C: Special Edition,14117
Blue Drop: Tenshi-tachi no Gikyoku,2964
Captain Tsubasa: Ayaushi! Zen Nihon Jr.,2119
C³,10578
Crayon Shin-chan Movie 14: Densetsu wo Yobu Odore! Amigo!,8366
Di Gi Charat Ohanami Special,1755
Dog Days&#039; Specials,17419
Dragon Drive,296
Dragon Quest: Dai no Daibouken (1991),7435
Eureka Seven AO,12471
eX-Driver,377
Fate/kaleid liner Prisma☆Illya Specials,19109
Harukanaru Toki no Naka de 3: Owarinaki Unmei,7254
Hiiro no Kakera,12461
Ichiban Ushiro no Daimaou Specials,8465
Inaka Isha,3326
Jewelpet Kira☆Deco!,12963
Kamen Rider Den-O: Imagin Anime 2,6297
Kobato.: Hajimete no Kobato.,10098
Koihime†Musou,4262
Mobile Suit Gundam 0083: The Fading Light of Zeon,2695
Night Head Genesis,1243
Okusama ga Seitokaichou!,28819
Okusama ga Seitokaichou! OVA,31980
Oretachi ni Tsubasa wa Nai: Under the Innocent Sky.,9922
Patalliro Saiyuuki!,1035
Pokemon Fushigi no Dungeon: Sora no Tankentai - Toki to Yami wo Meguru Saigo no Bouken,6275
R-15 OVA,10933
Rinne no Lagrange: Kamogawa Days,13727
Senki Zesshou Symphogear GX: Believe in Justice and Hold a Determination to Fist. Specials,32151
Sword Art Online: Sword Art Offline - Extra Edition,21879
Teekyuu 4,26395
Tesagure! Bukatsumono Spin-off Purupurun Sharumu to Asobou,28835
Uta Kata,688
Asobi ni Iku yo!,6166
Break Blade Picture Drama,8648
Concrete Revolutio: Choujin Gensou,31147
Dansai Bunri no Crime Edge,16355
Fantascope: Tylostoma,5802
Freely Tomorrow,22513
Garo: Honoo no Kokuin - Home,32415
Getter Robo G,4486
Ginga Tetsudou 999: Eternal Fantasy,3602
Haunted Junction,646
Hikari to Mizu no Daphne,1082
Hoshizora no Violin,9957
Juusenki L-Gaim,2598
Ladies versus Butlers!,7148
Log Horizon Recap,21235
Love Live! School Idol Project: μ&#039;s →NEXT LoveLive! 2014 - Endless Parade Makuai Drama,25897
Mahoutsukai ni Taisetsu na Koto,273
Mobile Suit Gundam Unicorn: Episode EX - 100 Years of Solitude,24371
Moyashimon: Kin Gekijou Deluxe,3618
Naruto Narutimate Hero 3: Tsuini Gekitotsu! Jounin vs. Genin!! Musabetsu Dairansen taikai Kaisai!!,1074
One Piece: Taose! Kaizoku Ganzack,466
Pokemon: Mewtwo - Kakusei e no Prologue,19099
Popee the Performer,6560
Saijaku Muhai no Bahamut,30749
Senjou no Valkyria: SenVal Theater,7016
Shi Xiong,30412
Sousei no Aquarion Evol,30381
Tales of Symphonia The Animation: Kratos-sensei no Private Lesson,3954
Teekyuu 5,30567
The☆Doraemons: Dokidoki Kikansha Daibakusou!,2633
Tokusou Kihei Dorvack,5143
Tonagura!,1218
Viper&#039;s Creed,5505
Yuusha Raideen,2128
.hack//Unison,1487
12-sai.: Chicchana Mune no Tokimeki 2nd Season,33419
Anime 80-nichikan Sekai Isshuu,2579
Anne no Nikki: Anne Frank Monogatari,12027
Arad Senki: Slap Up Party,4657
Bakuretsu Hunters,495
Bakusou Kyoudai Let&#039;s &amp; Go,2705
Chibi☆Devi!,11457
Cluster Edge Specials,3028
Crayon Shin-chan Movie 20: Arashi wo Yobu! Ora to Uchuu no Princess,12499
Dondon Domeru to Ron,2814
Doraemon and Itchy the Stray,2629
Fireball,4362
Gekitou! Crush Gear Turbo,3012
Genshiken Nidaime Specials,19889
Hiyokoi (2012),15895
Jewelpet Sunshine,10359
Kaze wo Mita Shounen,757
Kikou Senki Dragonar,865
Koukaku no Pandora: Ghost Urn,31930
Mirai Robo Daltanias,4411
Needless Specials,7322
Nisoku Hokou,12659
Persona 4 the Animation: A Brief Lesson on Izanagi &amp; Izanami,25259
Piyoko ni Omakase pyo!,1748
Pokemon: Pikachu no Natsuyasumi,5526
Pretty Rhythm: Aurora Dream - Prism Shougekijou,11911
Puchimas!!: Petit Petit iDOLM@STER - Fuyu→Kotatsu←Haru,23871
Saikyou Ginga Ultimate Zero: Battle Spirits,19825
"Senki Zesshou Symphogear G: In the Distance, That Day, When the Star Became Music... Specials",20843
Sora no Method: Aru Shoujo no Kyuujitsu★,30919
Soukou Kihei Votoms: Pailsen Files the Movie,7536
Spirit of Wonder: China-san Tanpenshuu,6245
Stratos 4 OVA,422
Tailenders,6162
Toaru Kagaku no Railgun S: Daiji na Koto wa Zenbu Sentou ni Osowatta,22759
Yoroiden Samurai Troopers Gaiden,1265
Aikatsu!: Dai Starmiya Ichigo Matsuri Zenyasai!!,28723
Anime Koukyoushi: Jungle Taitei,13047
Attack No.1,1550
Boku no Chikyuu wo Mamotte: Kiniro no Toki Nasarete,10036
Boku wa Tomodachi ga Sukunai Episode 0,10897
Bokusatsu Tenshi Dokuro-chan,357
Choujuu Kishin Dancougar,2255
Chousoku Spinner,2703
Crayon Shin-chan Movie 13: Densetsu wo Yobu Buriburi 3 Pun Dai Shingeki,8365
Cross Fight B-Daman eS,15547
Di Gi Charat,293
Dirty Pair Flash 2,12343
DNA²,563
eX-Driver the Movie,378
Hamatora The Animation: Saishuukai Chokuzen! Mao ga Okuru Soushuuhen Special,23115
Hand Maid May,318
Hand Maid May Special,2217
Itoshi no Muco,30651
Koi to Senkyo to Chocolate: Ikenai Hazuki-sensei,18053
"Kono Naka ni Hitori, Imouto ga Iru!",13367
Konpeki no Kantai,6229
Koutetsu Tenshi Kurumi Encore,557
Majime ni Fumajime Kaiketsu Zorori: Nazo no Otakara Daisakusen,3659
Massugu ni Ikou. 2nd Season,3182
Myself ; Yourself Specials,17585
Nintama Rantarou Movie: Ninjutsu Gakuen Zenin Shutsudou! no Dan,10114
One Piece: Cry Heart,22661
Oyayubi Hime Monogatari,2783
Penguin Musume♥Heart,4136
Ring ni Kakero 1: Nichibei Kessen-hen,1771
Sacred Seven: Shirogane no Tsubasa,11635
Saki Biyori Animation,27709
Sakigake!! Otokojuku Movie,4031
Shakugan no Shana: Friagne to Marianne no Naze Nani Shana! Nandemo Shitsumonbako!,6330
Shiawase Sou no Okojo-san,2934
Soratobu Yuureisen,2811
Spider Riders: Yomigaeru Taiyou,2620
Toriko: Barbarian Ivy wo Hokaku Seyo!,11787
Transformers: Choujin Master Force,924
Turn A Gundam II Movie: Moonlight Butterfly,3964
Yuu☆Yuu☆Hakusho Picture Drama,6964
30-sai no Hoken Taiiku,9624
Aiura,17082
Ashita e Attack!,4339
Astarotte no Omocha! EX,10582
Bakegyamon,2786
Battle Spirits: Shounen Toppa Bashin,5082
Candy Candy (Movie),723
Denkou Chou Tokkyuu Hikarian,8956
Dragon Ball Z Movie 04: Super Saiyajin da Son Gokuu,897
Feeling from Mountain and Water,13755
Gegege no Kitarou (1971),6971
Ginyuu Mokushiroku Meine Liebe Wieder,771
Hareluya II Boy,4211
Hurricane Live! 2033,5036
Ichigo 100%,248
Jikuu Boukenki Zentrix,5129
Koufuku Graffiti,24629
Kyou no Asuka Show,15005
Machine-Doll wa Kizutsukanai Specials,21415
Majin Bone,21835
Mayoi Neko Overrun! Specials,8599
Mizugumo Monmon,4306
Nagagutsu wo Haita Neko no Bouken,4468
Project BLUE Chikyuu SOS,1247
Saki Achiga-hen: Episode of Side-A - Kuro no Tanjoubi,30292
Seishun Anime Zenshuu,4723
Shin Koihime†Musou OVA,7774
Slow Step,2180
Tottoko Hamtarou Movie 1: Ham-Ham Land Daibouken,7329
Tsukumo,14853
Weiß Kreuz,447
Working&#039;!! Announcement Specials,10532
Anime Sanjuushi: Aramis no Bouken,2334
Azuki-chan,1893
Bananya,32664
Cooking Papa,8123
D.C. I&amp;II P.S.P. Re-Animated,9353
Days,24823
Di Gi Charat Natsuyasumi Special,1756
Eiyuu Densetsu: Sora no Kiseki The Animation,10260
Fresh Precure! Movie: Omocha no Kuni wa Himitsu ga Ippai!?,6527
Girls und Panzer: Kore ga Hontou no Anzio-sen Desu! - Fushou - Akiyama Yukari no Sensha Kouza,33658
God Mazinger,5250
Grenadier: Hohoemi no Senshi,297
Hitomi no Naka no Shounen: Juugo Shounen Hyouryuuki,9095
Ikkitousen: Shuugaku Toushi Keppuuroku,11255
Inazuma Eleven Go Recap,12585
Itsuka Tenma no Kuro Usagi,9750
Jack to Mame no Ki,3720
Lady Lady!! (1988),9773
Majokko Tsukune-chan,2457
Nagato Yuki-chan no Shoushitsu: Owarenai Natsuyasumi,30379
Namiuchigiwa no Muromi-san OVA,17855
Naruto: Takigakure no Shitou - Ore ga Eiyuu Dattebayo!,594
Nobunagun,19855
Nurse Angel Ririka SOS,616
Nyanpire The Animation,10197
Omishi Mahou Gekijou: Risky/Safety,1300
Oz no Mahoutsukai (1986),2826
Phantom: Requiem for the Phantom Picture Drama,8705
Pucca,4069
Ranma ½: 1994 Music Calendar,10823
Re-Kan!,25859
Re:Zero kara Hajimeru Break Time,33142
Sengoku Majin Goushougun: Toki no Etranger,2511
Shinkon Gattai Godannar!!,1103
Spoon Oba-san,2612
Stella no Mahou,32555
Tide-Line Blue Special,1001
Toriko 3D: Kaimaku Gourmet Adventure!!,10074
Transformers Victory,926
Ushinawareta Mirai wo Motomete,21845
Vampire Hunter,1952
Witch Craft Works Specials,23487
Yama no Susume,14355
Ai Monogatari: 9 Love Stories,2387
Akuma no Riddle,19429
Araiguma Rascal,2576
Bakusou Kyoudai Let&#039;s &amp; Go!! WGP Bousou Mini Yonku Daitsuiseki,9858
Beet the Vandel Buster Excellion,1123
Black Jack ONA,7229
Crayon Shin-chan Manatsu no Yoru ni Ora Sanjou! Arashi wo Yobu Den-O vs. Shin-O 60-bu Special!!,3853
Da Nao Tiangong,6855
Dan Doh!!,234
Dirty Pair Flash,1802
Doraemon: Featherplace,2635
Fight Ippatsu! Juuden-chan!!,5973
Gad Guard,271
Gyakuten Saiban 6 Prologue,32946
Hanaukyou Maid-tai OVA,797
Hatsukoi Limited: Gentei Shoujo,6882
Hiiro no Kakera: Totsugeki! Tonari no Ikemenzu,16928
Hyakko OVA,6958
IS: Infinite Stratos 2,18247
Jigoku Sensei Nube (Movie),8208
Kaibutsu Oujo (OVA) Specials,26063
Kaiketsu Jouki Tanteidan,2704
Karakuri Kiden: Hiwou Senki,3935
Kimagure Orange☆Road: Soushuuhen Tanabata Special,14059
Kyoukai no Kanata: Mini Theater,20909
Lupin III: Babylon no Ougon Densetsu,1433
Mikagura Gakuen Kumikyoku,28817
Mobile Police Patlabor Reboot,33741
Nurse Witch Komugi-chan Magikarte Z,921
Puka Puka Juju,13173
Sasami: Mahou Shoujo Club,1881
Sayonara Zetsubou Sensei Special Omake,13619
Seikon no Qwaser,6500
"Tari Tari: Kumottari, Kagayaitari, Mata Itsuka Utattari",27419
Teekyuu 7,32228
Tenkai Knights,23067
Tokyo Babylon,1043
Ultra Maniac OVA,179
Yamato yo Towa ni,3069
Yume Senshi Wingman,3021
Ace wo Nerae! 2,314
Amaenaide yo!!: Yasumanaide yo!!,1749
Aru Machi Kado no Monogatari,1497
Astarotte no Omocha!,9736
Azumanga Web Daioh,1593
Bakuten Shoot Beyblade,288
Berserk (2016),32379
Brothers Conflict Special,22745
Candy Candy: Candy no Natsu Yasumi,2802
Chocchan Monogatari,4201
Cross Fight B-Daman,11177
Cyborg 009 VS Devilman,31050
Di Gi Charat Christmas Special,1757
Dragonaut: The Resonance,2795
Emblem Take 2,9837
Fumiko no Kokuhaku,8187
Ginga Tetsudou 999: Kimi wa Senshi no You ni Ikirareru ka?,6733
Happy☆Lesson (TV),260
Hentai Ouji to Warawanai Neko.: Henneko BBS,21541
Houkago no Pleiades (TV),17919
Hurricane Polymar,4808
Ikkitousen: Extravaganza Epoch,26183
Inazuma Eleven Go: TCG CM NG-shuu,16964
Isshuukan Friends. Specials,24821
Kashimashi: Girl Meets Girl,667
Kekkai Sensen: Soresaemo Saitei de Saikou na Hibi,30915
Kitakubu Katsudou Kiroku,18495
Mahou Shoujo Lyrical Nanoha ViVid,25939
Mini Van Special,20999
Mobile Suit Gundam ZZ,86
Mokei Senshi Gunpla Builders Beginning G,9040
Monster Extra,1109
Muumin (1972),8235
Natsu-iro Kiseki: 15-kaime no Natsuyasumi,15431
Night Wizard,2970
Nobunaga the Fool,21177
Pretty Rhythm Movie: All Star Selection - Prism Show☆Best Ten,21707
PriPara Movie: Mi~nna Atsumare! Prism☆Tours,25857
Ray The Animation,919
Recorder to Randoseru Do♪,11491
Ribbon no Kishi,3024
Salad Juu Yuushi Tomatoman,5201
Sekai Seifuku: Bouryaku no Zvezda - Shin Zvezda Daisakusen,23459
Sensei no Ojikan: Doki Doki School Hours,533
Shingeki no Kyojin Picture Drama,19391
Spriggan,420
Star Driver the Movie,12857
Tekken: Blood Vengeance,10702
Tenkuu Senki Shurato: Sousei e no Anto,2114
Tottoko Hamtarou Movie 2: Ham-Ham Hamuuja! Maboroshi no Princess,7330
Transformers Micron Densetsu,1675
Wagaya no Oinari-sama. Specials,5484
Wan Wan Celepoo Soreyuke! Tetsunoshin,4101
Yoroiden Samurai Troopers Kikoutei Densetsu,1266
Yuu☆Yuu☆Hakusho: Mu Mu Hakusho,12455
3-gatsu no Lion meets Bump of Chicken,28789
Bannou Bunka Neko-Musume,373
Choujikuu Seiki Orguss,2089
Chuuzumou,8632
DearS,63
Di Gi Charat Tsuyu Specials,1758
Doraemon: Ganbare! Gian!!,2653
Eyeshield 21: Maboroshi no Golden Bowl,1317
Fate/kaleid liner Prisma☆Illya: Undoukai de Dance!,18851
Fortune Dogs,3355
Full Moon wo Sagashite: Kawaii Kawaii Daibouken,1996
Gakuen Heaven,850
Gift: Eternal Rainbow,1581
Gilgamesh,385
God Eater Prologue,10470
Gregory Horror Show: The Last Train,12483
Harukanaru Toki no Naka de 2: Shiroki Ryuu no Miko,1904
Hyakka Ryouran: Samurai After,25689
Ie Naki Ko (Movie),2831
Ikkitousen: Dragon Destiny Specials,2905
Kanojo ga Flag wo Oraretara OVA,24451
Kujira no Chouyaku,1204
Lemon Angel Project,671
Madan no Ou to Vanadis: Tigre-kun to Vanadi-chu,27857
Magical★Taruruuto-kun,5274
Mahou no Princess Minky Momo: Yume wo Dakishimete,5953
Maken-Ki! OVA,11209
Maze☆Bakunetsu Jikuu (TV),1161
Meiken Jolie,3836
Morita-san wa Mukuchi. 2,11615
Mushi-Uta,2603
Patalliro! Stardust Keikaku,12663
Prince of Tennis: Message in a Bottle,29697
Recorder to Randoseru Mi☆,18099
Redline Pilot,11483
Sakamoto desu ga? Special,33524
Shadow Skill,3005
"The☆Doraemons: Strange, Sweets, Strange?",2628
Tsukuyomi: Moon Phase Special,2580
Uchuu no Kishi Tekkaman Blade OVA: Burning Clock,2299
Uchuu Senkan Yamato 2199: Tsuioku no Koukai,23931
Ys: Tenkuu no Shinden - Adol Christine no Bouken,1277
8-gatsu no Symphony: Shibuya 2002-2003,6670
Afro Samurai Pilot,27939
Ai Tenshi Densetsu Wedding Peach DX,1957
Appleseed,937
Bakuto Sengen Daigander,3271
Bari Bari Densetsu (1987),12745
Gegege no Kitarou (1996),7619
Hashire! Shiroi Ookami,5936
Je T&#039;aime,9001
Kaibutsu-kun (1980),3130
Ketsuekigata-kun!,17731
Kimagure Orange☆Road: Shounen Jump Special,3394
Kinnikuman II Sei: Muscle Ninjin Soudatsu sen! Choujin Daisensou,12279
Kiss Dum: Engage Planet,2106
Konjiki no Gash Bell!!: Hashire Gash!! Ubawareta Umagon,10732
Kyokujitsu no Kantai,6230
Loveless Specials,3057
Lupin III (2015): Italian Game,32321
Mahou no Princess Minky Momo,518
Mamotte Shugogetten!,626
Meiji Tokyo Renka Movie: Yumihari no Serenade,29855
Mirai Nikki (TV): Ura Mirai Nikki,12503
Moero! Top Striker,3438
Nagareboshi Lens,13833
Nichijou: Tanken Nichijou no Machi,10807
Okusama ga Seitokaichou! OVA: Okusama Gekijou,32625
Pokemon Best Wishes! Season 2: Decolora Adventure - Iris vs. Ibuki! Dragon Master e no Michi!!,23299
Pokemon: Pichu to Pikachu,4793
Skull Man,2161
Soreyuke! Uchuu Senkan Yamamoto Yohko (1999),1618
Super Robot Taisen OG The Animation,1544
Teekyuu 6,31440
Tokimeki Memorial: Only Love Specials,3686
Uchuu Senshi Baldios,1737
Absolute Duo,25397
Ai no Gakko Cuore Monogatari,3835
Akame ga Kill! Theater,25241
Amaenaide yo!! Katsu!!: Damasarenaide yo!!,1750
Bayonetta: Bloody Fate,20543
Chirorin Mura Monogatari,9119
Chuunibyou demo Koi ga Shitai!: Depth of Field - Ai to Nikushimi Gekijou,15879
D.C.S.S: Da Capo Second Season Omake,4508
Di Gi Charat: Hoshi no Tabi,1752
Dog Days Recap,29413
Esper Mami,3023
Five Star Stories,2042
Fushigi no Umi no Nadia Specials,3381
Gambo,17679
Ginga Tetsudou 999: Glass no Clair,6653
GS Mikami: Gokuraku Daisakusen!!,3037
Hamelin no Violin Hiki,1325
Happy☆Lesson: Hoka Hoka★Kanna to Futari Kiri,7579
Idaten Jump,1316
Iketeru Futari,637
Jungle Taitei (1989),2556
Juubee Ninpuuchou: Ryuuhougyoku-hen,618
Kakutou Bijin Wulong,913
Kamen Rider Den-O: Imagin Anime,3923
Kanamewo,32287
Kindaichi Shounen no Jikenbo: Shinigami Byouin Satsujin Jiken,21701
Koharu Biyori,3085
Kouchuu Ouja Mushiking: Mori no Tami no Densetsu,4050
Medaka no Gakkou,9519
Megane na Kanojo,9335
Mezzo DSA,222
Occultic;Nine,32962
Oniichan dakedo Ai Sae Areba Kankeinai yo ne!,14199
Ore no Imouto ga Konnani Kawaii Wake ga Nai.: Ore no Imouto ga Konnani Eroge na Wake Nai,23363
Passion,6666
Planetarium Uchuu Kyoudai: Itten no Hikari,17573
Pokemon Best Wishes!,9107
Pokemon Best Wishes! Season 2,14093
"Pokemon Fushigi no Dungeon: Toki no Tankentai, Yami no Tankentai",5256
Pokemon: Bokutachi Pichu Brothers - Party wa Oosawagi! no Maki,6877
Princess Princess Specials,30625
Pyuu to Fuku! Jaguar,17933
Rokujouma no Shinryakusha!?,26019
Seirei Tsukai no Blade Dance Specials,25285
Tamala 2010: A Punk Cat in Space,2033
Toki wa Meguru: Tokyo Station,23439
True Tears Epilogue,8230
Wanwan Sanjuushi,3761
Wellber no Monogatari: Sisters of Wellber,2032
Ai Tenshi Densetsu Wedding Peach,1533
Aoki Hagane no Arpeggio: Ars Nova - Kirikumas,23627
B-Project: Kodou＊Ambitious,33046
Bakuten Shoot Beyblade 2002,1669
Betterman,1136
Chance Triangle Session,2495
Choujikuu Kidan Southern Cross,4503
Crayon Shin-chan Movie 16: Chou Arashi wo Yobu Kinpoko no Yuusha,8367
"Doraemon Movie: Boku, Momotarou no Nanna no Sa",2650
Dragon Quest: Dai no Daibouken Tachiagare!! Aban no Shito,7436
Egao,2953
Eureka Seven: New Order,13731
Gegege no Kitarou (1985),7307
Grendizer: Getter Robo G - Great Mazinger Kessen! Daikaijuu,3481
Highschool of the Dead: Drifters of the Dead,9515
Honoo no Tenkousei,2050
IGPX: Immortal Grand Prix,1409
Ikkitousen: Great Guardians Specials,5333
Jungle Taitei: Susume Leo!,2565
Katte ni Kaizou Specials,12991
Kita e.: Diamond Dust Drops,148
Kuiba: Zhi Shiwanhuoji,16756
Kuusou Kagaku Sekai Gulliver Boy,2980
Lupin III: Green vs. Red,4320
Mahou no Yousei Persia,2039
"Maoyuu Maou Yuusha: Kono Monogatari wa, Daniku dake Dewanai no ja!",17743
Metal Fight Beyblade vs. Taiyou: Shakunetsu no Shinryakusha Sol Blaze,8245
MM! Specials,9581
Nagato Yuki-chan no Shoushitsu,26351
Nanaka 6/17 Special,5865
Nurse Witch Komugi-chan Magikarte,615
Ore wa Teppei,3827
Shamanic Princess,1182
Sora no Method,23209
Sword Art Online II: Sword Art Offline II,28063
Teekyuu,15125
Tetsujin 28-gou: Hakuchuu no Zangetsu,10005
The Hakkenden,1822
Tide-Line Blue,473
Universe,4467
Wooser no Sono Higurashi: Kakusei-hen,20267
Wooser no Sono Higurashi: Mugen-hen,29017
009 Re:Cyborg,11755
Anime de Wakaru Shinryounaika,27911
Baka to Test to Shoukanjuu: Mondai - Christmas ni Tsuite Kotae Nasai,7805
Bari Bari Densetsu,5002
Chikyuu Bouei Kazoku,1962
D.C.III: Da Capo III,14827
Digimon Savers: Agumon! Gaomon! Lalamon! Bakuretsu! Jougai Last Battle!,4712
Dragon Ball Z: Atsumare! Gokuu World,6714
Fate/Zero: Onegai! Einzbern Soudanshitsu,13263
Freedom Previsited,2319
Happy☆Lesson,259
Hikari no Densetsu,2224
Jewelpet,6008
Kurogane Communication,1660
Kyoushirou to Towa no Sora Specials,2911
Mahou no Star Magical Emi,2038
Medarot Damashii,4052
Mobile Suit Gundam AGE: Memory of Eden,17655
Mouryou no Hako Special,6736
Musaigen no Phantom World Special,33075
Nekogami Yaoyorozu: Ohanami Ghostbusters,10936
Nezha Nao Hai,8783
No Game No Life Specials,24991
"Ore, Twintail ni Narimasu.",24705
Otome wa Boku ni Koishiteru Special,2615
Persona: Trinity Soul,3366
SKET Dance: SD Character Flash Anime,16718
Souryuuden,1742
Spider Riders: Oracle no Yuusha-tachi,2619
Tales of Gekijou,12699
Teekyuu 8,33811
The House,17233
Time Bokan Series: Yatterman,3008
Tono to Issho,7591
Umi Monogatari: Anata ga Ite Kureta Koto,6129
Ushinawareta Mirai wo Motomete: Ushinawareta Natsuyasumi wo Motomete,31521
Warau Salesman,3077
Winter Garden,1718
Xiao Qian,315
.hack//Tasogare no Udewa Densetsu,298
Aishite Knight,2221
Akage no Anne: Green Gables e no Michi,8950
Canaan: Minorikawa Report 201X Shanghai,9706
Choujuushin Gravion Zwei,1149
Dog Days&#039;&#039;: Limone Resort Tenbou Onsen!,31851
Doraemon: It&#039;s New Year!,2627
Dragon Ball GT: Goku Gaiden! Yuuki no Akashi wa Suushinchuu,987
E&#039;s Otherwise,236
Fatal Fury: The Motion Picture,504
Gakumon!: Ookami Shoujo wa Kujikenai,23499
Ganso Tensai Bakabon,11268
Ginga Tetsudou 999: Diamond Ring no Kanata e,7285
Girls und Panzer Heartful Tank Disc: Fushou - Akiyama Yukari no Sensha Kouza,29853
Gun Frontier,1706
Hagure Yuusha no Aesthetica: Hajirai Ippai,15729
Hakugei Densetsu,1466
Haou Taikei Ryuu Knight,1848
Hikyou Tanken Fam &amp; Ihrlie,1181
Ikkitousen: Xtreme Xecutor Specials,8507
Jetter Mars,6087
Kemeko Deluxe!,3464
Koihime†Musou OVA,5305
Line Offline: Salaryman,16906
Mach GoGoGo,1445
Mahou no Princess Minky Momo: Yume no Naka no Rondo,2272
Majokko Megu-chan,3388
Mama wa Poyopoyo Saurus ga Osuki,4782
Nanaka 6/17,776
Persona 4 the Golden Animation,24075
Pokemon XY: Hakai no Mayu to Diancie,21569
Pokemon: Ash&#039;s Journey,11073
Princess Tutu Recaps,3265
Ranpo Kitan: Game of Laplace,28619
Seikoku no Dragonar,21033
Shadow Skill (1996),679
Shigofumi Picture Drama,4173
Space Cobra Pilot,5742
Stratos 4,421
Takarajima Memorial: Yuunagi to Yobareta Otoko,11685
Transformers Galaxy Force,928
Utakata Hanabi,12935
Wild Arms: Twilight Venom,347
Yama no Susume: Kabette Kowakunai no?,17341
.hack//Liminality,299
3 Choume no Tama: Uchi no Tama Shirimasenka?,2467
Amazing Nuts!,1998
Bakusou Kyoudai Let&#039;s &amp; Go MAX,2709
Blue Dragon: Tenkai no Shichi Ryuu,4197
Coyote Ragtime Show,1194
Dokonjou Gaeru,5618
Doraemon: It&#039;s Winter!,2641
Doraemon: Treasure of the Shinugumi Mountain,2644
Fluximation,5016
Freezing Specials,10172
Gasaraki,782
Honoo no Mirage,1019
Kanokon,3503
Kanokon: Manatsu no Dai Shanikusai,6791
Ketsuekigata-kun! 2,28207
Koro no Dai Sanpo,6975
Kuro ga Ita Natsu,3866
Love Get Chu,1070
Love Live! x Watering KissMint Collaboration CM,32730
Madou King Granzort: Saigo no Magical Taisen,7090
Pokonyan!,6779
Queen&#039;s Blade: Utsukushiki Toushitachi,8456
Ryuugajou Nanana no Maizoukin (TV) Specials,25117
Sacred Seven,10156
Sasami-san@Ganbaranai,14515
Sensei no Ojikan: Doki Doki School Hours OVA,6068
Shirayuki Hime no Densetsu,3809
Sky Girls OVA,1480
Spirit of Wonder: China-san no Yuuutsu,2419
Superflat Monogram,2290
Tokyo Underground,175
White Album,4720
Wish,1958
.hack//Quantum: Sore ike! Bokura no Chimuchimu-chan!!,10390
Alps Monogatari: Watashi no Annette,2546
Appleseed XIII Remix Movie 1: Yuigon,10689
Ashita Genki ni Nare!: Hanbun no Satsumaimo,17493
Baby Baachan,2732
Blood-C,10490
Buzzer Beater,406
Dagashi Kashi,31636
DNA² OVA,1187
Dr. Slump Movie 02: &quot;Hoyoyo!&quot; Uchuu Daibouken,8546
Element Hunters,5945
Fusha no Sha,7477
Ghost in the Shell: Stand Alone Complex - Tachikoma no Hibi Fan Disc,10949
Ghost in the Shell: The New Movie Virtual Reality Diver,31617
Gokujou!! Mecha Mote Iinchou,6117
Helen Keller Monogatari: Ai to Hikari no Tenshi,6728
Hoshi no Kirby,2390
Hyakka Ryouran: Samurai Girls Specials,9362
Inochi no Chikyuu: Dioxin no Natsu,9495
Juubee-chan: Lovely Gantai no Himitsu,635
Kage kara Mamoru!,590
Kämpfer,6205
KO Seiki Beast Sanjuushi,602
Meitantei Holmes: Aoi Ruby no Maki / Kaitei no Zaihou no Maki,15347
Midori no Makibao,3550
Nekogami Yaoyorozu,9934
Ohayo! Spank,2912
Osomatsu-san Short Film Series,32383
Ougon Bat,3900
Project A-Ko 2: Daitokuji Zaibatsu no Inbou,1296
Queen&#039;s Blade: Gyokuza wo Tsugu Mono,6633
Saber Marionette R,1232
Sasuga no Sarutobi,3806
Shin Ace wo Nerae!,8542
Shin Cutey Honey,2497
Shin Koihime†Musou: Live Revolution,8635
Shounan Bakusouzoku,2463
The Hakkenden: Shin Shou,12715
Time Bokan,3915
Tondemo Senshi Muteking,5833
Tono to Issho: Gantai no Yabou,10324
Toushi Gordian,5022
Tsuyokiss,1198
Usavich Special,6878
Yami to Boushi to Hon no Tabibito,497
Akihabara Dennou-gumi,2288
Alps no Shoujo Heidi: Heidi to Clara-hen,9549
Bakuretsu Hunters OVA,808
Bannou Bunka Neko-Musume Specials,3232
Battle Spirits: Heroes,11017
Blue Seed 1.5,3952
Bomberman B-Daman Bakugaiden,1672
Choujuu Kishin Dancougar: God Bless Dancougar,5266
Chrno Crusade: Az demo Wakaru Chrno Crusade Kouza,4450
Cutey Honey F,1853
Digimon Savers the Movie: Kyuukyoku Power! Burst Mode Hatsudou!!,2606
Dirty Pair Flash 3,12347
Dr. Slump Movie 01: Arale-chan Hello! Fushigi Shima,7666
Dr. Slump Movie 04: Arale-chan Hoyoyo! Nanaba Shiro no Hihou,6028
Dragon Ball GT,225
Dragon Quest: Dai no Daibouken Buchiyabure!! Shinsei 6 Daishougun,7364
Duel Masters Cross,10527
Entaku no Kishi Monogatari: Moero Arthur,4199
Genji Monogatari,3488
Ghost in the Shell: Arise - Another Mission,18989
Golgo 13: Queen Bee,1761
Hanaukyou Maid-tai,403
Harukanaru Toki no Naka de: Hachiyou Shou OVA,1907
Hibike! Euphonium: Suisougaku-bu no Nichijou,31096
Hidamari Sketch: Chou Hidamatsuri Special,20391
Inugami-san to Nekoyama-san,22123
Juushin Liger,4119
K: Missing Kings - Manner Movie,31344
Kamui no Ken,496
M3: Sono Kuroki Hagane,23133
Macross F: Choujikuu Gekijou,10361
Metal Fight Beyblade,5962
Mobile Police Patlabor: MiniPato,2733
Naisho no Tsubomi,3641
Nils no Fushigi na Tabi (Movie),7664
Nobunaga no Shinobi Episode 0,34283
One Pound Gospel,1328
Pokemon: Odoru Pokemon Himitsu Kichi,5529
Sakura Taisen: Ouka Kenran,1165
Seton Doubutsuki: Kuma no Ko Jacky,4514
Telepathy Shoujo Ran,3668
Tentai Senshi Sunred: Short Corner,8314
Tezuka Osamu no Kyuuyaku Seisho Monogatari: In the Beginning,2282
Tottoko Hamtarou OVA 1: Hamtaro no Otanjoubi - Mama wo Tasunete Sanzen Techi Techi,2399
Transformers: Car Robots,2284
Turn A Gundam I Movie: Earth Light,3963
Uchuu Taitei God Sigma,4183
Video Senshi Lezarion,6672
Weiß Kreuz Glühen,446
Yaoguai Mingdan,29089
"Yosuga no Sora: In Solitude, Where We Are Least Alone.",8861
.hack//Intermezzo,1143
Akai Ito,8713
Alien 9,1177
Ashita e Free Kick,3874
Bakuten Shoot Beyblade the Movie: Gekitou!! Takao vs. Daichi,1670
Burn Up Excess,370
Chouyaku Hyakuninisshu: Uta Koi. - Sake to Kikoushi ~ Murasaki Kishikibu to Kintou,16119
Dance with Devils,29976
Galactic Patrol Lensman,2769
Gekiganger 3: The Movie,2067
Ginga Shippuu Sasuraiger,4244
Hakuouki: Otogisoushi,32011
Hikari no Megami,28351
Jagainu-kun,1839
Kero Kero Chime,2074
Kishin Houkou Demonbane (TV),1067
Kurogane no Linebarrels Specials,7540
Kurokami: Intermission,6587
Kyousou Giga (TV) Recaps,20723
Massugu ni Ikou.,1617
Master Mosquiton 99,1806
Natsu-iro no Sunadokei,622
Nijiiro Days OVA,33181
Pokemon: Pika Pika Hoshizora Camp,4795
Puchimas!: Petit iDOLM@STER - Takatsuki Gold Densetsu Special!! Haruka-san Matsuri,18781
Qualidea Code,32360
Sengoku Otome: Momoiro Paradox,10308
Seton Doubutsuki: Risu no Banner,4515
Shakugan no Shana: Friagne to Marianne no Naze Nani Shana! Nandemo Shitsumonbako! 2,14957
Shugo Chara! Party!,7082
Taiho Shichau zo in America,2010
Teekyuu 2 Specials,21201
Tokkou,916
Touka Gettan,2105
Umi Monogatari: Anata ga Ite Kureta Koto - Shinjiau Kokoro,6883
Windaria,1130
Yokuwakaru Gendaimahou 00,6748
Yuusha Exkaiser,3325
Bomberman B-Daman Bakugaiden V,1673
Di Gi Charat Summer Special 2000,1754
Eat-Man,1704
Fushigi Mahou Fun Fun Pharmacy,8503
Gall Force 1: Eternal Story,2060
Grenadier: Hohoemi no Senshi Specials,4361
Hana no Mahoutsukai Mary Bell,2804
Narue no Sekai,840
NG Knight Ramune &amp; 40 DX: Wakuwaku Jikuu - Honoo no Daisousasen,2086
Ojisan to Marshmallow,31848
Onkyo Seimeitai Noiseman,1978
Otogi Juushi Akazukin OVA,402
Pokemon: Meloetta no Kirakira Recital,13799
Pokemon: Pikachu no Fuyuyasumi,4874
Precure All Stars Movie: Haru no Carnival♪ - Ima Koko kara,30103
Puchimas!: Petit iDOLM@STER Episode 0,15781
R-15,10611
Ring ni Kakero 1,23
Romeo no Aoi Sora Specials,23581
Sansha Sanyou Specials,33173
To Heart,472
Trava: Fist Planet,1980
UFO Robo Grendizer: Akai Yuuhi no Taiketsu,7839
Viva Namida,20613
12-sai.: Chicchana Mune no Tokimeki,32601
Akaneiro ni Somaru Saka,4744
Anemone,10516
Atarashii Sekai,6533
Bannou Bunka Neko-Musume (1998),375
Beast Wars Neo,6511
Candy Candy: Haru no Yobigoe,2801
Final Approach,119
Girls Bravo: First Season,241
Girls und Panzer: Nihon Senshadou Renmei News,32511
Glass no Kantai: La Legende du Vent de l&#039;Univers,973
Guitar wo Motta Shounen: Kikaider vs. Inazuman,3190
Joshikousei: Girl&#039;s High,863
Jumping,2211
Jungle Taitei,1572
Karakuri no Kimi,1658
Kämpfer für die Liebe,10076
Kore ga Watashi no Goshujinsama,412
Kyoushirou to Towa no Sora,1810
Maken-Ki!,9936
Miracle☆Train: Oedo-sen e Youkoso,7103
Mori no Densetsu,2456
Morita-san wa Mukuchi,9774
Mouse and His Child,4112
Mushrambo (2008),4961
Parasite Dolls,1350
Psychoarmor Govarian,6428
RDG: Red Data Girl,14921
RESTOL: Special Rescue Team,5636
Rewrite,31716
Seikon no Qwaser II,10073
Soukou Kihei Votoms: Case; Irvine,8248
Star Ocean EX,1005
Street Fighter Zero The Animation,979
Teekyuu 3 Specials,22335
Transformers Headmasters,925
Trouble Chocolate,744
Tsuki no Waltz,6137
Yoroshiku Mechadock,7160
Yume no Hoshi no Button Nose,3812
Yumedamaya Kidan,3003
Amon: Devilman Mokushiroku,2356
Appleseed XIII Remix Movie 2: Yogen,10693
Arata Kangatari,16518
Brave Witches,32866
Busou Shinki Moon Angel,11103
Chargeman Ken!,6383
Comic Party,289
Comic Party Revolution,706
Cosmo Warrior Zero,1676
Cutey Honey,1661
Detonator Orgun,1178
Digimon Xros Wars: Toki wo Kakeru Shounen Hunter-tachi,11385
Fake,365
Ghost in the Shell Arise Episode: [.jp],29255
Ginga Tetsudou no Yoru: Fantasy Railroad in the Stars,7112
Haikyuu!! Quest Picture Drama,31675
Hyakka Ryouran: Samurai Bride Specials,19255
iDOLM@STER Xenoglossia,1694
Inu to Hasami wa Tsukaiyou,17831
Kakumei no Wakaki Sora,23711
Kanokon: Manatsu no Dai Shanikusai Specials,7875
Kizuna Ichigeki,10016
Kojika Monogatari,2568
Kuragehime: Eiyuu Retsuden☆,9754
Kurenai Sanshirou,4439
Kyuukyoku Choujin R,6796
Little Lulu to Chicchai Nakama,3823
Nihonbashi Koukashita R Keikaku,21451
Nurarihyon no Mago: Sennen Makyou Recaps,11083
Nyoro-n Churuya-san,5957
Pokemon Best Wishes! Season 2: Kyurem vs. Seikenshi,12671
Pokemon Ranger: Hikari no Kiseki,8438
Pokemon: Pikachu no Dokidoki Kakurenbo,4794
Puni Puni☆Poemii,564
Sengoku Musou SP: Sanada no Shou,21497
Takara-sagashi,12267
Tetsujin 28-gou,2686
Time Travel Shoujo: Mari Waka to 8-nin no Kagakusha-tachi,33341
Tottoko Hamtarou Movie 3: Ham Ham Grand Prix Aurora Tani no Kiseki - Ribon-chan Kiki Ippatsu!,8108
Umineko no Naku Koro ni Specials,7568
Wakusei Robo Danguard Ace,1986
X/1999,155
X²: Double X,2729
Yatterman,3295
Yu☆Gi☆Oh!: Hikari no Pyramid,1894
Z/X: Ignition,20533
Zettai Muteki Raijin-Oh (1992),2028
.hack//G.U. Trilogy: Parody Mode,4469
Ai to Yuuki no Pig Girl Tonde Buurin,2041
Alps no Shoujo Heidi: Alm no Yama-hen,9548
Amaenaide yo!!,591
Bubblegum Crash,1348
Burenai Ai de,31048
Code Geass: Boukoku no Akito Final - Itoshiki Monotachi e Picture Drama,33360
Comic Party Revolution OVA,5147
Crying Freeman,1153
Doraemon: It&#039;s Spring!,2638
Futatsu no Kurumi,7775
Ginga Tetsudou 999: Jikuu wo Koeta Energy no Tabi,10118
Happy Happy Clover,5276
Hitori no Shita: The Outcast,33421
Honoo no Alpenrose,11101
Interlude,1085
Meme Iroiro Yume no Tabi,3436
Nekojiru Gekijou Jirujiru Original,1062
Nintama Rantarou Movie,2710
Nurarihyon no Mago: Jump Super Anime Tour Special,10886
Pokemon XY&amp;Z: Subete no Nazo wo Tokiakase!,32359
Pucca (2006),6609
RahXephon Specials,5288
Rizelmine,197
Rokka no Yuusha Picture Drama,31593
Ryuuseiki Gakusaver,3735
Samurai Giants,9916
Sengoku Musou,28283
Sexy Commando Gaiden: Sugoiyo!! Masaru-san Specials,1012
Sky Girls Specials,3410
Soukyuu no Fafner: Arcadian Memory,9494
Tottoko Hamtarou Hai!,13679
Wakako-zake,30437
Yuki,8598
Akuma no Riddle: Shousha wa Dare? Nukiuchi Test,24751
Arrow Emblem Grand Prix no Taka,3800
Aru Hi Inu no Kuni kara Tegami ga Kite,31387
Attacker You!,3081
Battle Athletess Daiundoukai,1185
Bus Gamer,3389
Chou Tokkyuu Hikarian,5189
Chouon Senshi Borgman,3035
Crusher Joe (1989),2696
Fight Ippatsu! Juuden-chan!! OVA,21599
Fight Ippatsu! Juuden-chan!! Specials,7744
Fortune Quest L,3185
Ginga Patrol PJ,11307
HenSemi (TV),10187
Honto ni Atta! Reibai Sensei,10338
Koukaku no Pandora,32214
Kujiratori,2895
La Seine no Hoshi,3054
Light Lag,12661
Maicching Machiko-sensei,3391
Maroko,4640
MONSTER GENERATiON,32446
Monster Strike,30757
Mottainai,31144
Ooyasan wa Shishunki!,31621
Ore ga Ojousama Gakkou ni &quot;Shomin Sample&quot; Toshite Gets♥Sareta Ken Specials,31797
Otogi Story Tenshi no Shippo,682
Phantom The Animation,438
Pokemon Best Wishes! Season 2: Shinsoku no Genosect - Mewtwo Kakusei,16680
Pokemon: Pikachu Koori no Daibouken,8709
Pokemon: Pikachu no Fuyuyasumi (2000),10916
Rolling☆Girls,25867
Shounen Hollywood: Holly Stage for 50,27741
Sono Hanabira ni Kuchizuke wo: Reo x Mai Diaries,10384
Super Doll Licca-chan,2766
Take Your Way,18799
Tatakae!! Ramenman,4427
Tensai Bakabon,6468
Tottoi,5535
UFO Robo Grendizer tai Great Mazinger,4387
Yume de Aetara,715
Yuri Seijin Naoko-san (2012),12437
Amagami SS+ Plus Picture Drama,15951
Atama Yama,1370
Baldr Force Exe Resolution,1682
Brave Beats,31573
Busou Shinki OVA,16614
Cheung gong chat hou,9558
Choujin Locke,3522
Dirty Pair no Ooshoubu: Nolandia no Nazo,1794
Dororon Enma-kun Meeramera,9493
Eden&#039;s Bowy,1189
Examurai Sengoku,5883
Fushigiboshi no☆Futagohime Gyu! Recap,29231
Gall Force 2: Destruction,2061
Gekitou! Crush Gear Turbo: Kaizabaan no Chousen,19271
Go-Q-Choji Ikkiman,3433
Hamster Club,9900
HenSemi,8101
Jie Mo Ren,33309
Joou Heika no Petite Angie,3435
Kami nomi zo Shiru Sekai: Natsu-iro Surprise,11583
Kishin Douji Zenki Gaiden: Anki Kitan,5828
Kuma Miko Specials,33118
Mahou Shoujo Lalabel,3878
Mahouka Koukou no Rettousei: Yoku Wakaru Mahouka! Special,31448
Major 2nd,32324
Miss Monochrome: The Animation 3,31560
Mobile Suit Gundam Unicorn: One of Seventy Two,23943
Moetan Specials,4421
Nobunaga no Shinobi,32829
Nono-chan,6625
Norn9: Norn+Nonet,31452
Omoi no Kakera,32190
Pokemon: Pikachu no Wanpaku Island,4910
Pokemon: Pikachu Tankentai,4792
Project A-Ko 4: Final,1298
Redial,17913
Reideen,1693
Ryuugajou Nanana no Maizoukin,13517
Saint Seiya: Legend of Sanctuary,10687
Tesagure! Bukatsumono,19919
To Heart 2,471
Uchuu Kaizoku Mito no Daibouken,2699
Uchuu Senshi Baldios (Movie),4371
Aozora Shoujo-tai,1233
Dallyeola Hani,17092
Danchigai,30127
DD Hokuto no Ken (2013),17705
Denshin Mamotte Shugogetten,660
Dokkiri Doctor,4554
Dynamic Super Robots Soushingekki,12885
Etotama Specials,31070
eX-Driver: Nina &amp; Rei Danger Zone,1733
Fatal Fury: Legend of the Hungry Wolf,1799
Freezing Vibration Specials,21373
Futakoi,125
Futarigurashi,8765
Gakuen Handsome The Animation,30531
Gokujou!! Mecha Mote Iinchou Second Collection,8538
Gokukoku no Brynhildr Special,24695
"Hanayaka Nari, Waga Ichizoku: Kinetograph",14145
Jungle Taitei Movie,20381
Kamen Rider SD Kaiki?! Kumo Otoko,3100
Kikou Kai Galient,5153
Kinkyuu Hasshin Saver Kids,4504
Kyoukai no Kanata: Idol Saiban! Mayoi Nagara mo Kimi wo Sabaku Tami,21241
Last Exile: Ginyoku no Fam Movie - Over the Wishes,31866
Legend of Regios,6368
Miami Guns,783
Mobile Suit SD Gundam&#039;s Counterattack,2306
Muteki Robo Trider G7,4536
Onigamiden,8487
Paul no Miracle Daisakusen,4013
Pokemon: Pikachu no Fuyuyasumi (2001),10917
Project A-Ko 3: Cinderella Rhapsody,1297
Shining Tears X Wind,2031
Sora no Manimani Specials,6885
Tenshi no Shippo Chu!,684
Tezuka Osamu Monogatari: Boku wa Son Gokuu,9531
Tokyo ESP,21353
Trickster: Edogawa Ranpo &quot;Shounen Tanteidan&quot; yori,33377
Wakakusa no Yon Shimai,4132
Yume de Aetara (TV),718
Amagi Brilliant Park: Wakuwaku Mini Theater - Rakugaki Backstage,30056
Baby Princess 3D Paradise 0 [Love],10196
Beautiful World,32311
Blossom,13253
Doraemon: It&#039;s Summer!,2640
Fudanshi Koukou Seikatsu,33222
Futari wa Precure: Splash☆Star Maji★Doki♥ Theater,26053
Gakkou no Kowai Uwasa: Hanako-san ga Kita!!,6472
Gall Force 3: Stardust War,2062
Ghiblies,2617
Girls und Panzer Heartful Tank Disc Picture Drama,23137
Gundam Neo Experience 0087: Green Divers,8839
Hamelin no Violin Hiki: The Movie,2207
Inugami-san to Nekoyama-san Special,25861
Joker Game: Kuroneko Yoru no Bouken,33129
Joshikousei: Girl&#039;s High Specials,6657
Kagaku Ninja-tai Gatchaman F,6375
Kinnikuman (1984),3273
Kiteretsu Daihyakka,6509
Konjiki no Gash Bell!!: Ougon no Chichi wo Motsu Otoko,7430
Morita-san wa Mukuchi.,10671
Nozo x Kimi,24175
Nozoki Ana,17157
PetoPeto-san,612
Pokemon Fushigi no Dungeon: Shutsudou Pokemon Kyuujotai Ganbaruzu!,2842
Rokumon Tengai Mon Colle Knights,4962
Ryoutei no Aji,30088
Saru Getchu: On Air 2nd,8900
Shin Megami Tensei Devil Children,4067
Shuffle! Memories,1836
Sonic: Night of the WereHog,5583
Taiyou no Ouji: Horus no Daibouken,1044
Terra e...,2560
Tetsuko no Tabi,2552
Triage X: Recollection XOXO,30250
Upotte!!,12317
Ys,1276
Arc the Lad,55
Arslan Senki (TV) Specials,30953
ChäoS;HEAd,4975
Chibi Kero: Kerobouru no Himitsu!?,5449
Detective Conan: Nazo no Suisei Kaijuu wo Oe!,33145
Dimension W Special,33069
Doku Tenshi no Shippo,2485
Doubutsu Takarajima,3842
Fushigi na Melmo,5476
Hai to Gensou no Grimgar Special,32561
I&#039;&#039;s Pure Bonus,1235
Ikkitousen,257
Jewelpet Magical Change,30030
K-On!!: Ura-On!!,9203
Kami nomi zo Shiru Sekai: Nonstop!! Hunters,11507
Kaze no Na wa Amnesia,1793
Kira Kira 5th Anniversary Live Anime: Kick Start Generation,15279
Kokoro Toshokan,799
"Kyou, Koi wo Hajimemasu",8560
Leopard Eyes,32031
Lupin III: Pilot Film,5225
Morita-san wa Mukuchi. Specials,12921
Nezumi Monogatari: George to Gerald no Bouken,9789
Ore no Imouto ga Konnani Kawaii Wake ga Nai. Specials,18857
Palme no Ki,1141
Rokudenashi Blues,9077
Saiyuuki,4481
Sensou no Tsukurikata,32728
Shin Megami Tensei Devil Children: Light &amp; Dark,4068
Shin Minashigo Hutch,8139
Shiritsu Araiso Koutougakkou Seitokai Shikkoubu,425
Shukufuku no Campanella: La Campanella Della Benedizione,9924
Sojunghan Nal-ui Kkum,10723
Sukitte Ii na yo.: Mei and Marshmallow,17409
The☆Doraemons: Mushimushi Pyonpyon Daisakusen!,2626
Tooi Sekai,2210
Usavich V,16347
Utawarerumono Recaps,6226
Ace wo Nerae!: Final Stage,312
Bakuon!!,30795
Black Jack: Heian Sento,10055
Chikyuu Bouei Kazoku Special,6579
Code Geass: Soubou no Oz Picture Drama,17277
Dance in the Vampire Bund Recap,8211
Disney Tsum Tsum,28921
eX-Driver the Movie Specials,12351
Madou King Granzort: Bouken-hen,7124
Meitantei Holmes: Mrs. Hudson Hitojichi Jiken no Maki / Dover Kaikyou no Daikuuchuusen no Maki,20441
Miss Monochrome: The Animation 2,30384
Nanami-chan 2nd Series,4314
Ore-sama Kingdom,9943
Persona 4 the Golden Animation: Thank you Mr. Accomplice,26359
Pokemon Best Wishes! Season 2: Decolora Adventure,17873
Pokemon: Pikachu no Fushigi na Fushigi na Daibouken,11069
Sakura Taisen: Ecole de Paris,1964
Seikimatsu Occult Gakuin Specials,9220
Sengoku Basara Movie: 4-Koma Gekijou - Another Last Party,18549
Shin Koihime†Musou OVA Omake,15095
Shin Koihime†Musou: Otome Tairan OVA Omake,15015
Sore Ike! Anpanman,1960
To Be Hero,34009
Utawarerumono: Itsuwari no Kamen Specials,33208
Yozakura Quartet: Yoza-Quar!,20987
Zettai Karen Children Recap,5849
Amnesia OVA,20655
Android Ana Maico 2010,810
Blue Seed 2,999
Chou Supercar Gattiger,9881
Computer Kakumei: Saikyou x Saisoku no Zunou Tanjou,14317
"Dakara Boku wa, H ga Dekinai. Recap",15325
Gokinjo Monogatari the Movie,7578
Hello Kitty no Cinderella,9291
Hi☆sCoool! SeHa Girls,23787
Hyakka Ryouran: Samurai After Specials,30237
"Jinrui wa Suitai Shimashita: Ningen-san no, Yousei-san Memo",16101
Kinnikuman: Kessen! Shichinin no Seigi Choujin vs. Uchuu Nobushi,3280
Konchuu Monogatari Minashigo Hutch (1989),8140
Koutetsu Sangokushi Special,8304
Love Live! Kouhaku Special Anime,32481
Macross 25th Anniversary: All That VF Macross F Version,5165
Mai-Otome Special: Otome no Inori,8518
Mission-E,4209
Mobile Suit Gundam AGE,10808
Neko Machi,6270
Oneechan ga Kita Special,23427
Prism Ark,1807
Pucca (2008),10810
Ro-Kyu-Bu! SS Recap,20155
Rokudenashi Blues 1993,9078
Saint October,1724
Shakugan no Shana: Shana &amp; Yuuji no Naze Nani Shana! Nandemo Shitsumon-bako!,17551
Shin Hikari Shinwa: Palutena no Kagami,13251
Softenni,10109
Sono Hanabira ni Kuchizuke wo: Risa x Miya Gekijou,22785
Soukou Kihei Votoms: Vol.1 Stories of the &#039;A.T. Votoms&#039;,12439
Stella Jogakuin Koutou-ka C³-bu,17821
Street Fighter Alpha: Generations,950
Taichi Senjimon,7522
Tottoko Hamtarou Movie 4: Hamtaro to Fushigi no Oni no Emon Tou,8109
Tottoko Hamtarou OVA 3: Hamuchanzu to Niji no Kuni no Oujisama - Sekai de Ichiban no Takaramono,8965
Yadosagashi,3570
Yoru no Yatterman,28155
12-sai.,23579
Anata wo Zutto Aishiteru,29863
Argento Soma Special,1789
Atashin&#039;chi Movie,9795
Avengers Confidential: Black Widow to Punisher,25457
Bakusou Kyoudai Let&#039;s &amp; Go Special,9857
Boys Be...,105
Catman Series III,4383
Chiisana Viking Vickie,2836
Chou Kuse ni Narisou,2771
Chousoku Henkei Gyrozetter,14989
Cyborg 009: Chou Ginga Densetsu,7336
Doraemon: It&#039;s Autumn!,2637
Gakkatsu!,13139
Gatchaman,3154
Girls und Panzer: Shoukai Shimasu!,16199
Go! Go! Itsutsugo Land,3776
Hacka Doll The Animation,30721
Himeyuri,20469
Jinsei,23121
L/R: Licensed by Royal,1456
Luger Code 1951,31598
Machikado no Märchen,11221
Macross 25th Anniversary: All That VF Macross Zero Version,5164
Metal Fight Beyblade Zero G,13231
Miyakawa-ke no Kuufuku,17637
Monster Musume no Iru Nichijou: Hobo Mainichi ◯◯! Namappoi Douga,31121
Ningyo,2047
Nurse Witch Komugi-chan Magikarte Special,920
Pika Don,7117
"Pokemon: Pikachu, Kore Nan no Kagi?",21571
Rockman Hoshi ni Negai wo,1854
Saint Seiya Omega,12929
Sakura Taisen: Le Nouveau Paris,562
Senran Kagura: Estival Versus - Shoujo-tachi no Sentaku,27967
Shenmue: The Movie,4524
Strange Dawn,171
Tantei Opera Milky Holmes: Alternative,14647
Umi no Triton,2718
Utopia,21103
Zoids Fuzors,1746
Active Raid: Kidou Kyoushuushitsu Dai Hachi Gakari 2nd,32301
Anmitsu Hime,6093
Babel Nisei (1973),1666
Break Blade: Virgins War,30573
Brothers Conflict,15605
Card Wang: Mix Master,7395
Chi&#039;s Sweet Home (2016),33240
Chogattai Majutsu Robot Ginguiser,8375
Crush Gear Nitro,7048
Densetsu no Yuusha no Densetsu: Iris Report,9690
Eiga de Toujou! Tamagotchi Dokidoki! Uchuu no Maigotchi!?,6518
Future GPX Cyber Formula: Early Days Renewal,1396
Genji Tsuushin Agedama,8215
Hengen Taima Yakou Karura Mau! Sendai Kokeshi Enka,2073
Higurashi no Naku Koro ni Kira,10491
Himawari!!,1988
Honey Honey no Suteki na Bouken,3873
Juusenshi Gulkeeva,3099
Kagaku Ninja-tai Gatchaman II,6374
Kamen Rider Den-O: Imagin Anime 3,10202
Kanojo ga Flag wo Oraretara,19685
Kanokon Specials,4760
Kikou Kantai Dairugger XV,3609
Kinnikuman II Sei: Second Generations,6310
Koi Tsubomi,7295
Maeterlinck no Aoi Tori: Tyltyl Mytyl no Bouken Ryokou,3876
Mahou no Tenshi Creamy Mami: Eien no Once More,2045
Midnight Eye: Gokuu,1879
Miyanishi Tatsuya Gekijou: Omae Umasou da na,9395
Monster Strike: Rain of Memories,34475
Nanami-chan 3rd Series,4316
Neko Neko Fantasia,8496
Onegai♪My Melody Kirara★,5938
Otogi Story Tenshi no Shippo Specials,683
Pokemon: Pikachu no Kirakira Daisousaku!,6555
Pokemon: Pikachu no Summer Bridge Story,11853
Precure All Stars Movie: Haru no Carnival♪,28511
Sekai Meisaku Douwa: Aladdin to Mahou no Lamp,3757
Sister Princess,836
SMAnime,9421
Sukeban Deka,2726
Teekyuu 4 Specials,31608
Tegami: Haikei Juugo no Kimi e,8603
The iDOLM@STER Cinderella Girls: Special Program,30218
Tori no Uta,5819
Upotte!! OVA,14173
Weekender Girl,19081
Yamato Takeru: After War,9376
Yokuwakaru Gendaimahou,5454
Yu☆Gi☆Oh! Zexal,10015
Boku wa Imouto ni Koi wo Suru,819
Cheburashka Arere?,7176
Chinmoku no Kantai,2881
Domo TV,8815
Eine Kleine,30907
Gakkou no Kaidan (OVA),22053
Galaxy Angel Rune,1600
Geobreeders 2: Mouryou Yuugekitai File-XX Ransen Toppa,1159
Ginga Reppuu Baxingar,4242
Kouya no Shounen Isamu,4597
Kudan,8332
Kuusen Madoushi Kouhosei no Kyoukan,25283
Mizuiro (2003),1039
Muu no Hakugei,4933
Nameko-ke no Ichizoku,20539
Neo Ranga,1163
Ningyohime Marina no Bouken,3194
Pokemon: Pikachu no Obake Carnival,5844
Pokemon: Pikachu Tanken Club,7550
Pokemon: Senritsu no Mirage Pokemon,1527
Power Stone,163
Ragnarök the Animation,417
Saiyuuki: Son Gokuu Monogatari,7496
Takamiya Nasuno Desu!: Teekyuu Spin-off,28861
Tayutayu: Pure My Heart,6705
To Heart: Remember My Memories,685
Twilight Q,1981
Winter Sonata Episode 0,7377
Yume Tsukai,943
Yuugen Kaisha,599
Bakukyuu Renpatsu! Super Bedaman,2702
Cookin&#039; Idol Ai! Mai! Main!,6119
Coppelion,9479
Doraemon: Nobita to Mirai Note,16702
Dr. Slump Movie 07: Arale-chan N-cha! Penguin Mura yori Ai wo Komete,7157
Feng Yun Jue,5496
Fuusen Shoujo Temple-chan,2809
Garakuta-doori no Stain: Epilogue,12497
Getsuyoubi no Tawawa,34213
Gifuu Doudou!!: Kanetsugu to Keiji,18771
Happiness!,1570
Koi☆Sento,9333
Last Exile: Ginyoku no Fam Recaps,12429
Maetel Legend,1495
Mashin Eiyuuden Wataru: Owarinaki Toki no Monogatari,7601
Minky Momo in Tabidachi no Eki,6492
Moetan,2367
Mori no Youki na Kobito-tachi: Belfy to Lillibit,3810
Nangoku Shounen Papuwa-kun,2503
Ninja Slayer From Animation,23605
Panda no Daibouken,3758
Panda-Z: The Robonimation,2234
Panty &amp; Stocking in Sanitarybox,10739
Pokemon XY SP: Road to Kalos,21695
Pokemon XY: New Year&#039;s Eve 2014 Super Mega Special,29419
Rinne no Lagrange: Kamogawa Memoria,14675
SD Gundam Sangokuden Brave Battle Warriors,8287
Seikon no Qwaser: Jotei no Shouzou,9202
Shirogane no Ishi: Argevollen,23325
Sword Art Online II: Debriefing,27891
Time Bokan Series: Yattodetaman,4154
Tondera House no Daibouken,3075
VitaminX Addiction,10595
Vividred Operation,14283
Wakakusa Monogatari,4991
Walkure Romanze,19151
Yodaka no Hoshi,22249
Akaneiro ni Somaru Saka: Hardcore,5772
Akuu Daisakusen Srungle,6452
Aru Tabibito no Nikki Specials,3401
Asari-chan,6629
Beast Wars Second Chou Seimeitai Transformers,5070
Binzume Yousei,348
Blue Dragon,2142
Chocolate Underground: Bokura no Chocolate Sensou,5238
Daishizen no Majuu: Bagi,2312
Devilman,2252
Follow Me,21041
Futari Ecchi,382
Genshi Shounen Ryuu,1537
Get Ride! AMDriver,1574
Gundam Build Fighters Specials,27907
Juusen Battle Monsuno,13185
Kabatotto,3683
Ketsuekigata-kun! 3,31566
Ketsuekigata-kun! 4,32274
Larva,31534
Lupin the Third,9035
Mashiro-iro Symphony: The Color of Lovers Picture Drama,13757
Megami Kouhosei,888
Minami no Shima no Dera-chan,23399
Monkey Turn,2740
Naruto: Akaki Yotsuba no Clover wo Sagase,761
Neko Ramen,3535
Peut-etre Toi,4890
Pokemon Fushigi no Dungeon: Magnagate to Mugendai Meikyu,31911
Robot Girls Z,19799
Rozen Maiden: Meitantei Kunkun - Duell Walzer,2237
Sakura Taisen: Katsudou Shashin,608
Saru Getchu: On Air,1872
Sentimental Journey,677
Soukou Kihei Votoms: Vol.2 Highlights of the &#039;A.T. Votoms&#039;,12441
Souten no Ken Specials,3864
Tactical Roar,817
Tottoko Hamtarou OVA 4: Hamuchanzu no Mezase! Hamuhamu Kin Medal - Hashire! Hashire! Daisakusen,8966
Twin Signal: Family Game,1900
Uchuu no Kishi Tekkaman,1458
Under the Dog,27387
Venus Versus Virus,1607
Angelique: Seichi yori Ai wo Komete,2535
Animation Kikou: Marco Polo no Bouken,5935
Bannou Bunka Neko-Musume DASH!,374
BlazBlue: Alter Memory Specials,32502
Bobobo-bo Bo-bobo Recap,30143
Chikyuu ga Ugoita Hi,2915
Code Geass: Nunnally in Wonderland,12685
Comic Party Specials,707
Cosmo Warrior Zero Gaiden,1677
Dr. Slump Movie 09: Arale-chan N-cha!! Wakuwaku Hot no Natsuyasumi,7158
Ginyuu Mokushiroku Meine Liebe,336
Hana yori Dango (Movie),2071
Houkago Midnighters,13935
Kagaku Kyuujo-tai TechnoVoyager,3969
Kagaku Ninja-tai Gatchaman (Movie),3153
Kagewani,30524
Kagewani: Shou,32682
Kinnikuman: Ooabare! Seigi Choujin,3274
Kuromajo-san ga Tooru!!,13159
Mahou no Angel Sweet Mint,2040
Mass Effect: Paragon Lost,13239
Obake no Q-tarou (1985),7981
Oneechan ga Kita,20931
Parasol Henbei,7605
"Saikin, Imouto no Yousu ga Chotto Okashiinda ga. OVA",21679
Sengoku Collection,12611
Senran Kagura Specials,17345
Shin-Men,9799
Shinryaku! Ika Musume: Ika Ice Tabena-ika?,10849
Shinryaku! Ika Musume: Kore ga Umi e no Ai Jana-ika!,15453
Sonic X,1816
Suhoyojeong Michel,4801
Tanpen Unico: Kuroi Kumo to Shiroi Hane,2428
Tiger Mask Fuku Men League Sen,18063
Tottoko Hamtarou OVA 2: Hamuchanzu no Takara Sagashi Daisaku - Hamuha! Suteki na Umi no Natsuyasumi,8949
Yami Shibai 2nd Season,22537
Yuukan Club,3778
Angelique,2534
Casshern: Robot Hunter,1598
Chiisana Kyojin Microman,3114
Chou Dendou Robo Tetsujin 28-gou FX,10319
Gall Force: Chikyuu Shou,2064
Genei wo Kakeru Taiyou,17651
Gokuu no Daibouken,2687
Groizer X,5131
Hakushaku to Yousei Specials,7083
Hoero! Bun Bun,4511
Huckleberry Finn Monogatari,4800
Human Crossing,1083
Hundred,31338
Kochira Katsushikaku Kameari Kouenmae Hashutsujo,3546
Lily to Kaeru to (Otouto),10207
Magikano,576
Mahou Yuugi 2D,2277
Mahoutsukai Sally 2,3875
Mazinger Z tai Dr. Hell,4388
Me gumi no Daigo: Kajiba no Baka Yarou,3147
Miss Monochrome: The Animation,20033
Next A-Class,16331
Nijiiro Days: Houkago Special,33102
Rhea Gall Force,2063
The Ultraman,3444
Tiger Mask (Movie),18061
Tondemo Nezumi Daikatsuyaku,5272
Tsubasa to Hotaru (2015),30196
Tsuru ni Notte: Tomoko no Bouken,5917
Watashi to Watashi: Futari no Lotte,3691
Yadamon,2806
Yonimo Osoroshii Grimm Douwa,4085
Aisubeki Mirai e,7659
Appleseed XIII,9737
Black Magic M-66,1270
Blassreiter: Navi,5539
Chameleon,5353
Code-E,2564
Demashita! Powerpuff Girls Z,1221
Fastening Days,28205
Fushigi no Kuni no Alice,2572
Ginga Hyouryuu Vifam: Keito no Kioku - Namida no Dakkai Sakusen,9390
Harukanaru Toki no Naka de: Hachiyou Shou Specials,1905
Hello Harinezumi: Satsui no Ryoubun,4756
I&#039;ll/CKBC,359
Itsuka Tenma no Kuro Usagi Special,13137
Just Awake,22049
Kigyou Senshi Arslan,32412
Kita e.: Diamond Dust Drops Special,7571
Kite Liberator,3323
Komadori Eiga: Komaneko,7547
Mahou Shoujo Madoka★Magica Movie 3: Hangyaku no Monogatari - Magica Quartet x Nisioisin,23831
Mega Man,5265
Mini Hama: Minimum Hamatora,30291
Mobile Suit SD Gundam Mk I,2302
My Life,16690
Oretachi ni Tsubasa wa Nai: Hadairo Ritsu Kyuuwari Zou!?,10547
Pia Carrot e Youkoso!! 2 DX,215
Pokemon: Pikachu no Natsumatsuri,5845
Queen&#039;s Blade OVA,10924
Renkyori Enai,13153
Rokushin Gattai GodMars,3399
Sakura Taisen: Sumire,1999
Sekai Meisaku Douwa: Oyayubi Hime,3755
Soukou Kihei Votoms Recaps,12337
Tanken Driland,14333
The iDOLM@STER Million Live! &quot;Dreaming!&quot; Animation PV,31894
TO,7279
To Heart 2 Special,1624
Torajima no Miime,9344
Umi no Triton (1979),7626
Utawarerumono OVA Picture Drama,6743
Wolf Daddy,4099
Yasashii March: The Tender March,17010
Youjuu Toshi,1107
Yurumates 3D Plus,14693
.hack//Versus: The Thanatos Report,15219
Ajin Senshi,17325
Cinnamon the Movie,5848
Fushigi na Koala Blinky,1333
Gakkatsu! 2nd Season,17147
Gangsta. Recap,31561
Hidamari Sketch x 365 Recap,28913
High School! Kimengumi (Movie),5956
Kyoto Animation: Megane-hen,17813
Kyoukaisenjou no Horizon Specials,22113
Mahou Shoujo Pretty Sammy,1918
Mahoutsukai Tai! vs. Shamanic Princess,5466
Mutsugo to Ouma no Monogatari,34239
Natsu e no Tobira,2621
One Off,13283
Red Garden: Dead Girls,2267
Sakura Taisen: New York,2168
Shinshaku Sengoku Eiyuu Densetsu: Sanada Juu Yuushi The Animation,988
Silent Mobius: The Motion Picture,2099
Suki na Mono wa Suki Dakara Shou ga Nai!!: Onsen ni Ikou!,32684
Tetsuwan Atom: Uchuu no Yuusha,10342
Time Bokan Series: Time Patroltai Otasukeman,8553
Trigger-chan,33934
X-Men,6919
Yawaraka Sangokushi Tsukisase!! Ryofuko-chan,3417
Arslan Senki (TV): Dakkan no Yaiba,31128
Ashita no Joe Pilots,19973
Ashita Tenki ni Naare,3131
Ayakashi,3166
Bad Boys,6096
Bakugan Battle Brawlers: New Vestroia,5337
Black Jack: Karte NG Extras,18669
Bronze: Kouji Nanjo Cathexis,3007
Burn Up! W,769
Captain Earth,21677
Choujin Sentai Baratack,6970
Choujuu Kishin Dancougar: Ushinawareta Monotachi e no Requiem,2256
Choujuushin Gravion,833
Classroom☆Crisis Special,31530
Duel Masters Cross Shock,10528
Ebiten: Kouritsu Ebisugawa Koukou Tenmonbu OVA,14889
Escha &amp; Logy no Atelier: Tasogare no Sora no Renkinjutsushi,21167
Final Fantasy: The Spirits Within,1361
Gag Manga Biyori: Jump Festa 2002 Special,10262
Galilei Donna,19367
HaruChika: Haruta to Chika wa Seishun suru,30895
Hidamari Sketch x ☆☆☆ Recap,28915
Juusenki L-Gaim III: Full Metal Soldier,2601
Kara no Kyoukai: Manner Movies,23697
Kiniro no Corda: Blue♪Sky,20971
Mobile Suit SD Gundam Mk II,2303
Ninja Hattori-kun (2012),18845
Phantasy Star Online 2 The Animation,31223
Pure-tou no Nakama-tachi,3201
Queen&#039;s Blade: Rebellion,11859
RahXephon Interlude: Her and Herself/Thatness and Thereness,559
Sanctuary,2698
Seikimatsu★Darling,1217
Shichinin no Nana: Oshougatsu Da yo! 7 x 7 = 49-nin no Nana?,22361
Shin Mashin Eiyuuden Wataru Majinzan,9403
The SoulTaker: Tamashii-gari,1048
Toshi wo Totta Wani,4475
Wanpaku Ouji no Orochi Taiji,3905
Yagami-kun no Katei no Jijou,4537
Yoshinaga-san&#039;chi no Gargoyle Specials,2464
Yurumates,6148
11eyes,6682
A-Ko The Versus,1295
Akage no Anne Specials,23583
Arata naru Sekai: World&#039;s/Start/Load/End,14373
Attack No.1: Namida no Sekai Senshuken,9166
Boukensha: The Man Was from Spain,3132
Catman Series II,4418
D.C.III: Da Capo III Special,17020
Daisuki! Hello Kitty,3202
Di Gi Charat: Kuchi Kara Bazooka,1753
Dorami-chan: Mini-Dora SOS!!!,2647
Fabre-sensei wa Meitantei,5088
Geneshaft,909
Geobreeders: File-X Chibi Neko Dakkan,1158
Guskou Budori no Denki,8450
"Gyakuten Saiban: Sono &quot;Shinjitsu&quot;, Igi Ari!",31630
Haou Daikei Ryuu Knight: Adeu Legend Final,1851
Happy Seven: The TV Manga,1193
Himesama Goyoujin,1884
Himitsu no Akko-chan,3285
Jigokudou Reikai Tsuushin,9824
Kyoushoku Soukou Guyver,2293
Magnerobo Ga-Keen,3932
Mahou no Tenshi Creamy Mami: Long Goodbye,2046
Mahoutsukai Sally,3356
Miyamoto Musashi: Souken ni Haseru Yume,5386
Nana Toshi Monogatari: Hokkyokukai Sensen,4617
Nuwa Chengzhang Riji,33038
Onboro Film,2550
Penguin Musume♥Heart Special,5056
Pokemon XY: New Year Special,21703
Pokemon: Utae Meloetta - Rinka no Mi wo Sagase!,14935
Recorder to Randoseru Mi☆ Special,24935
Shouwa Monogatari (Movie),10013
Sketchbook: Full Color&#039;s Picture Drama,6251
Space Fantasia 2001 Nights,1662
Space☆Dandy 2nd Season Picture Drama,30246
Zetsumetsu Kigu Shoujo: Amazing Twins,19953
Zou no Senaka: Tabidatsu Hi,27405
Ajimu: Kaigan Monogatari,1734
B-Densetsu! Battle Bedaman Enkon,4667
Black Jack: Dr. Pinoko no Mori no Bouken,4070
Buta,13169
Cluster Edge,69
Dog Days&#039;&#039;: Gravure Talk,31967
Dr. Slump Movie 06: Arale-chan N-cha! Penguin Mura wa Hare Nochi Hare,7816
Gegege no Kitarou: Nippon Bakuretsu,8145
Ghost in the Shell: Arise - Logicoma Specials,21575
Haou Taikei Ryuu Knight: Adeu Legend,1849
Little El Cid no Bouken,5600
Lupin III: Secret File,1428
Machine Robo: Revenge of Chronos,3676
Mahou no Mako-chan,4113
Manga Nippon Mukashibanashi (1976),6277
Marie &amp; Gali,6130
Nanako SOS,3619
NG Knight Ramune &amp; 40 EX: Biku Biku Triangle Ai no Arashi Daisakusen,2085
Nozomi Witches,2052
Ojarumaru,4459
Ozanari Dungeon: Kaze no Tou,3065
Queen&#039;s Blade: Grimoire,30679
Robot Girls Z Specials,24763
Saint Beast: Kouin Jojishi Tenshi Tan,2153
Seikima II Humane Society: Jinrui Ai ni Michita Shakai,8745
Senran Kagura,15119
Shakugan no Shana: Naze Nani Shana! Nandemo Shitsumonbako! Special,28603
Sousei no Aquarion Special,16415
Stratos 4: Logbook,1903
Super Street Fighter IV,8026
Tentou Mushi no Uta,6397
The☆Doraemons: Goal! Goal! Goal!!,2631
Track City,12361
Uchuu no Kishi Tekkaman Blade II,1460
Wonder Garden,20965
Yotsunoha,3011
AD Police,1346
Ai no Wakakusa Monogatari Specials,15607
Bubuki Buranki,32023
Dr. Slump Movie 05: Arale-chan Hoyoyo! Yume no Miyako Mechapolis,8547
Heroman Specials,9121
King of Fighters: Another Day,825
Kishin Heidan,3061
Koihime†Musou OVA Omake,15093
Macross II: Lovers Again,1262
Madonna,3482
Makyou Densetsu Acrobunch,3880
Maze☆Bakunetsu Jikuu: Hot Springs,3884
Memory (ONA),8743
Ookamikakushi,7079
Ookii 1 Nensei to Chiisana 2 Nensei,20907
Pokemon XY: Odemashi Ko Majin Hoopa,31168
Rail Wars!,23309
Robotan (1986),5223
Shin Mitsubachi Maya no Bouken,8373
Sol Bianca,1443
Sore ga Seiyuu!: Petit Uchiage,32993
Soreyuke! Uchuu Senkan Yamamoto Yohko II,1671
Tantei Kageki Milky Holmes TD,27629
To Heart Omake,3977
Wangpai Yushi Di 0 Ji,30166
Xenosaga The Animation,184
Zenryoku Usagi,3704
Akuma-kun,8194
Bakuon!! OVA,31883
Battle Spirits: Double Drive,32670
Danchigai Special,31683
Dr. Slump Movie 03: Arale-chan Hoyoyo! Sekai Isshuu Dai Race,7667
DT Eightron,1314
F-Zero: Falcon Densetsu,3101
Getter Robo Go,5292
Jean Valjean Monogatari,5900
Jungle wa Itsumo Hare nochi Guu: Eizou Tokuten - Maboroshi no Pilot Film,17785
Kappa no Kaikata,1883
Kuttsukiboshi,9014
Megami Kouhosei Special Curriculum,887
Midori-ko,9990
Mobile Suit Gundam Seed MSV Astray,864
MonHun Nikki Girigiri Airou Mura G,10802
Nekota no Koto ga Kininatte Shikatanai. (ONA),30842
Ocha-ken: Chokotto Monogatari,2233
Oira Uchuu no Tankoufu,1867
Oniichan no Koto nanka Zenzen Suki ja Nai n da kara ne!! Special,10219
Onikirimaru,3913
Perman,6303
Popotan,610
Push,3474
Reporter Blues,6674
"Saikin, Imouto no Yousu ga Chotto Okashiinda ga.",17777
Sol Bianca: Taiyou no Fune,1444
Sword Art Online: Sword Art Offline,16099
Tenrankai no E,3472
Tenshi Kinryouku,51
Umi Monogatari: Kanon to Iku Amamikoshima,10306
Watt Poe to Bokura no Ohanashi,4521
Yawara! Sore Yuke Koshinuke Kids!!,2008
Youkai Ningen Bem,4044
Ai no Wakakusa Yama Monogatari,6075
Aru Hibi no CLAMP Gakuen Tanteidan,6107
Asobi ni Iku yo!: Asobi ni Oide - Owari,29998
Attack No.1 (1970),9163
Baby☆Love,722
Biohazard 4: Incubate,8278
Blocker Gundan IV Machine Blaster,5829
Chouja Raideen,2127
Dennou Coil Recaps,13955
Denpa Kyoushi,21495
Denshinbashira Elemi no Koi,7718
Duan Nao,28673
Elf-ban Kakyuusei: Anata dake wo Mitsumete...,661
Go! Go! Ackman,6413
Gowapper 5 Gordam,7551
Hi no Youjin,13639
Himawari!,910
Kiss Dum R: Meguriahi,12689
Magic Knight Rayearth Omake,10028
Mahou no Idol Pastel Yumi,3660
Mari Iyagi,2133
Memories Off 2nd,362
Memories Off 3.5,363
Okusama wa Joshikousei (TV),470
Otome Youkai Zakuro Picture Drama,10180
Pokemon: Pikachu to Pokemon Ongakutai,28853
Scramble Wars: Tsuppashire! Genom Trophy Rally,2466
Shoujo-tachi wa Kouya wo Mezasu,31914
Tezuka Osamu ga Kieta?! 20 Seiki Saigo no Kaijiken,4941
To Heart 2: Dungeon Travelers,11773
Transfer,17068
Wonder (Movie),28085
009-1: R&amp;B,3234
Amefuri Kozou,6462
Arve Rezzle: Kikaijikake no Yousei-tachi,13863
Boku no Marie,1701
Boukyaku no Senritsu,159
Buttobi!! CPU,458
Dive to Blue,33689
Eureka Seven AO: Jungfrau no Hanabana-tachi,14875
Fireball Special,10666
Getsumen To Heiki Mina,1865
Green Green,133
Harukanaru Toki no Naka de: Ajisai Yumegatari,647
Ippatsu Kiki Musume,1057
Iron Man: Rise of Technovore,15847
Juuou Mujin no Fafnir,24873
Let&#039;s Nupu Nupu,5132
Magical Nyan Nyan Taruto,952
Midnight Eye: Gokuu II,1880
Oni,7171
Seto no Hanayome Picture Drama,28385
Silent Mobius 2,2100
StarFox Zero: The Battle Begins,33205
Tamala 2010: A Punk Cat in Space OVA,8079
Ten Little Gall Force,6331
Tezuka Osamu no Don Dracula,4853
Tiger Mask W,32881
Time Bokan Oudou Fukko,4578
Triage X,26443
Ultraman Kids no Kotowaza Monogatari,6731
Warau Hyouteki,2018
Water Brain,6861
Yatterman the Movie: Shin Yattermecha Osu Gou! Omocha no Kuni de Dai Ketsudan da Koron,6693
12-sai. 2nd Season,31319
Arcana Famiglia,12967
Asobou! Hello Kitty,4025
Bakkyuu HIT! Crash Bedaman,4563
Bamboo Bears,2822
Code Geass: Hangyaku no Lelouch - Kiseki no Birthday Picture Drama Flash Special,18881
Divergence Eve 2: Misaki Chronicles,295
"Eikoku Ikka, Nihon wo Taberu",29722
Gegege no Kitarou: Daikaijuu,8146
Hi-Speed Jecy,2697
Himitsukessha Taka no Tsume,4737
Hitsuji no Uta,258
Ikoku Meiro no Croisée Picture Drama,10905
Juugo Shounen Hyouryuuki,5013
Konchuu Monogatari Minashigo Hutch,3858
Kuma Miko,31804
Ladies versus Butlers! Specials,8302
Lime-iro Senkitan: Nankoku Yume Roman,2307
Loups=Garous,7598
Mach GoGoGo (1997),3571
Majokko Tickle,3881
Mitsubachi Maya no Bouken,2571
Okusama wa Mahou Shoujo,614
STAR BEAT!: Hoshi no Kodou,34252
The Four Seasons,13563
Thermae Romae x Yoyogi Animation Gakuin Collaboration,13969
TV-ban Pokemon Special Masara Town-hen Soushuuhen,31750
UFO Princess Valkyrie: Recap,11445
UFO Senshi Dai Apolon,3361
Wolf Guy,9526
Yoshimune,2024
Buddy Go!,33056
Code Geass: Hangyaku no Lelouch R2: Flash Specials,9591
Dr. Slump Movie 08: Arale-chan Hoyoyo!! Tasuketa Same ni Tsurerarete...,8548
Ganbare! Kickers Specials,33499
Gin&#039;iro no Olynsis: Tokito,1868
Ginga Hyouryuu Vifam: Kieta 12-nin,9389
Ginga Kikoutai Majestic Prince: Mirai e no Tsubasa,33024
Great Mazinger tai Getter Robo,4385
Great Mazinger tai Getter Robo G: Kuuchuu Dai-Gekitotsu,4386
Hairy Tale,5168
Himitsu no Akko-chan 2,3838
K-On!: Ura-On!,7017
Kinnikuman: New York Kiki Ippatsu!,3278
Kirameki☆Project,2260
Kitty&#039;s Paradise,4023
Kuusen Madoushi Kouhosei no Kyoukan OVA,31156
Kyomu Senshi Miroku,9691
Licca-chan Fushigi na Fushigi na Yunia Monogatari,9792
Mafukiden: Pandarian,4049
Magical Canan,349
Masou Gakuen HxH,31845
Meganebu!,19257
MonHun Nikki Girigiri Airou Mura: Airou Kiki Ippatsu,8960
Nagagutsu Sanjuushi,5006
Nogsaegjeoncha Haemosu,9106
O-bake no... Holly,9015
Persona 4 the Animation: Mr. Experiment Shorts,25257
Sasurai no Taiyou,3819
Sekkou Boys,31540
Shoujo-tachi wa Kouya wo Mezasu OVA,31867
Sister Princess: Re Pure Character&#039;s,21119
Soushin Shoujo Matoi,33668
Survival,3507
Tetsuwan Atom: Ivan no Wakusei - Robot to Ningen no Yuujou,18637
Togainu no Chi,8449
Tono to Issho: Ippunkan Gekijou,8961
Toradora!: SOS!,6127
True Tears Specials,6234
Xi Avant,10405
Yumeyume,12683
Yuusha Shirei Dagwon: Suishou no Hitomi no Shounen,5396
Zettai Bouei Leviathan,17681
1001 Nights,3914
Blood-C: None-None Gekijou,14077
Busou Shinki,14237
Digimon Universe: Appli Monsters,33314
Futari Ecchi (2014),23985
Ginga Eiyuu Densetsu Gaiden: Ougon no Tsubasa,3015
Green Green Specials,1679
Haai Step Jun,3022
Hakujaden,4513
Harukanaru Toki no Naka de: Hachiyou Shou Recap,30145
Idol Tenshi Youkoso Yoko,4928
Kenritsu Chikyuu Boueigun,2422
Kikou Keisatsu Metal Jack,3315
Kimi ni Maji Kyun!,32202
Kinnikuman: Gyakushuu! Uchuu Kakure Choujin,3276
Koutetsu Sangokushi,2162
Koutetsu Tenshi Kurumi 2,555
Mamono Hunter Youko,1280
Mori no Densetsu: Dai Ni Gakushou,32041
Natsufuku no Shoujo-tachi,8896
Nekota no Koto ga Kininatte Shikatanai.,28963
Rinne no Lagrange Season 2 Specials,18639
Robot Town Sagami 2028,33192
Shukufuku no Campanella,6979
Submarine Super 99,1713
Wind: A Breath of Heart Specials,2027
Yojouhan Shinwa Taikei Specials,8985
Airy Me,21861
Akikan!,5112
Akikan!: Kan Ippatsu!? Onsen Panic,6287
Duel Masters Zero,10526
Gakkyuu Ou Yamazaki,5375
"Genesis Climber Mospeada: Love, Live, Alive",3671
Ginga Ojousama Densetsu Yuna: Shin&#039;en no Fairy,2474
Hanamaru Youchien Special Preview,16740
Hello Kitty no Alps no Shoujo Heidi,22443
Hidamari Sketch Recap,28911
Hidan no Aria AA,28883
Himiko-den,360
Himitsu no Akko-chan 3,3839
Hokkyoku no Muushika Miishika,7729
Kakumeiki Valvrave Recaps,21077
Kiko-chan Smile,2075
Kirara,2526
Kobayashi ga Kawai sugite Tsurai!!,19575
Lovedol: Lovely Idol OVA,6227
Mahou Shoujo Pretty Sammy Specials,1503
Mouryou Senki Madara,1580
Nanami-chan,749
Nekogami Yaoyorozu Specials,13681
Osamu to Musashi,19731
Play Ball,3768
Rikujou Bouei-tai Mao-chan,980
Shin Maple Town Monogatari: Palm Town-hen - Konnichiwa! Atarashii Machi,11049
Teizokurei Daydream,1500
Tokimeki Tonight Recaps,10594
Tsubasa to Hotaru (2016),33247
Umi kara no Shisha,9566
Usavich Zero,30751
Vampiyan Kids: Pilot,4420
Yoiko,4591
009-1,1583
Ai Tenshi Densetsu Wedding Peach Specials,26189
Amnesia,15085
Andersen Monogatari (TV),7779
Bao Lian Deng,7752
Buddy Go! 2,34173
Chitose Get You!!,14277
Dragon Collection,22733
Duel Masters Movie 2: Lunatic God Saga,6062
Future Card Buddyfight DDD,32785
Gegege no Kitarou: Youkai Tokkyuu! Maboroshi no Kisha,8157
H. P. Lovecraft&#039;s The Dunwich Horror and Other Stories,3906
Jikuu Tantei Genshi-kun,2281
Kaze wo Nuke!,9748
Knyacki!,7505
Kujibiki♥Unbalance,1591
Lupin tai Holmes,10755
Muramasa,3475
Oniichan dakedo Ai Sae Areba Kankeinai yo ne! Specials,15881
Phantom of the Kill: Zero kara no Hangyaku,31927
Pokemon XY: Koukoku no Princess Diancie,25365
Senkou no Night Raid: Yogen,8840
Shin Strange+,23433
Taisei Kensetsu: Vietnam Noi Bai Kuukou,25883
Teki wa Kaizoku: Neko-tachi no Kyouen,2679
Uchuu Kazoku Carlvinson,4533
Umi Monogatari: Marin no Kore Naani?,9100
Votoms Finder,8249
Yurumates 3D,12123
A Piece of Phantasmagoria,6094
Accel World: Acchel World.,13859
Akai Koudan Zillion Specials,17167
B-Densetsu! Battle Bedaman,2789
Bakugan Battle Brawlers,2156
Cinderella Boy,301
Corpse Party: Missing Footage,13807
Daitoshokan no Hitsujikai Picture Drama,29165
Dear Brave,32264
Dororon Enma-kun,1337
Eightman After,1344
Future Card Buddyfight Recap,24675
gdgd Fairies 2 Episode 0,16912
Gendai Kibunroku Kaii Monogatari,6271
Honoo no Labyrinth,581
Izumo: Takeki Tsurugi no Senki,2523
Jin Sheng Yuan,10132
Kataku,7170
Mahouka Koukou no Rettousei: Yoku Wakaru Mahouka!,23341
Nagareboshi Lens Specials,15717
Nijiiro☆Prism Girl,19351
Nurarihyon no Mago Recaps,9731
Obake no Q-tarou,1547
Ongaku Shoujo,29511
Saint Beast: Ikusen no Hiru to Yoru-hen,3004
Sci-fi Harry,1508
"Shinran-sama: Negai, Soshite Hikari",5693
Shiranpuri (Movie),13175
Sora wo Kakeru Shoujo Picture Drama,6437
Taiko no Tatsujin,3724
Tekkamen wo Oe: &quot;d&#039;Artagnan Monogatari&quot; yori,8214
Tenshi Nanka ja Nai,3512
Transformers Superlink,927
Uchuu Kaizoku Mito no Daibouken: Futari no Joou-sama,2700
Valkyrie Drive: Mermaid,30385
"Wake Up, Girls! Deai no Kiroku: A Brief Recording",30445
Yu☆Gi☆Oh! Zexal Second: Iza! Saishuu Kessen e!! Special,21595
Yuusha ni Narenakatta Ore wa Shibushibu Shuushoku wo Ketsui Shimashita. Specials,28593
.hack//Gift,454
Arion,791
Asa made Jugyou Chu!,12581
Attack No.1: Namida no Kaiten Receive,9165
Captain Future: Kareinaru Taiyokei Race,4509
Chocolat no Mahou,9935
Choujin Locke: Lord Leon,4014
Densetsu Kyojin Ideon: Sesshoku-hen,2760
Duel Masters Charge,4443
Duel Masters Victory,10524
Futari no Joe,4298
Gegege no Kitarou (1968 Movie),8149
Hana no Kage,8533
Kaitei Choutokkyuu: Marine Express,3175
"Kemeko Deluxe!: Izumi-chan, Fukenkou yo! (Kari)",32503
Kick-Heart,16149
Kyoto Animation: Ikitaku Naru Omise-hen,17791
Lovely Movie: Itoshi no Muco,23897
Miss Monochrome: The Animation - Manager,28179
MitchiriNeko March,32233
Moero Arthur: Hakuba no Ouji,4614
Moyashimon CGI Anime,9290
Shikabane Hime: Puchitto,7108
Sister Princess: Re Pure,835
Sotsugyou: Graduation,2714
Taishou Yakyuu Musume. Specials,8042
Time Bokan Series: Gyakuten Ippatsuman,8011
Time Bokan Series: Itadakiman,5344
TO-Y,2103
Umezu Kazuo no Noroi,6276
Yurumates wa?,11699
Zephyr,25833
91 Days Recap,33964
"Akai Shouzou: Char, Soshite Frontal e",14007
Andersen Monogatari,5098
Blue Gender: The Warrior,1380
Ganbare Goemon,2885
Genei wo Kakeru Taiyou: Fumikomenai Kokoro,20187
Glass no Kantai: La Legende du Vent de l&#039;Univers Specials,5652
Guskou Budori no Denki (2012),13215
Highschool Aurabuster: Hikari no Mezame,2739
Hoshi no Ko Chobin,3834
Ikoku Meiro no Croisée: Yune &amp; Alice,10832
Isuca: Gokuraku,28713
Kakyuusei (1999),2609
Kaze no Tairiku,1777
Kono Aozora ni Yakusoku wo: Youkoso Tsugumi Ryou e,2155
Kuusou no Sora Tobu Kikaitachi,19401
Machine Hayabusa,10562
Makai Toshi Shinjuku,499
Meiou Project Zeorymer,1832
Mianhada Saranghanda,9254
Psychic Academy,337
Puchitto Gargantia,18413
Rilu Rilu Fairilu: Yousei no Door,32308
Seupideuwang Beongae,9424
Tenshi no Shippo Chu!: Shoushuuhen Tenshi no Utagoe,22231
Wild Adapter,13843
Wooser no Sono Higurashi,15313
Youkoso Lodoss-tou e!,2840
Alice SOS,8812
Ane Log: Moyako Neesan no Tomaranai Monologue,24531
Another: Misaki Mei - Shizuka ni,20365
Badaui Jeonseol Jangbogo,10194
Bonjour♪Koiaji Pâtisserie,25839
Cyborg 009,6872
Dengeki Bunko 2007 Movie Festival Special,6628
Digimon Savers 3D: Digital World Kiki Ippatsu!,8491
Duel Masters Victory V,21997
Esper Mami: Hoshizora no Dancing Doll,9880
Future War 198X-nen,8584
Fuyu no Hi,3215
Grey: Digital Target,2423
Hijikata Toshizou: Shiro no Kiseki,1977
Hoshi ni Negai wo: Cold Body + Warm Heart,7230
Jinki:Extend OVA,848
Kagihime Monogatari Eikyuu Alice Rinbukyoku,577
Kosuke-sama Rikimaru-sama: Konpeitou no Ryuu,3214
Lunn wa Kaze no Naka,14247
Mainichi ga Nichiyoubi,2059
Maken-Ki! Two,15565
Mini Hama: Minimum Hamatora Movies,31923
Minori Scramble!,9523
New Dream Hunter Rem: Yume no Kishitachi,5585
Sanrio Anime Sekai Meisaku Gekijou,4024
Sazae-san,2406
Short Peace Opening,19573
Suzy&#039;s Zoo: Daisuki! Witzy,10349
Taifuu no Noruda,30585
Tanin no Kankei,4451
Tetsuwan Atom: Atom Tanjou no Himitsu,17959
Time Bokan 2000: Kaitou Kiramekiman,5475
Tsuki no Sango,12867
Uchuujin Tanaka Tarou,2566
Ukkari Pénélope (2009),6822
Vampiyan Kids,3290
Wanpaku Oomukashi Kum Kum,8240
Wind: A Breath of Heart OVA,547
Yousei Hime Ren,1630
Amanatsu,9595
Ane Log: Moyako Neesan no Honpen wo Tobidashite Tomaranai Monologue,27619
Aoi Hitomi no Onnanoko no Ohanashi,10901
"Azusa, Otetsudai Shimasu!",2309
Bakuen Campus Guardress,2023
Blade,6920
Burn Up Scramble,693
Chuu Bra!!,6645
Cowboy Bebop: Ein no Natsuyasumi,17205
Dr. Slump Movie 10: Arale no Bikkuriman,8550
Ebiten: Kouritsu Ebisugawa Koukou Tenmonbu,14073
Fortune Quest: Yo ni mo Shiawase na Boukensha-tachi,6557
Fujoshi no Hinkaku,8178
Fumoon,5862
Galo Sengen,20929
Ganbare! Kickers: Hitoribocchi no Ace Striker,33498
Gegege no Kitarou: Chisougan,8150
Haiyoru! Nyaruani,7596
Haou Daikei Ryuu Knight: Adeu Legend II,1850
Hoshi no Kirby: Tokubetsu-hen - Taose!! Koukaku Majuu Ebizou,30155
Itsuka Tenma no Kuro Usagi Picture Drama,12579
King of Prism by Pretty Rhythm,31762
Konchuu Monogatari Mitsubachi Hutch: Yuuki no Melody,8141
Koneko no Studio,6994
Mad★Bull 34,3448
Manyuu Hikenchou,10465
Maze☆Bakunetsu Jikuu,1162
Memories Off #5 Togireta Film The Animation,1071
Metal Fight Beyblade Zero G Specials,21479
Miss Monochrome: The Animation - Soccer-hen,24713
"Oishinbo: Kyuukyoku tai Shikou, Chouju Ryouri Taiketsu!!",8848
Oniichan no Koto nanka Zenzen Suki ja Nai n da kara ne!!,9587
Perman (1983),11595
Pretty Rhythm: All Star Selection,22215
Robot Girls Z Episode 0,30912
Saishuu Shiken Kujira Progressive,4213
Saki Picture Drama,7759
SF Shinseiki Lensman,2770
Shounen Sarutobi Sasuke,4948
Street Fighter: Aratanaru Kizuna,5369
Submarine 707R,1582
Tamayura: More Aggressive Picture Drama,25169
Teekyuu 5 Specials,31668
Tiger &amp; Bunny Recaps,30178
Touken Ranbu: Hanamaru,33023
Uchuu no Senshi,2516
UN-GO: Inga Nikki,12411
Wild 7,1959
Yowai Mushi,16233
Yu☆Gi☆Oh! Zexal Special,16574
.hack//Tasogare no Udewa Densetsu: Offline de Aimashou,1994
Aftermath,33326
Batain Lai!! Minami no Shima no Mizu Monogatari,6688
Bobby ni Kubittake,3120
Darkside Blues,1494
Ginga no Uo Ursa Minor Blue,3518
Gokujo.: Gokurakuin Joshikou Ryou Monogatari,11769
Hanamaru Youchien: Panda Neko Taisou,16646
Jankenman,7405
Kasumin 3rd Season,2738
Kidou Shinsengumi Moeyo Ken TV,511
Kitakubu Katsudou Kiroku: Miniature Theater,23367
Kurumiwari Ningyou,7376
Kyokugen Dasshutsu Adv: Zennin Shibou Desu Prologue,12433
Long Riders!,30652
Macross FB7: Ore no Uta wo Kike!,15177
New Mobile Report Gundam Wing: Frozen Teardrop Picture Drama - Aratanaru Tatakai,22435
Photokano,16397
Puchitto Furikaerintia,31113
Sakura Tsuushin,818
Soreyuke! Uchuu Senkan Yamamoto Yohko,1100
Soul Eater NOT!,21507
Tanoshii Willow Town,4599
Toki no Tabibito: Time Stranger,3115
Ushio to Tora: Comically Deformed Theater,5308
Weiß Survive,6425
Aki-Sora,6987
Angelique: Twin Collection,2537
Bakugan Battle Brawlers: Gundalian Invaders,7334
Cosmic Break,17295
Cutey Honey Flash: The Movie,6496
Document Taiyou no Kiba Dagram,9972
DRAMAtical Murder,23333
Enchanted Journey,7252
Genmu Senki Leda,2196
Haiyoru! Nyaruani: Remember My Love(craft-sensei),9598
Hana wa Saku,17897
Hipira-kun,7723
Ibara-Hime matawa Nemuri-Hime,7169
Kaitei Sanman Mile,9172
Kimi ga Nozomu Eien: Ayu Mayu Gekijou,1856
Koala Boy Kokki,3723
Kodai Ouja Kyouryuu King: Yokuryuu Densetsu,5725
Kurage no Shokudou,29301
Mahou Shoujo Nante Mou Ii Desukara. 2nd Season,33795
Mobile Suit Gundam Battlefield Record: Avant-Title,18449
Monster High: Kowa-ike Girls,28381
Queen&#039;s Blade: Rurou no Senshi,4719
Sasurai no Shoujo Nell,3877
Tales of Eternia The Animation,445
Tanken Driland: 1000-nen no Mahou,17969
The iDOLM@STER Live For You!,4033
Triangle Heart: Sweet Songs Forever,176
Umi ni Ochita Tsuki no Hanashi,30865
Yousei Ou,7818
Yu☆Gi☆Oh! Zexal Second: Midokoro Tenkomori Special,16576
Yuyushiki: Nyanyashiki,19029
30-sai no Hoken Taiiku Specials,12131
Ai Tenchi Muyou!,24699
Akubi Girl,6077
Asagiri no Miko,231
Attack No.1: Namida no Fushichou,9164
Backkom 2,25965
Beyblade Burst,31049
Chuumon no Ooi Ryouriten (1991),4095
D.I.C.E.,2285
Dr.,6215
Gregory Horror Show: The Bloody Karte,12485
Hiatari Ryoukou! Yume no Naka ni Kimi ga Ita,1552
Hoshi ni Negai wo: Fantastic Cat,6992
Kimi no Sumu Machi,32065
Komori-san wa Kotowarenai!,31091
Maken-Ki! Two Specials,23989
Mangchi,6695
Maou Dante,1628
Mazinger Z tai Devilman,3898
Queen&#039;s Blade: Gyokuza wo Tsugu Mono Specials,7740
Rakugo Tennyo Oyui,2244
Sousei Kishi Gaiarth,2068
Starry☆Sky,7705
Suna no Bara: Yuki no Mokushiroku,3989
Akahori Gedou Hour Rabuge,309
Anju to Zushioumaru,7610
Azuki-chan the Movie,6095
Brain Powerd,1542
Catblue: Dynamite,1828
DNA Sights 999.9,2019
Futari Daka,3808
Gegege no Kitarou (1985 Movie),8152
Goulart Knights: Evoked the Beginning White,13993
Kenzen Robo Daimidaler,21809
Kingyo Chuuihou! (Movie),3155
Kiss Dum: Omokage,11505
Masou Kishin Cybuster,1899
Momoiro Sisters,1188
Monotonous Purgatory,25641
Personal Computer Travel Tanteidan,3936
Porong Porong Pororo,6523
Prism Ark Specials,4566
Robot Girls Z Plus,29035
Samurai Spirits 2: Asura Zanmaden,839
Sengoku Musou: Sengoku Musou High School,30390
Sougen no Ko Tenguri,11561
Stitch!: Itazura Alien no Daibouken,6899
Tamagotchi!,6900
Tattoon Master,2102
Tenamonya Voyagers,773
Thermae Romae x Asahi Shimbun Digital Collaboration,13967
Tokimeki Memorial 4 OVA,7691
Topo Gigio,4584
W: Wish,346
Weiß Survive R,7463
Yamatarou Kaeru,11537
Bakugan Battle Brawlers: Mechtanium Surge,10330
Bremen 4: Jigoku no Naka no Tenshi-tachi,9991
Chou Deneiban SD Gundam Sangokuden Brave Battle Warriors,8132
Eureka Seven AO: Aratanari Fukaki Ao,15979
Final Fantasy: Unlimited,1157
Genei Toushi Bastof Lemon,3151
Jinki:Extend,141
Kawasaki Frontale x Tentai Senshi Sunred 2nd Season,8196
Lovedol: Lovely Idol,1561
Maido! Urayasu Tekkin Kazoku,24417
Memory,1984
Naked Wolves,7247
Norageki!,9782
Oraa Guzura Dado (1987),11873
Shin Kaitei Gunkan,1938
Show By Rock!! Short!!,32039
Sonic X Pilot,10263
Strike Witches OVA,1862
Taisei Kensetsu: Bosporus Kaikyou Tunnel,13675
Tamako Market Specials,17879
Yomigaeru Sora Pilot,24527
Animation!,7939
Baku Tech! Bakugan,13143
Catman,4419
Chocolate Underground,3962
Choujuu Giga,32932
Choujuu Kishin Dancougar: Hakunetsu no Shuushou,5629
Colorful,841
DD Hokuto no Ken,10177
Dragon Ball Z Movie 11: Super Senshi Gekiha!! Katsu no wa Ore da,904
fake!fake!,25495
Gasshin Sentai Mechander Robo,3294
Girlfriend (Note),33808
Gu-Gu Ganmo,3020
Holy Knight,11005
Lupin III: Ikiteita Majutsushi,1427
Mobile Suit Gundam: More Information on the Universal Century,5723
Monkey Magic,1139
Muv-Luv Alternative: Total Eclipse Recap - Climax Chokuzen Special,16335
Narutaru: Mukuro Naru Hoshi Tama Taru Ko,838
Natsuki Crisis,2083
Neko Ramen: Ore no Shouyu Aji,14519
RG Veda,439
Rinne no Lagrange Specials,14583
Rokumon Tengai Mon Colle Knights Movie: Densetsu no Fire Dragon,5314
Senkou no Night Raid Picture Drama,10201
Shin Kujakuou,3599
Sore Ike! Anpanman: Ruby no Negai,11791
"Tetsuwan Atom: Kagayakeru Hoshi - Anata wa Aoku, Utsukushii...",17963
True Tears: Raigomaru to Jibeta no Monogatari,9002
Uchuu no Kishi Tekkaman Blade OVA: Missing Link,2301
World Calling,29123
Yobarete Tobidete Akubi-chan,5474
Akuemon,14231
Ar Tonelico: Sekai no Owari de Utai Tsuzukeru Shoujo,1202
BlazBlue: Alter Memory,18767
By Your Side,23365
Chika Gentou Gekiga: Shoujo Tsubaki,2981
Donyatsu,18755
Dragon Quest Retsuden: Roto no Monshou,7491
Dream Festival!,33045
Dream Hunter Rem,4003
Duel Masters VS,23409
Earthian,1324
Haja Taisei Dangaiou,498
Kamen Rider Fourze x Crayon Shin-chan,14095
Kouryuu Densetsu Villgust,2049
Kyoto Animation: Kasa-hen,17815
Mahou no Tenshi Creamy Mami: Curtain Call,4129
Maken-Ki! Specials,12449
Metropolis (2009),29765
Mukougaoka Chisato wa Tada Mitsumeteita no Datta,7415
Otohime Connection,10481
Plastic Little,2332
Princess Lover! Picture Drama,7468
Sengoku☆Paradise Kiwami,11547
Shinseiki Duel Masters Flash,10525
Tabi Machi Late Show,32309
To Heart: Remember My Memories Specials,686
Tono to Issho 1.5,9794
Tsuki wa Higashi ni Hi wa Nishi ni: Operation Sanctuary,648
"Umi no Yami, Tsuki no Kage",4484
Wizard Barristers: Benmashi Cecil,20053
100-man-nen Chikyuu no Tabi: Bander Book,5133
21 Emon Uchuu ike! Hadashi no Princess,6074
Akai Koudan Zillion: Utahime Yakyoku,2689
Baku Tech! Bakugan Gachi,21523
Barbapapa,2823
Beast Wars Second: LioConvoy in Imminent Danger!,5289
Bokurano Recap,12877
Chibikko Remi to Meiken Kapi,2830
Choujuu Densetsu Gestalt,1283
Cyborg 009: Kaijuu Sensou,7290
Fighting Foodons,2287
Good Morning Call,1056
Haiyoru! Nyaruani: Remember My Love(craft-sensei) Special,10477
Heart no Kuni no Alice: Wonderful Wonder World,4713
iDOLM@STER Xenoglossia Specials,3406
Izumo,5876
Jiu Se Lu,9951
Kiss wa Hitomi ni Shite,2092
Kusatta Kyoushi no Houteishiki,1909
Little Nemo Pilot,13789
Madobe Nanami no Windows 7 de PC Jisaku Ouen Commercial!!,8792
Mobile Suit Gundam UC: A Phantom World,32927
New Dream Hunter Rem: Setsuriku no Mudenmekyu,5584
Oz no Mahoutsukai,7876
SoniAni: Super Sonico The Animation,20555
Soul Link,854
Suntory Minami Alps no Tennen Mizu,33902
Tachiguishi Retsuden,2388
Tantei Team KZ Jiken Note,31221
Top wo Nerae! Kagaku Kouza,5462
Uribyeol ilhowa ulrookso,28251
Yurumates 3D Plus: Natsuyasumi Maison du Wish Report,31551
Yurumates 3D: Ushinawareta Genjitsu,14949
11eyes: Momoiro Genmutan,7739
Aa Harimanada,8216
Aquarian Age: Sign for Evolution,1224
Ark,5421
Assemble Insert,2414
Blade &amp; Soul,22547
"Boku, Otaryman.",7597
Dragon Age: Blood Mage no Seisen,11705
Eien no Filena,5689
Final Fantasy,426
Gon,7867
Hashi no Mukou,24127
Huckleberry no Bouken,2545
Imawa no Kuni no Alice,32548
Ippatsu Kanta-kun,5287
Iron Man,6875
Junk Boy,3889
Kemono to Chat,6932
Kouchou-sensei to Kujira,4461
Licca-chan no Nichiyoubi,8919
Mahou no Star Magical Emi: Kumo Hikaru,8431
Megumi,4187
Mobile Suit Gundam-san,24835
Moldiver,571
Pinocchio yori Piccolino no Bouken,2567
Pokemon XY: Hoopa no Odemashi Daisakusen!!,30686
Pokemon: Slowking no Ichinichi,6385
Queen&#039;s Blade: Rebellion Specials,13855
Quiz Magic Academy: The Original Animation,5080
Riki-Oh: Toukatsu Jigoku,3509
Rio: Rainbow Gate! Special,10301
SF Saiyuuki Starzinger (Movie),17165
Shima Shima Tora no Shimajirou,9768
Shisha no Sho,7510
Stitch!: Zutto Saikou no Tomodachi,8964
Tiger &amp; Bunny Pilot,11099
Tokyo Disney Resort: Yume ga Kanau Basho,13495
Towa no Kizuna,12121
Urban Square: Kouhaku no Tsuigeki,2690
Watashi no Coffee Samurai: Jihanki-teki na Kareshi,6616
Wind: A Breath of Heart,2015
Yakumo Tatsu,1026
Yami Shibai 3rd Season,31994
Youma,1484
Yumeria,204
Yutori-chan,7770
Zero Duel Masters,4444
3 Choume no Tama: Onegai! Momo-chan wo Sagashite!!,12589
Attraction,9846
Burn Up!,767
Calimero,2827
Connected,3506
Crystal Blaze,3840
Dororo,11471
Doujouji,6680
Fantasista Doll,15883
Gall Force: The Revolution,2066
Getsumen To Heiki Mina Specials,7427
Ginga Ojousama Densetsu Yuna: Kanashimi no Siren,2473
Gunslinger Stratos: The Animation - Bunki/Futatsu no Mirai,31065
Kaiketsu Zorori: Mahoutsukai no Deshi/Dai Kaizoku no Takara Sagashi,6965
Kaze no Matasaburou (Movie),30922
Koisuru Tenshi Angelique: Chibi Character Adventure,5783
Koko ni Iru,9423
Miracle Train: Chuo-sen e Youkoso,6327
Mirai no Watashi,32959
Mobile Suit Gundam 0083: Stardust Memory - The Mayfly of Space,10581
Oishinbo,1093
Pants no Ana,8464
Quiz Magic Academy: The Original Animation 2,7549
School Days ONA,756
Takamiya Nasuno Desu!: Teekyuu Spin-off Specials,31669
The Five Killers,30916
Thermae Romae x TOTO Collaboration,18003
Tokimeki Memorial: Forever With You,2179
True Love Story,748
Valkyrie Drive: Mermaid Specials,31736
Wolverine,6918
Baymax,28433
Black Bullet: Tenchuu＊Girls,30100
Dragon&#039;s Heaven,3135
DRAMAtical Murder OVA: Data_xx_Transitory,25567
Duel Masters Movie 3: Honoo no Kizuna XX,9282
Gakkou no Kaidan Recaps,22055
Gun-dou Musashi,1200
Gunslinger Stratos: The Animation,28791
Luck &amp; Logic,32083
Mahoutsukai Chappy,3845
Majuu Sensen,9043
Master of Epic: The Animation Age,1885
Mori no Tonto-tachi,2226
Oishinbo: Nichibei Kome Sensou,8842
Persona 2: Another Self,31676
Queen&#039;s Blade Rebellion vs. Hagure Yuusha no Aesthetica,14663
Shina Dark: Kuroki Tsuki no Ou to Souheki no Tsuki no Himegimi,3642
Shounen Sunday CM Gekijou: InuYasha-hen,31133
Street Fighter II: Yomigaeru Fujiwara-Kyou - Toki wo Kaketa Fighter-tachi,17379
Super Doll Licca-chan: Licca-chan Zettai Zetsumei! Doll Knights no Kiseki,10199
Thermae Romae x LOFT Collaboration,13965
Yumemiru Topo Gigio,4616
Chivas 1-2-3,1228
Duel Masters Victory V3,21999
Haitai Nanafa 2nd Season,17727
I: Wish You Were Here,1156
Kakomareta Sekai,10354
Kenzen Robo Daimidaler Specials,23735
Kimagure Robot,1955
Kujakuou,3595
Metal Skin Panic MADOX-01,2461
Miss Monochrome: Watashi dake no Monogatari,30168
Ninku (Movie),2851
Piece,8312
Sacred Seven: Shirogane no Tsubasa Picture Drama,13927
Time Bokan Series: Zenderman,6889
Visions of Frank: Short Films by Japan&#039;s Most Audacious Animators,8928
Backkom Sports,25967
Birthday Boy,5469
Chokin Senshi Cashman,6484
Detatoko Princess,2693
Gekkou no Pierce: Yumemi to Gin no Bara no Kishidan,3813
Giant Robo Gaiden Ginrei,2322
Hand Maid Mai,1234
Hime Gal♥Paradise,9944
Juuippiki no Neko,6071
Kishin Houkou Demonbane,766
Koutetsu Tenshi Kurumi Zero,556
Kujibiki Unbalance,669
Makasete Iruka!,2791
Mashiro-iro Symphony: Airi ga Anata no Kanojo ni!?,14049
Match Uri no Shoujo,11693
Mezame no Hakobune,3336
Mobile Suit SD Gundam Mk IV,2304
Mutekiou Tri-Zenon,1975
Peeping Life: World History,17237
Queen&#039;s Blade OVA Specials,12065
Shingeki no Bahamut: Genesis Recap,28447
Shining Hearts: Shiawase no Pan,12367
Socket,7416
Tobe! Kujira no Peek,2314
Vanquished Queens,16363
Abarenbou Rikishi!! Matsutarou,22831
Bakumatsu Gijinden Roman,16211
Bakumatsu Rock,23037
Baoh Raihousha,1468
Blame!,1055
D4 Princess,2723
"Dance, Dance, Dance",19235
Fate/Zero Cafe,19165
Gulliver no Uchuu Ryokou,2833
Hey! Bumboo,3434
Houkago no Pleiades,9911
Ichigeki Sacchuu!! Hoihoi-san,932
Itsudatte My Santa!,588
Jewelpet Movie: Sweets Dance Princess,12965
Jishu Seisaku Movie Binchou-tan,1926
Kishin Houkou Demonbane (TV) Specials,23753
Koisuru Tenshi Angelique: Chibi Character Adventure 2,8180
Kuroi Kikori to Shiroi Kikori,7532
Licca-chan Fushigi na Mahou no Ring,7294
Love♥Love? Specials,1874
M3: Sono Kuroki Hagane Recap,25543
MAPS: Densetsu no Samayoeru Seijin-tachi,3183
Metal Fighter Miku,1175
Outlanders,1940
Sengoku Kitan Youtouden,3600
Shadow Skill: Kurudaryuu Kousatsuhou no Himitsu,1099
Soul Worker: Your Destiny Awaits,31402
Super Kuma-san,2421
Teekyuu 6 Specials,32816
Thermae Romae: Kodai Romajin ga Uchuu e,13983
Zoku Attacker You! Kin Medal e no Michi,11919
21 Emon,5628
Akai Kiba: Blue Sonnet,2051
Andromeda Stories,3675
Apfelland Monogatari,5673
Barbapapa (1977),19959
Barbapapa Sekai wo Mawaru,2824
Ben-To Picture Drama,12447
Chiba Pedal: Yowamushi Pedal to Manabu Jitensha Koutsuuanzen,33522
Ebiten: Kouritsu Ebisugawa Koukou Tenmonbu Specials,16508
Ginga e Kickoff!!: Natsuyasumi Special,15993
Gundam: G no Reconguista - From the Past to the Future,31454
Gunslinger Stratos,29975
Hengen Taima Yakou Karura Mau! Nara Onryou Emaki,3178
Ichirin-sha,17887
Kikou Kai Galient OVA,10751
Mahou Gakuen Lunar! Aoi Ryuu no Himitsu,1990
Mobile Suit SD Gundam Festival,9098
Mou Hitotsu no Mirai wo.,21587
Muybridge no Ito,10688
Samurai Gun Special,22031
Scan2Go,10869
Taisei Kensetsu: Sri Lanka Kousokudouro,21441
The Samurai,1452
Tobira wo Akete (1995),1979
Tsuritama: Harikitte Contest,31581
Vocaloid China Project Senden Animation,14359
Wooser no Sono Higurashi: Ken to Pants to Wooser to,16738
Zeonic Toyota Special Movie,20355
Big Order,30137
Chuumon no Ooi Ryouriten,7621
Haitai Nanafa,15043
Hakushon Daimaou,2892
Hana wa Saku: Touhoku ni Saku,28093
Hokuto no Ken: Legend of Heroes,7363
Lemon Angel (1988),3259
Mahou Sensou,19769
Marvel Disk Wars: The Avengers,21013
Mousou Kagaku Series: Wandaba Style,545
Nisshin Seifun Group CM,31111
Oyako Club,12393
SAI: Part 1 / Revolving... to the Core,8446
Seoul-yeok,34048
Shin Calimero,7004
Shinshaku Sengoku Eiyuu Densetsu: Sanada Juu Yuushi,989
Soratobu Toshi Keikaku,3818
Stratos 4 OVA: Stratos 4.1 - Dutch Roll,27677
The Borgman: Last Battle,3762
Utsunomiko: Heaven Chapter,5923
Ashinaga Ojisan,20587
Chain Chronicle: Short Animation,25431
"Chiisana Obake Acchi, Kocchi, Socchi",310
Chu Feng: B.E.E,29876
Eightman,5052
Gokujo.: Souda Onsen ni Ikou!!,19431
Hitotsubu ni Kawaranu Ai wo Komete,18953
Isuca,25429
Kakko Kawaii Sengen! 2,10908
Kamisama Minarai: Himitsu no Cocotama,31044
Kara no Kyoukai: Mirai Fukuin - Manner Movie,22847
Kawasaki Frontale x Tentai Senshi Sunred,8316
Kaze no Matasaburou,12141
Kaze no Toori Michi,4689
Last Exile: Doyou no Asa,28811
Mouse,624
Nakedyouth,5085
Ozma,12677
Saint Luminous Jogakuin,2781
School Days,2476
Sekishoku Elegy,6268
Soliton no Akuma,10718
Space☆Dandy Picture Drama,25635
Stitch!: Zutto Saikou no Tomodachi Special,30648
Suzy&#039;s Zoo: Daisuki! Witzy - Happy Birthday,17209
Tenshi na Konamaiki Specials,14367
The Choujo,3787
Wakusei Robo Danguard Ace: Uchuu Daikaisen,5515
A.D. Police (TV),1349
Ange Vierge,32171
Bonobono (2016),32353
Catman Specials,7164
Eikyuu Kazoku,1106
First Squad: The Moment of Truth,5178
Kyoukai no Rinne,23179
Mahou Shoujo Lyrical Nanoha ViVid: Special Program,31137
Masamune Datenicle,32248
Mori no Andou,33281
Nyanbo!,32805
Softenni Specials,10796
Tatakae!! Iczer-1,2291
Youkai Watch: Best 10,28925
Yuuki no Baton,32826
Atagoal wa Neko no Mori,5503
Bacterial Contamination,20855
Choujin Locke: Shinsekai Sentai,4534
Daikyouryuu Jidai,4907
Detective Conan vs. Wooo,10766
Gunparade Orchestra OVA,9445
Hajimari no Boukensha-tachi: Legend of Crystania,515
Mahou no Tenshi Creamy Mami: Lovely Serenade,4126
Marie &amp; Gali ver. 2.0,8409
Mitsu x Mitsu Drops,1838
Mitsuwano,21649
Nessa no Haou Gandalla,3176
Nodoka Mori no Doubutsu Daisakusen,9575
Ouritsu Uchuugun: Honneamise no Tsubasa - Pilot Film,17787
Q Transformers: Saranaru Ninki Mono e no Michi,30851
Salamander,2095
Samurai Noodles: The Originator,33734
School Days: Valentine Days,3759
Seraphim Call,2245
Shounen Hollywood: Holly Stage for 49,23151
Subarashii Sekai,32343
Takane no Jitensha,4685
The iDOLM@STER Million Live! 1st Anniversary PV,29801
Toufu Kozou,10261
Yama Nezumi Rocky Chuck,4615
Angelique: Shiroi Tsubasa no Memoire,2536
Bakumatsu Rock: Mystery! Onsen Kaijiken ze yo!!,25077
Chouon Senshi Borgman 2: Shin Seiki 2058,3764
Cleopatra D.C.,2754
Don Chuck Monogatari,2575
Extra,3525
Fake Style II,32747
Hero Bank,22099
Kaitouranma The Animation,2483
Kodai Ouja Kyouryuu King,3576
Kumi to Tulip,29517
Lime-iro Senkitan,1097
Mahoutsukai Sally (Movie),17719
Marginal Prince: Gekkeiju no Ouji-tachi - Tokyo Merry-Go-Round,18729
Mazinger ZIP!,18365
Melty Lancer,1155
Nandaka Velonica,22381
Precure kara Minna e no Ouen Movie,10736
Rusty Nail,28715
Shin Hurricane Polymar,3398
Stitch!: Itazura Alien no Daibouken - Uchuu Ichi no Oniichan,25889
Wind: A Breath of Heart (TV),546
&quot;Eiji&quot;,6076
Bohemian Rhapsody,8939
"Diabolik Lovers More,Blood",29974
Fake Style,32745
Fantasista Stella,24817
Hello Kitty no Fushigi no Kuni no Alice,15577
Houseki no Kuni,19581
I&#039;&#039;s,1084
Mahoutsukai Jiji,12755
Majokko Shimai no Yoyo to Nene Movie Extra: Hatsukoi - Mikako Komatsu,25113
Mighty Orbots,8130
Nineteen 19,2468
Ninku: Knife no Bohyou,16345
Rescue Me!,18039
Shin Strange+ Special,25441
Shining Hearts: Shiawase no Pan Specials,15505
Sprite: Between Two Worlds,1786
Starry Tales: Seiza wa Toki wo Koete,32563
Yonhyakunijuu Renpai Girl,17871
Yoroiden Samurai Troopers Message,1267
AIKa R-16: Virgin Mission,2163
Alexander Senki Movie,5157
Arei no Kagami: Way to the Virgin Space,7156
Bannou Yasai Ninninman,10501
Channel 5.5 3rd Season,29823
Decorator,23483
Digimon Adventure 3D: Digimon Grand Prix!,8490
Downloader,10691
Gaist Crusher,19871
Garo: Guren no Tsuki Special,33709
Genocyber,2775
Ginga Tansa 2100-nen: Border Planet,4917
Green Green OVA,881
Houma Hunter Lime,1284
Kyouryuu Tankentai Born Free,9978
Mobile Suit SD Gundam Mk III,2305
Puchitto Gargantia Special,23099
"Sagashita no wa Oheya, Mitsuketa no wa Mirai",23621
Samurai Gun,1167
Stitch!,5027
World Fool News (TV),18205
Yonimo Osoroshii Nihon Mukashibanashi,9829
Ys IV: The Dawn of Ys,23825
"Yuru Yuri: Doushite, Tomaranai, Tokimeki, Dokidoki, Paradox, Eternal",12665
Anime Tenchou,3080
Believe,8921
Dallos,3060
Gakuen Handsome,33392
Happy World!,319
Kaitou Tenshi Twin Angel: Kyun Kyun☆Tokimeki Paradise!! OVA,27997
Kanojo wa Zombie,32600
Karasu Tengu Kabuto: Ougon no Me no Kemono,3726
Kashou no Tsuki: Aki Kyougen,1036
Legend of Crystania OVA,1150
Lily C.A.T.,3258
Mangirl!: Asobu Henshuu Girl,17351
Ojisan to Marshmallow Special,33201
Pia Carrot e Youkoso!!: Sayaka no Koi Monogatari,216
Queen&#039;s Blade: Rurou no Senshi Specials,6704
Shin SOS Dai Tokyo Tankentai,4471
Shoka,8337
Suki Desu Suzuki-kun!!,7668
Taboo Tattoo,29758
Tooryanse,24109
Usaru-san,7174
Arata Kangatari Picture Drama,19447
Bamboo Blade: CM Fanfu-Fufe-Fo,28815
Bio Hunter,1269
Buddha Saitan,6985
Byulbyul Iyagi,7420
Cinnamon no Parade,14537
Comet Lucifer: Garden Indigo no Shasou kara,31827
Eiyuu Gaiden Mozaicka,8855
Hanabi,31977
Hot Minute: Gudetama,32349
Kagami no Genon,4091
Kare Baka: Wagahai no Kare wa Baka de R,31865
Kikumana,4460
Piano,328
Rokushin Gattai GodMars (1982),9385
Seikon no Qwaser Picture Drama,8668
Show By Rock!!: Legend of Shingan Crimsonz,31072
Strange+,21067
Sushi Ninja,25049
The SoulTaker: Tamashii-gari - Komugi Daisakusen,3849
White Album 2 Picture Drama,28227
Yamato 2520,6718
Yodaka no Hoshi (Music),27789
Backkom,12145
Chime,10799
Dr. Slump Movie 11: Dr. Mashirito &amp; Abale-chan,8551
Geisters: Fractions of the Earth,3104
Himitsu no Akko-chan (Movie),12569
Mai no Mahou to Katei no Hi,9940
Majuu Senshi Luna Varga,2079
Minna Atsumare! Falcom Gakuen SC,25999
Miracle Shoujo Limit-chan,3630
Mu Di,30886
Mujaki no Rakuen,23423
Musaigen no Phantom World: Limitless Phantom World,33164
Nanmu Ichibyousokusai,4097
Nurse Witch Komugi-chan R,31890
Ra/Radio Noise*Planet,12135
Rokushin Gattai GodMars: Juunanasai no Densetsu,2906
Saint Beast: Seijuu Kourin-hen,1037
Tonari no 801-chan R,6641
Toshi Densetsu Monogatari Hikiko,6809
Ultraviolet: Code 044,4264
Xanadu Dragonslayer Densetsu,5920
Zettai Bouei Leviathan: Mini Takibi Gekijou,19397
Adachi-ga Hara,8181
AIKa Zero,6443
Divergence Eve,294
GAME OVER feat. Hatsune Miku,19521
Getter Robo (Movie),8252
Goddamn,9646
Gunslinger Stratos: The Animation - Kikan/Kaze no Yukue,31064
Hello Kitty no Kaguya-hime,22497
Himitsu no Akko-chan: Umi da! Obake da!! Natsu Matsuri,12971
Kikou Sennyo Rouran,1947
Koneko no Rakugaki,6993
Naikaku Kenryoku Hanzai Kyousei Torishimarikan Zaizen Joutarou,1740
Najica Dengeki Sakusen,321
Pankis! 2-jigen,28247
Sarutobi Ecchan,6311
Scoopers,9239
Time Slip Ichimannen: Prime Rose,5293
Tsuki wa Higashi ni Hi wa Nishi ni: Operation Sanctuary OVA,12881
Tuzki: Love Assassin,23903
Wakusei Robo Danguard Ace tai Konchuu Robot Gundan,8707
Yes! BanG_Dream!,32338
Ai to Ken no Camelot: Mangaka Marina Time Slip Jiken,5931
Antinotice,15423
Cream Lemon: Lemon Angel,3205
Duel Masters Movie 1: Yami no Shiro no Maryuuou,3669
Gensou Jotan Ellcia,3461
Hana no Ko Lunlun: Konnichiwa Sakura no Kuni,9264
Hate You,11543
Idol Bouei-tai Hummingbird,2465
La Primavera,32748
"Misenai Namida wa, Kitto Itsuka",13195
Oh! Super Milk-chan,1769
Oreca Battle,22735
Sono Kinisasete yo: My My Mai,3095
Strobe Light,24179
Tabidachi: Ami Shuushou,5640
Taisei Kensetsu: Shin Doha Kokusai Kuukou,13691
Tomorrow&#039;s Song,5263
Ultraman USA,12851
"Wake Up, Girl Zoo!",25875
"Wake Up, Girls! no Miyagi PR Yarasete Kudasai!",32382
Ayane-chan High Kick!,2183
Behind a Smile,29291
Cinderella Express,6419
Defend Love,7953
Diabolik Lovers OVA,27417
Gunparade Orchestra,858
Hatsukoi Monster,31109
Himitsu Spark,29778
Inferno Cop Specials,31035
Juusou Kikou Dancougar Nova,1991
Koi Hanabi,8667
Komaneko no Christmas: Maigo ni Natta Present,7461
Mahou no Star Magical Emi: Semishigure,8443
Mangirl!,14045
Marginal Prince: Gekkeiju no Ouji-tachi,1912
Maria†Holic: Run Run Riru Ran Ran Rara,10679
Ninja &amp; Soldier,28991
Nobiro Nobiro Daisuki na Ki,8724
Osiris no Tenbin,31362
Puzzle &amp; Dragons CM,31846
Ryuusei Sentai Musumet,1711
Saa Ikou! Tamagotchi,6798
Seihou Tenshi Angel Links,1226
Shijin no Shougai,7257
Teito Monogatari,1148
Turning Girls,19133
Yuugen Kaisha: Jiken File 00 - Hajimari wa Ayashiku mo Hanayaka ni,15743
Cheer Danshi!! Recap,33798
Chiisana Jumbo,7771
Chou Seimeitai Transformers Beast Wars Metals: Convoy Daihenshin!,9274
Dore Dore no Uta,4158
G-9,5785
Glass no Kamen Desu ga the Movie: Onna Spy no Koi! Murasaki no Bara wa Kiken na Kaori!?,18109
Guardian Hearts-Power UP!,3157
Hoka Hoka Kazoku,8213
Kaitou Tenshi Twin Angel,3805
Lemon Angel (1988/II),3264
Love♥Love?,275
Memories Off,361
Mobile Suit Gundam 0083: Stardust Memory Picture Drama - Uchuu no Kagerou 2,32898
Parol no Miraijima,20961
Samurai Girl Real Bout High School,1098
Sengoku Kitan Youtouden Soushuuhen,1378
Shuten Douji,1227
Teinenpi Shoujo Haiji,8176
vivi,30909
AIKa,366
Angel Cop,1351
Aquarian Age: Saga II - Don&#039;t Forget Me...,1268
Babyshiba,33548
Birth,2607
Bouken! Iczer 3,2292
Busou Chuugakusei: Basket Army,12157
Deimos no Hanayome: Ran no Kumikyoku,5918
Gall Force: New Era,2065
High School Agent,18557
Install Pilot,11043
Kerokko Demetan,307
Lesson XX,1908
Licca-chan to Yamaneko Hoshi no Tabi,9878
Monster Hunter Stories: Ride On,31631
Nayuta,3480
Otome Nadeshiko Koi Techou,13673
Regalia: The Three Sacred Stars,32961
Shining Hearts: Shiawase no Pan - Kokoro ga Todoita Picture Drama,15769
Soul Buster,33775
Strange+ Special,23679
Tetsuwan Atom: Ao Kishi no Kan,17965
Transformers Superlink Special,9528
Transformers: Scramble City,6800
Anime Oyako Gekijou,2882
Chiisana Ojisan,15749
Committed RED,33236
DD Hokuto no Ken 2 Ichigo Aji+,31018
Forsaken,11795
Girlfriend (Kari),24855
Himegoto,22835
Kaitou Tenshi Twin Angel: Kyun Kyun☆Tokimeki Paradise!!,10217
Kokoro Toshokan: Communication Clips,5472
Kotetsu no Daibouken,2527
Mahou Shoujo Nante Mou Ii Desukara.,31793
Minna Agechau♡,4688
Petit Eva: Evangelion@School,4130
Puzzle &amp; Dragons Cross,32772
Shihaisha no Tasogare,1245
Super Mario World: Mario to Yoshi no Bouken Land,32521
Active Raid: Kidou Kyoushuushitsu Dai Hachi Gakari,31790
Avenger,56
Babel Nisei (1992),1665
Bounty Hunter: The Hard,4522
Chocotan!,18599
Chouon Senshi Borgman: Lovers Rain,3763
Cyclops Shoujo Saipuu,17397
Firestorm,2382
G-On Riders,1623
Gokiburi-tachi no Tasogare,4210
Ishida to Asakura,16317
Kingdom of Chaos: Born to Kill,3267
Kizuna (Special),28959
La Rose de Versailles,5415
Match Shoujo,32695
"Mobile Suit SD Gundam Musha, Knight, Commando",9087
"Oyaji no, Imo no Kamisama.",29323
Sailor Victory,1643
Soul Link Special,1625
Three Monks,16506
4-Day Weekend,3685
Ashita e Mukau Hito,32750
Baton,6189
Chokkyuu Hyoudai Robot Anime: Straight Title,17127
DušaN,32139
Full Moon Party,9732
Guardian Hearts,824
Hipira-kun ONA,22983
"Ima, Futari no Michi",30133
Jack to Mame no Ki (1989),9045
Kara The Animation,17141
Kotoura-san: Haruka no Heya,16636
Otaku no Seiza,7915
Princess Rouge,1644
Ryo,14347
SOS TV Walpurgis Night Fever,8706
Techno Police 21C,5090
Ulysses 31 Pilot,10701
Aoi Sekai no Chuushin de,15133
Comet Lucifer,31318
Gdleen,7139
Kodomo no Keijijougaku,8333
Medamayaki no Kimi Itsu Tsubusu?,24275
Nanairo Kakumei,31738
Planet:Valkyrie,21641
Rio: Rainbow Gate!,8241
Sekai de Ichiban Tsuyoku Naritai!,11763
Sekai Kei Sekai Ron,12133
Shin Onimusha: Dawn of Dreams the Story,3498
Sora Iro no Tane,2616
T.P. Sakura: Time Paladin Sakura,9393
The Epic Of ZektBach,10545
6♥Princess,20913
Cosplay Complex,982
D-1 Devastator,9409
Dededen,30289
Dibetagurashi: Ahiru no Seikatsu,17733
Early Reins,1928
First Squad,4012
Ghibli ga Ippai Special Short Short,24975
Gun x Sword-san,5501
Hoshizora Kiseki,1220
Idol Project,2072
Kakyuusei 2: Hitomi no Naka no Shoujo-tachi,510
Katsura Hime,28419
Kita e: Pure Session,18643
Melody,8936
Nenga no Kizuna,28665
Nexus,19727
SD Gundam Gaiden,1939
Si Ling Bianma: Zhi Shijie Caozong Zhe,33508
Space Station No.9,3820
Youkoso Jitsuryoku Shijou Shugi no Kyoushitsu e,30813
Beast Saga,15795
Boku no Imouto wa &quot;Osaka Okan&quot;: Uchi no Oniichan wa Tokyo Rule,18419
Boku wa Kuma,7518
Crazy for It,29943
Donyatsu Specials,26079
Dream Creator feat. GUMI,19519
Gakuen Handsome: Legend of Sexy,33911
Hashire!,7466
Kaichuu!,9205
Kamisama Dolls Specials,11715
Koi-ken!: Watashitachi Anime ni Nacchatta!,12237
Magma Taishi,3235
Mahou Shoujo Sonico★Magica,10519
Ninja Mono,1440
Stitch!: Piko Kara no Chousenjou,8963
Tactical Roar Special,1790
Yoshino no Hime,4660
Yu Bang Xiang Zheng,21081
Ame to Shoujo to Watashi no Tegami,1223
Bab Mook Ja,30053
Fushigi na Somera-chan,30746
Juuza Engi: Engetsu Sangokuden - Gaiden Youzhou Genya,22295
Kakko Kawaii Sengen!,9627
Kiitarou Shounen no Youkai Enikki,33244
Kikyuu,29770
Koi Koi 7 Specials,2910
Long Riders Recap,34367
Marie &amp; Gali Episode Zero,6355
Mobile Suit SD Gundam Mk V,6792
Mother: Saigo no Shoujo Eve,1154
Refrain Blue,676
Yuki Terai,6412
Boku no Imouto wa &quot;Osaka Okan&quot;,16405
Choboraunyopomi Gekijou Dai Ni Maku Ai Mai Mii: Mousou Catastrophe,23551
Dark Side Cat,6721
Erementar Gerad: Aozora no Senki,17693
Fake Doll,19187
Hatsune Miku: Hiyashite Narasou Okashi no Ii Oto,33905
Koi Koi 7,668
Mahou no Tenshi Creamy Mami: Zutto Kitto Motto,32256
Mugen no Ryvius: Illusion,13233
Oshare Kozou wa Hanamaru,2091
Shukufuku no Campanella Specials,9167
11eyes Picture Drama,20557
Blade &amp; Soul Specials,23781
Bloodivores,33985
Dai Yamato Zero-gou,7122
DragonBlade,5889
Garo: Guren no Tsuki,28537
Handsome Girl,1115
Juusenki L-Gaim II: Farewell My Lovely + Pentagona Doors,2600
MAPS,1620
Mujigen Hunter Fandora,5907
Pankunchi,5260
Psycho Diver: Mashou Bosatsu,1767
Rolling☆Girls: Chibi☆Rolling☆Girls Korokoro Gekijou,30499
Ten no Kawa,8722
Yuri Seijin Naoko-san,9608
Akai Hayate,4923
Kantoku Fuyuki Todoki,23213
Kobutori (1929),5875
Koroshiya 1 The Animation: Episode 0,2346
Kotatsu Neko (ONA),5842
Kumo to Tulip,3990
Kuro to Kin no Akanai Kagi.,16023
Mahou Shoujo Lyrical Nanoha: Lyrical Toy Box,12101
Meshimase Lodoss-tou Senki: Sorette Oishii no?,23229
Moshidora Recap,29834
Santa Company,16381
Seirei Tsukai,1866
Selector Infected WIXOSS: Midoriko-san to Piruruku-tan,27613
Shounen Ashibe: Go! Go! Goma-chan,32571
Toukiden: The Age of Demons - Introduction,22137
Uchuu Enban Dai-Sensou,5620
"Wake Up, Girl Zoo! Miyagi PR de Go!",33105
Youchien Senshi: Hanamaru Girls,16648
Yume no Ukiyo ni Saitemina,29707
Anisava,27757
Cream Lemon: New Generation,5167
Down Load: Namu Amida Butsu wa Ai no Uta,3152
Fire Emblem,2782
Flying Witch Petit,32954
Ginsoukikou Ordian,832
Hoshi no Umi no Amuri,3390
Little Nemo Pilot (1987),20463
Meisou! Underworld,23837
Moegaku★5,3573
Namida no Tsubomi,17891
Neko nanka Yondemo Konai.,31777
Norn9: Norn+Nonet Recap,32879
Youkai Ningen Bem (2006),4823
Bara no Hana to Joe,9279
Battery,32947
Dragon Slayer Eiyuu Densetsu: Ouji no Tabidachi,3025
Dragoon,3968
Duel Masters,1685
Haru wa Kuru,13255
Kaitou Reinya,7561
Majokko Club Yoningumi: A Kuukan kara no Alien X,2080
Malice@Doll,2261
Meisou-Ou Border,16255
Mobile Suit Gundam ZZ: Gundam Frag.,9708
Moon Festa,24995
Onsen Yousei Hakone-chan,31143
Persona 3 the Movie Meets “Walkman”,32735
Pugyuru,786
REACH x Thermae Romae: Pietrada no Kekkon,23895
"Slime Boukenki: Umi da, Yeah!",8664
Sweet Valerian Specials,3863
Tobira wo Akete,3192
Turnover,30358
YanYan Machiko,8631
Asako Get You!!,16319
Babel Nisei (2001),1664
Goulart Knights: Evoked the Beginning Black,6787
Hoshi no Kirby: Pilot,11717
Hoshikuzu Paradise,4452
Houkago no Tinker Bell,13299
Kashi no Ki Mokku,2574
Mahou no Princess Minky Momo vs. Mahou no Tenshi Creamy Mami,8972
Ryuu Seiki,4318
Shizuku,1989
Sweet Valerian,2727
Ttori wa Zeta Robot,16798
Unkai no Meikyuu Zeguy,1176
X Densha de Ikou,1973
Calm,29772
Coluboccoro,11735
Cosplay Complex: Extra Identification,983
DinoZone,3499
Gakuen Tokusou Hikaruon,1927
Gregorio,32755
Hatsune Miku x Tetsuya Nomura,28439
Inishie no Megami to Houseki no Ite,30080
Karen Senki,27503
Kekkou Kamen,2525
Ladies versus Butlers! Tokuten Disc Music Clip,8619
Lupin Shanshei,16183
Military!,26085
Shishunki Bishoujo Gattai Robo Z-MIND,2731
Taiyou no Hou: El Cantare e no Michi,7985
Tang Lang Bu Chan,31972
All That Gundam,5270
Anitore! XX,33746
Aquarion Logos,30382
Arabian Nights: Sindbad no Bouken,7786
Baka Misérables,20705
G-On Riders Special,24637
Grandeek,2365
Gundam: Mission to the Rise,4540
Lime-iro Ryuukitan X,2308
Mahou Shoujo Lalabel: Umi ga Yobu Natsuyasumi,7807
Peeping Life: The Perfect Extension,16377
Rean no Tsubasa,574
Toukiden 2,33366
Touyama Sakura Uchuu Chou: Yatsu no Na wa Gold,12399
Usakame,32454
Waza no Tabibito,10904
Wellber no Monogatari: Kanashimi no Senshi Galahad no Banka,9365
7-kakan.,32853
Divine Gate,31710
Honey Tokyo,8526
HORIZON feat. Hatsune Miku,19185
Jikuu Tenshou Nazca,1775
Juusenki L-Gaim I: Pentagona Window + Lady Gyabure,2599
Kagaku na Yatsura,15391
Kyoto Animation: Hana-hen,13373
lilac (bombs Jun Togawa),31830
Mori no e,29757
Nimrod,19237
Platonic Chain: Web,5492
Shin Seiki Den Mars,1712
Super Milk-chan,1743
Super Speed,9667
Suteneko Tora-chan,5662
Tie Shan Gongzhu,9521
Top wo Nerae! Gunbuster Specials,7248
Wizardry,1076
_Summer,1692
Ali Baba to 40-hiki no Touzoku,3843
Aoi Umi no Tristia,1586
Bihada Ichizoku,4908
Hakimono to Kasa no Monogatari,30199
Inuki Kanako Zekkyou Collection: Gakkou ga Kowai!,8920
Loups=Garous Pilot,12723
Princess Lover!: Magical Knight Maria-chan,8231
Sekiei Ayakashi Mangatan,12907
Sugar*Soldier,21773
Aura Battler Dunbine OVA,5372
Chaos Dragon: Sekiryuu Seneki,30091
Cheating Craft,33771
Chou Kousoku Gran Doll,1992
Egao no Hana,9502
Gundam: G no Reconguista,23259
Kojiki: Hyuuga-hen,31769
Mahou Yuugi 3D,2278
Mikan-Seijin,6907
Mobile Suit Gundam: Zeonic Front - Indignation of Zeon.,20667
School Days: Magical Heart Kokoro-chan,3328
Seihou Tenshi Angel Links Special,23595
Sekai de Ichiban Tsuyoku Naritai! Specials,21009
Studio Khara vs. CyberConnect2 Gachinko! Animation Taiketsu!,28631
Superflat First Love,6607
Yugami-kun ni wa Tomodachi ga Inai,21775
Blame! Prologue,3430
Chikotan,29585
Futari wa Milky Holmes,17267
Growlanser IV: Wayfarer of the Time,1933
High Score,10958
Irodorimidori: Change Our Mirai!,31300
Kyoukasho ni Nai!,1271
Mahou Shoujo Taisen,21421
Monster Farm 5: Circus Caravan OVA - Kessei!! Orcoro Circus,15937
Okubyou na Venus,9826
Oval x Over,4103
Parappa the Rapper,3736
Popful Mail,23029
Portable Kuukou,3821
Rakushou! Hyper Doll,2522
Shounen Kenya,2311
Show By Rock!!: Plasmagica na Gogo,31073
Youseiki Suikoden,1766
Alps no Shoujo Heidi Pilot,10813
Choboraunyopomi Gekijou Ai Mai Mii,16169
Choujin Locke: Mirror Ring,4967
Chuumon no Ooi Ryouriten (1993),30967
ClassicaLoid,31157
Grendizer Giga,31467
Hoshi no Orpheus,2876
Imokawa Mukuzo: Genkanban no Maki,17387
Love Position: Halley Densetsu,5878
Mini Moni the TV,4104
Next Senki Ehrgeiz,4929
Onizushi,33213
Ravex in Tezuka World,6513
Sakura Taisen: Kanadegumi,15127
Soul Link Picture Drama,10373
AIKa: Special Trial,4718
Akane Maniax,281
Awake,11087
Battle Break,13041
Battle Royal High School,3625
Doudou,13407
Hashire Melos,8554
Lupin VIII,13249
Mame-Mofu Collab Animation,33549
Minna Atsumare! Falcom Gakuen,21427
Misute♡naide Daisy,1936
Ougon no Hou: El Cantare no Rekishikan,3496
Peeping Life TV: Season 1??,31549
Romantica Clock,21771
Satsujin Kippu wa Heart-iro,16247
Tokiwa Kitareri!!,32564
Utopa,30920
Band of Ninja,5232
Denshinbashira no Okaasan,10375
Doggy Poo,4147
Fuuun Ishin Dai☆Shogun,21821
Ice Movie,9053
Kyoto Animation: Hoshi-hen,13309
Onara Gorou,33274
PES: Peace Eco Smile,13427
Platonic Chain,611
Shinkai no Kantai: Submarine 707,16251
Transformers Zone,6038
Variable Geo,1183
Alexander Senki,1442
Boku no Imouto wa &quot;Osaka Okan&quot;: Haishin Gentei Osaka Okan.,16936
Canvas: Sepia-iro no Motif,695
Cyborg 009: The Reopening,9629
Diabolik Lovers,17513
Evidence,11511
Hacka Doll,25943
I&#039;m Here with You,8659
Iczer-Girl Iczelion,1831
Ishikeri,31310
Joseito,6266
Kataribe Shoujo Honoka,31377
Kidou Shinsengumi Moeyo Ken,1058
Landlock,2078
Makkuramori no Uta,21715
Moekan The Animation,625
Ninja Ryuukenden,619
Taneyamagahara no Yoru,2767
Uchurei!,6947
VS Knight Lamune &amp; 40 Fresh,1411
Alice in Cyberland,5330
Cosmo Police Justy,2056
Gakuen Handsome: Haitoku no Lesson,33912
Go! Go! 575,21267
Ippatsu Hicchuu!! Devander,13693
Love Like Aliens,17293
Mahou no Yousei Persia: Escape!,22293
Mayoiga,32438
Nurse Witch Komugi-chan Magikarte Z Special,10520
Planetes Picture Drama,10735
Relic Armor Legaciam,2094
Saiki Kusuo no Ψ-nan,19469
Seisen Cerberus: Ryuukoku no Fatalités,32595
Shokupan Mimi,9561
Sword Gai,31966
Umi no Mizu wa Naze Karai,6835
Violence Jack: Jigoku Gai-hen,1342
Ai City,5053
AIKa Zero Picture Drama,7453
Ano Koro no Namida wa,8669
Ariel Deluxe,2837
Around,19233
Bavel no Hon,4458
Chains &amp; Rings,8628
Dimension Loop,3684
Endride,32608
Hietsuki Bushi,32618
Katsudou Shashin,33187
"Korekarasaki, Nando Anata to.",31252
Makyou Gaiden Le Deus,4058
Mission School,21055
Mizutori,8697
Nana to Kaoru,9741
Nanako Kaitai Shinsho,816
Princess Minerva,2529
Toukiden Kiwami,25873
Usagi-chan de Cue!!,991
Antique Heart,5926
Circuit Angel: Ketsui no Starting Grid,8898
Doukyuusei 2 (OVA) Special: Sotsugyousei,5647
Exper Zenon,10463
Kyoufu Shinbun (2014),30463
Mai Zhu,20713
Makeruna! Makendou,2081
Onnanoko tte.,29825
Robo to Shoujo (Kari),11661
Shibainuko-san,13141
Yona Yona Penguin,7314
Zoku Natsume Yuujinchou: 3D Nyanko-sensei Gekijou,19945
1989,30234
Asatte Dance,8643
Bouken Shite mo Ii Koro,5648
California Crisis: Tsuigeki no Juuka,3127
Compiler Festa,5237
Dallos Special,10313
Hanappe Bazooka,4042
Kaijuu Girls: Ultra Kaijuu Gijinka Keikaku,33011
Kuragehime: Soreike! Amars Tankentai,10391
Love to Live By,6667
Makaryuudo Demon Hunter,6184
Maken Liner 0011 Henshin Seyo!,11269
Minarai Chameleon,8660
Okitegami Kyouko no Bibouroku x Monogatari,32191
Souseiki,3473
Stitch to Suna no Wakusei,25891
Wish Me Mell,11789
Aesop&#039;s World,4709
"Ai think so,",31908
Channel 5.5 2nd Season,29822
Hana to Mogura,13089
Macross Fufonfia,4939
Molly Star-Racer,9361
Mugen Shinshi: Bouken Katsugeki-hen,8162
Super Mario Brothers: Peach-hime Kyuushutsu Daisakusen!,3886
Wake Up! Dodo,30425
Beat Shot!!,7155
Biohazard 4D-Executer,5624
Bounty Dog: Getsumen no Ibu,1811
EDEN,19137
Gekkou Shokudou,32761
It Girl,27793
Life no Color,6305
Marie &amp; Gali Special,6684
Minions x Godzilla x Toho Cinema Collaboration Tokubetsu Eizou,32699
Mugen Senshi Valis,22943
Onna Senshi Efe &amp; Jira: Gude no Monshou,2069
Toilet no Kamisama,25639
Wasure-boshi,21591
B Who I Want 2 B,31880
Bulg-eunmae,1776
Elf 17,9324
Galerians: Rion,1611
Glass no Kamen Desu ga,17707
"Go! Go! 575: Meippai ni, Hajiketeru?",28077
Jigen Sengokushi: Kuro no Shishi - Jinnai-hen,1759
Shokupan Mimi Specials,32875
Uchuu Hikoushi no Uta,8704
Kai Doh Maru,1622
Kyoto Animation: Hassou-hen,17811
Lance N&#039; Masques,24011
Lost Forest,21089
Minarai Diva,23375
Monkey Punch no Sekai: Alice,3640
Moonrakers,23835
Oosouji,24199
UG☆Ultimate Girls,354
White Fantasy,28775
Bamboo Blade: Fanfu-Fufe-Fo,28813
Christmas,17245
Crash!,15893
Kyoto Animation: Ajisai-hen,13259
Kyoufu no Bio Ningen Saishuu Kyoushi,2780
Mahou no Pen,7524
Marine Bloomin&#039;,33910
Pareo wa Emerald,30576
Q Transformers: Kaette Kita Convoy no Nazo,28401
R20: Ginga Kuukou,6390
Refrain,32781
Shimanchu MiRiKa,10407
Tora-chan to Hanayome,12603
Ugokie Kori no Tatehiki,3929
Wild 7 Another Bouryaku Unga,1745
Ankoku Shindenshou Takegami,1244
Capricorn,2053
Cosmos Pink Shock,4150
Gyo,10417
Kanojo ga Kanji wo Suki na Riyuu.,31618
Macross XX,5051
Minihams no Kekkon Song,22469
Murder,3743
OZ,2785
Psychic Force,1027
Shin Megami Tensei: Tokyo Mokushiroku,1338
Ai Mai! Moe Can Change!,12501
Big Order (TV),31904
Dead Heat,10780
Densha Kamo Shirenai,6777
Kaette Kita Top wo Nerae! Kagaku Kouza,24123
Last Orders,21663
Nulu-chan to Boku,20869
Shinano Mainichi Shinbun,25271
Wakusei Daikaiju Negadon,3070
World Fool News,24437
Yuureisen,11447
Dennou Sentai Voogie&#039;s★Angel,2453
Fushigi na Kusuri,13083
Gundress,1160
Hagane Orchestra,34013
Koroshiya-san: The Hired Gun,20329
KY Kei JC Kuukichan,19925
Kyoufu Densetsu Kaiki! Frankenstein,6978
Momo Kyun Sword,22225
Peeping Life: The Perfect Emotion,16371
Pink Mizu Dorobou Ame Dorobou,11659
Transformers: Robot Masters,7862
Yakusai Kochou,2384
009 Re:Cyborg x Zip,32737
Baby Felix,8220
Bishoujo Mobage: Mobami-chan,25991
Delpower X Bakuhatsu Miracle Genki!,2058
Dream C Club Pure Songs Clips,9650
Good Morning,8626
Hoka Hoka Oden no Uta,24321
Joker: Marginal City,3661
Jungle de Ikou!,2524
Kaede New Town,5799
Kuro Nyago,4398
Momoya x Peeping Life: Go en Desu yo!,19337
Planzet,8297
PostPet Momobin,1656
Shinjuku Shin-chan Patrol: Warui Otona ni Ki wo Tsukete,5193
Sora wa Koko ni Aru,23917
Sotsugyou M: Ore-tachi no Carnival,2779
Violence Jack: Hell&#039;s Wind-hen,1343
Anime Tenchou Movie,9861
Barom One,1667
Be-Boy Kidnapp&#039;n Idol,2220
Eien no Aselia,503
I Love Sky,25975
InaDan Movie x Mameshiba Collab CM,33544
Kyoto Animation: Sora-hen,13375
Majuu Sensen: The Apocalypse,1708
Mayonaka wa Junketsu,22093
Moving Colors,33449
Nakoruru: Ano Hito kara no Okurimono,1937
Rakugaki Picasso,24201
Reunion (Music),19287
Riki-Oh 2: Horobi no Ko,3511
Stay the Same,15653
Tokyo Juushouden,1052
Vanquished Queens Specials,18231
Backkom: Jung-gug Gijeogwi,26015
Digital Juice,1105
Futago no Mahoutsukai Lico to Gli,25293
Gokicha!!,10258
Legend of Lemnear: Kyokuguro no Tsubasa Valkisas,434
Meat or Die,7721
Midori no Neko,11799
Nebula feat. Hatsune Miku,20857
E no Umakatta Tomodachi,24197
Happy ComeCome,29515
Homé-Pato the Movie,30766
Maryuu Senki,6061
Power Dolls,1820
Souhaku Shisuferia,13857
Timing,9662
Tomoe ga Yuku!,4927
Yubi wo Nusunda Onna,30862
100%,7374
Abashiri Ikka,305
Ariel Visual,2839
Asa ga Kuru mae ni: Sasurai Version,22411
Big Wars: Kami Utsu Akaki Kouya ni,2622
Docchi ni Suru?,6797
Fen Qing,30534
Francesca,22955
Happy Kappy,10347
Hit wo Nerae!,964
Ikeike! Momon-chan,18133
Kaumori,5631
Pair,11189
Suzakinishi the Animation,30826
Yumekuri,15535
A-Girl,5447
Bernard-jou Iwaku.,33462
Hit wo Nerae! Specials,1741
Kimi wa Tomodachi,29353
Kinniku Banzuke: Kongou-kun no Daibouken!,10360
Kokoro ga Sakebitagatterunda. x Sony Hi-Res &quot;Walkman&quot; and Headphone,33170
Marine Dreamin&#039;,33909
Neon The Animation,17697
Obake no Dokurou,30324
Pan de Peace!,31498
Teddy,30394
Twinkle Heart: Gingakei made Todokanai,10355
Angel&#039;s Feather,1640
Boku wa Konomama Kaeranai,1216
Bologee Story,7504
Choboraunyopomi Gekijou Dai Ni Maku Ai Mai Mii: Mousou Catastrophe Special,25439
Double-J,10838
Kipling Jr.,7450
Megami Tengoku,2528
RS Keikaku: Rebirth Storage,32950
Sono Mukou no Mukougawa,12993
Uchuu Kyoudai: Apo&#039;s Dream,13479
Urarochi Diamond,4098
663114,13971
Anitore! EX,31519
Apartment!,8701
Blame! Special,3429
Choro Q Dagram,2258
Copihan,10801
Good Morning Althea,2482
Jikuu Ihoujin Kyoko: Chocola ni Omakase!,1613
Meiji x Kokosake &amp; anohana Receipt Oubo Campaign,31165
Minihams no Ai no Uta,22467
SD Gundam Force,2391
With You: Mitsumeteitai,2538
Amon Saga,2249
Atama wa Tsukaiyou. Card mo Tsukaiyou.,29141
Bavi Stock,10105
Be Blues! Ao ni Nare,22205
Kennosuke-sama,18603
Kimi ga Nozomu Eien: Gundam Parody,9170
Okashina Hotel,22841
Old City Ward,19239
Peeping Life,6525
Rinkaku,18831
Wake Up,31568
3-Nen C-Gumi 14-Ban Kubozono Chiyoko no Nyuukaku,24181
Heya/Keitai,23061
MapleStory,2719
Nekketsu Tantei Jimusho,20581
Nihonichi Momotarou,5632
Prayers,2455
Shounen Jack to Mahoutsukai,9392
Sparrow&#039;s Hotel,17849
Sugio: Mori de Koi wo Shite,31807
Toyama Kankou Anime Project,10511
Virus: Virus Buster Serge,2364
Worku,7511
Yuki no Taiyou Pilot,15021
Anitore! EX: Jigoku no Training,32886
Baguda-jou no Touzoku,28041
Fantasia,3597
Fushigi no Umi no Nadia: Original Movie,1252
I Love Picnic,25973
Marriage: Kekkon,2082
Meow no Hoshi,32588
Michi (Music),7296
Mirai Koushi Harima SACLA,21471
Oshiri Kajiri Mushi (TV) 4th Season,31747
PoPo Loouise,24315
Shinrabanshou: Tenchi Shinmei no Shou,24719
Tokyo Juushouden: Fuuma Gogyou Denshou,25591
Hungry Zombie Francesca!!,33578
Kaitou Reinya Pilot,18375
Kaze no Invitation,23157
Minna Atsumare! Falcom Gakuen SC Special,30489
Sayonara Space Shuttle,32856
Surprise 4 U.,24237
Tokyo Babylon: Vision,24139
_Summer Specials,4827
DPR Special Movie,20951
Fr/day Night,32854
Hermes: Ai wa Kaze no Gotoku,6937
Hyakka Zukan,7244
Juujika You and I,19481
Mattsu to Yanma to Moburi-san: Nanatsu no Hihou to Soratobu Oshiro,27949
Nekko-kun,8773
Oira Sukeban,2790
Organic,13519
Scandal,6491
Sengoku Choujuu Giga,33803
Shokichi Monogatari,9910
Tokyo Vice,2003
48x61,10979
AKB48 Stage Fighter,29850
And And,19217
Choujin Locke Special,17048
Hizumu Realism,32749
Kid&#039;s Castle,7451
Koguma no Koro-chan,9850
Loups=Garous Picture Drama,10104
Message Song,8752
Mushi no Tameiki,10941
"Nemure Omoi Ko, Sora no Shitone ni",30473
New Hal &amp; Bons,3517
Osu,1982
Schick x Evangelion,31115
Space Travelers The Animation,3817
Television,8682
"Watashitachi, Luck Logic-bu!",32084
"Yume kara, Samenai",7482
Glasslip,23079
Hanaori,7255
Niedola,31641
Pi~hyara Kouta,22473
Tomato ni Natta Otokonoko,31624
W: Wish Omake,9967
Adesugata Mahou no Sannin Musume,5246
Choushin Hime Dangaizer 3,1627
Cornelis,13369
Dengeki Oshioki Musume Gootaman R: Ai to Kanashimi no Final Battle,5549
Kamakura,28987
Oshiri Kajiri Mushi (TV) 2nd Season,19755
Peeping Life: The Perfect Evolution,16373
Seishoujo Kantai Virgin Fleet,1772
Shigeo wa Handsome,33692
Shiroi Michi,8696
Tabi,7258
The Impression of First Gundam,19977
Akai Boushi,8731
Elysium,2941
Haja Kyosei G Dangaiou,2521
Happy Kappy Recap,11389
Hiyoko Gumo,8782
makemagic,32346
Modern No.2,19219
Summer Train!,31107
Insomniac,29955
Kämpfer Picture Drama,7782
Kouryuu no Mimi: Mina no Shou,2737
Maji de Otaku na English! Ribbon-chan: Eigo de Tatakau Mahou Shoujo - The TV,19207
SOS TV Walpurgis Night Fever Episode 0,8710
You Shoumei Bijutsukan Line,6183
Macross Fufonfia Specials,28809
Mini-Chara Macross,31494
Peeping Life: The Perfect Emotion Special,17161
Pony Metal U-GAIM Promotion Film,19279
Saiko Robot Kombock,3772
Samurai Spirits: Haten Gouma no Shou,2591
Sentou Yousei Shoujo Tasukete! Mave-chan,1515
The Tales of Rien Village #1: &quot;Toilet ni Ittokiya&quot;,7423
Tobacco to Hai,12295
Venus Project: Climax,30251
Zekkyou Gakkyuu,15891
Zonmi-chan: Meat Pie of the Dead,32934
Buddy Spirits,21107
Chinka,29609
Harbor Light Monogatari: Fashion Lala yori,3320
Hikenai Guitar wo Hikundaze,30428
Ikeike! Momon-chan Specials,18425
Nora,2088
Sanjougattai Transformers Go!,19171
Tarou-san no Kisha,5873
Top wo Nerae 2! Kagaku Kouza,20547
Yasashii Lion,12789
Zekkyou Gakkyuu: Tensei,33103
Call Me Tonight,2147
Charady no Joke na Mainichi,6131
Hen,2317
Inferno Cop: Fact Files,17843
Itsumademo Tabibito,8718
Kujira (1952),7528
Kyutai Panic Adventure Returns!,23935
Mikan-bune,7497
Neo Satomi Hakkenden: Satomi-chanchi no Hachi Danshi,13515
Oshiri Kajiri Mushi (TV) 3rd Season,27687
Princess Army: Wedding★Combat,3605
Sun Set Sun,32764
Wagamama High Spec,31439
3-tsu no Hanashi,8774
Ame-iro Cocoa in Hawaii,33245
Bokura no Hero,15525
Compiler,3026
Diabolik Lovers Recap,20919
Eien no Hou,6939
Explorer Woman Ray,4252
Onigiri,32606
Ijime: Ikenie no Kyoushitsu,12599
Keitai Shoujo,1725
LolitA☆Strawberry in Summer,24633
Luigi&#039;s Toy Adventure,28717
Many Things SD Gundam,30840
Ozmafia!!,32697
Violence Jack: Harlem Bomber-hen,1341
Yami no Shihosha Judge,1340
Zettai Junpaku♡Mahou Shoujo,16656
Daimajuu Gekitou: Hagane no Oni,1819
Dangobei Torimonochou: Hirake - Goma no Maki,28057
Happy Weekend,8772
Kangaroo no Tanjoubi,6843
Kumo ga Haretara,8717
Lightning Trap: Leina &amp; Laika,3596
Master of Torque 2,25393
Military! Special,30600
Mushiba Tetsudou,27437
Mutant Turtles: Choujin Densetsu-hen,1059
Omake,10674
Saru Masamune,4391
Swimming,29956
Urawa no Usagi-chan,27927
Ano Ko ni 1000%,7475
Answer,32789
Coffee Break,29629
Fuku-chan no Sensuikan,7523
Idol Ace,7569
Juliet,8993
Kigurumikku V3,6318
Kitsutsuki Keikaku,13085
Orchestra,29946
Recorder,29771
Shin Tenchi Souzou,29673
Soul Reviver,18723
Zettai Shougeki: Platonic Heart Picture Drama,21215
Ane Log: Moyako Neesan no Honpen wo Tobidashite Tomaranai Monologue Specials,30739
Tarzan,30341
Toushinden,2462
Yakimochi Caprice,15533
Balloon,31309
Benkei tai Ushiwaka,12561
Digital Devil Story: Megami Tensei,2983
Netrun-mon the Movie,1075
Oira no Yakyuu,5826
Pacusi,7448
Picotopia,21607
Soukihei MD Geist,1285
Toei Robot Girls,10954
Ahiru Rikusentai,28241
Arcade Gamer Fubuki,1596
Bishoujo Yuugekitai Battle Skipper,1528
Broots,28305
Cool Cool Bye,9356
Genma Taisen: Shinwa Zenya no Shou,1705
Nandarou,2897
Ring of Gundam,7060
Anison Nippon,32289
Chiryokumaru,34324
Hana to Chou,7530
Henna ABC,28355
Momotarou: Umi no Shinpei,2765
Nana-iro Megane,32344
Nara Shika Monogatari,14743
Saboten ga Nikui,8679
Taiko no Tatsujin: 15 Shuunenkinen Short Animation,31102
TOTO Green Challenge,25377
Wanna-Be&#039;s,4176
Akiba-chan,5304
Carol,2054
Chou Akuukan Bouheki Cheese Napolitan,21875
Devour Dinner,19209
Koisuru Niwatori,21717
Mahou no Chocolate,1949
Meitantei Gordon,33693
R²: Rise R to the Second Power,14023
Yuki no Hi no Tayori,30075
A.LI.CE,3463
Ai wa KAT-TUN,12865
Black Ocean,32811
Chou no Sainan,5869
Komachi to Dangorou,16389
Kremlin,15389
Oppai ga Ippai,30160
Pacusi no Uta,7449
Peeping Life: The Perfect Evolution Specials,17163
Space Neko Theater,11729
Tanu no Magical Holiday,25545
Urawa no Usagi-chan Special,31426
Youkoso Uchuujin,13087
Dengeki Oshioki Musume Gootaman: Gootaman Tanjou-hen,5025
Fukashigi no Kazoekata,30105
Futon,28639
Green Dakara x Bakemono no Ko,31108
Hone Hone Rock,30162
Jikuu Bouken Nuumamonjaa,1751
Love &amp; Gift,31512
Maze,28653
Mirakururun Grand Purin!,22471
Nekketsu Uchuujin,8935
Seijuuki Cyguard,3882
Shinpi no Hou,13439
Suisei,7243
Tori,30336
Ai Tenchi Muyou! Recaps,28531
Hanasaka Jijii,18457
Hane,32767
Karo to Piyobupt: Ame no Hi,7488
Kurayami Santa,30947
Litchi DE Hikari Club,15045
Mahoutsukai Nara Miso wo Kue!,14479
Maji de Otaku na English! Ribbon-chan: Eigo de Tatakau Mahou Shoujo,14563
Ni-hiki no Sanma (1968),29701
Wamono,15529
Donna Donna,8719
Enkinhou no Hako: Hakase no Sagashimono,6935
Oshiri Kajiri Mushi (TV),15545
Shiawasette Naani,13441
Tatamp,25461
Tekken,537
Tenpou Suikoden Neo,17353
Yami no Purple Eye,9509
20-dai no Heya-hen,29347
2010,32813
Azure Nihon Data Center,32377
Bikini Warriors,30782
Eat You Up/Bunny,30433
Makai Tenshou,1455
Suzume no Oyado,6827
Tentoumushi no Otomurai,12521
UFO Gakuen no Himitsu,30850
Animegatari x Ghost in the Shell Collab Eizou,33512
Aoi Chou,6856
Ari-chan,28245
Ark IX,17395
Hon Ran,6090
Hyper-Psychic Geo Garaga,1833
Kowabon,30948
Peeping Life: Shinkon-chan Kansai ni Irasshai,24443
Doamaiger D,27785
Gulliver Funtouki,6847
Kogane no Hana,28045
Run=Dim,2362
Scared Rider Xechs,33113
Spectral Force Chronicle Divergence,3695
Cabbage UFO,29455
Fight!!,2022
Idol Memories,33572
Izakaya no Ichiya,6829
New York Trip,30327
Oira no Ski,23759
Afro-Ken,2796
Hana no Hanashi,30393
Makura no Danshi: Sono Ato no Makura no Danshi,31244
Roba Chotto Suneta,30076
Ryokunohara Meikyuu,2219
Sougiya to Inu,28953
Yellow,29904
Dragon Fist,21179
Hantsu x Trash,31491
Tokyo Daigaku Monogatari,1053
Tora-chan no Kankan Mushi,10743
Deva Zan,10639
Ghost,31262
Hal &amp; Bons,3516
Jubilee,11579
Kimi wa Sou Kimeta,30430
Kitakaze Kozou no Kantarou,8681
Makyuu Senjou,1355
Promised Town,33493
Speed,3799
Tensai Banpaku Opening,29173
Time Bokan 24,33026
Umo,30241
Utsukushii Hoshi,30330
Aoki Honoo,3306
Chainsaw Maid,11679
Fuyu no Yoru no Ohanashi,8680
Kakegae no,32291
Karo to Piyobupt: Sandwich,7446
Kiseki,29633
Mogura no Adventure,19125
Prism Magical: Prism Generations!,9506
Sin: The Movie,2262
Tenbatsu Angel Rabbie☆,681
Akaoni to Aooni no Tango,24861
Hanare Toride no Yonna,1031
JaJa Uma! Quartet,1855
Kiekaketa Monogataritachi no Tame ni,7843
"Lies, Lies.",20725
Mormorando,31834
Odin: Koushi Hansen Starlight,1287
Poker,28687
Potecco Babies,8958
Saishuu Shiken Kujira,2967
Sora no Momotarou,4390
TANK S.W.A.T. 01,2181
The New A-Class.: Next Stage with YOU,32384
Tobacco wa Dasai,23401
Asylum Session,6281
Houkago no Pleiades: Manner Movie,10710
Karo to Piyobupt: Ouchi,7445
Kitsune to Circus,24363
Master of Torque,23387
Onaka no Ookina Ouji-sama,30073
Psychedelic Afternoon,25549
Sleepy,30334
Yume,29932
1+2=Paradise,2730
Doubutsu Tonarigumi,28827
Estima: Sense of Wonder,33871
Numa no Taishou,28049
One: Kagayaku Kisetsu e,675
The Baby Birds of Norman McLaren,28765
Choujin Gakuen Gowcaizer: The Voltage Fighters,1560
Goro-chan,31695
Higenashi Gogejabaru,21833
Highway Jenny,6181
Ishindenshin Shiyou,30405
Kago Shintarou Anime Sakuhin Shuu,10003
Kakumeiteki Broadway Shugisha Doumei,22059
Norakuro Nitouhei: Enshuu no Maki,4395
Shinsetsu Kachikachi Yama,31912
Columbos,28955
Dagram vs. Round-Facer,18795
Heybot!,33434
Kaeru San Yuushi,28051
Kyutai Panic Adventure!,23933
Nisou no Kuzu,23053
Owari no Chronicle,13669
Sankou to Tako: Hyakumanryou Chinsoudou,5874
Sin in the Rain,994
The Harmonic Gleam Vibration,22175
Urmă (Zanzou),32790
00:08,28761
Agukaru,9689
Beppu x Peeping Life,29731
First Kiss Monogatari,725
Henna Omamesan,33545
Kawaii Cook-san,24807
Koro wa Yane no Ue,30077
Mugen Kouro,5322
Nido to Mezamenu Komori Uta,7273
Yume no Kakera,5017
Ari Ningen Monogatari,31507
Dreaming Pupa: Yumemiru Bokura,32803
Tekkon Kinkreet Pilot,32247
Chou Kidou Densetsu DinaGiga,2310
Kizuoibito,3064
Mononoke Dance,10584
Ofuro no Kazoe Uta,28197
Present Made no Michinori,32296
Sakura,15455
Spacy,31257
Tanjou: Debut,3513
Tokyo Loop,4761
Usagi to Kame,7494
Doubutsu Mura no Sports Day,5872
Hell Target,11411
Momotarou no Umiwashi,6857
Spelunker Sensei,10406
Ashiaraiyashiki no Juunin-tachi.,8064
Avignon no Hashi de,8778
Doubutsu Mura no Daisodou,6848
Mayo Elle Otoko no Ko,9337
Nougyou Musume!,8952
PES: Peace Eco Smile - Drive your Heart,18841
Salad Land,14235
Banana Mura ni Ame ga Furu,29107
Cipher,11867
Mura Matsuri,6769
Ni-hiki no Sanma,7021
Norakuro Nitouhei: Kyouren no Maki,5871
Oshiruko,5880
Shiawase no Uta,30081
12-gatsu no Uta,29411
Ahiru no Otegara,6852
Amada Anime Series: Super Mario Brothers,4389
Gunnm 3D Special,17659
Kanzen Shouri Daiteiou,9221
Ooatari Sora no Entaku,4392
Sorette♡Dakara ne!,10859
Super Express Mazinger 7,3252
Taku Boda,30404
Tsuru Shitae Waka Kan,31760
Issunboushi: Chibisuke Monogatari,6836
Kuma ni Kuwarenu Otoko,6846
MD Geist II: Death Force,1286
Ojousama Sousamou,2057
Omoide no Album,8729
Peeping Life Specials,17159
Symphonic Variations,30074
Armored Core: Fort Tower Song,3960
Chou Henshin Cosprayers Specials,765
Clarinet Kowashichatta,24843
Computer Obaachan,22427
Funny Pets,2232
Ganso Banana no Tamashii,28897
Kaidan,23065
Legend of Duo,600
Playground,29766
Yuuki Hitotsu wo Tomo ni Shite,8732
Anata mo Robot ni Nareru feat. Kamome Jidou Gasshoudan,30431
Anima,13513
B.B. Fish,5904
Katsugeki Shoujo Tanteidan,9491
Marimo no Hana: Saikyou Butouha Shougakusei Densetsu,13835
Modern,28587
Natsumi Step!,21891
Osakana wa Ami no Naka,752
Robot Taekwon V,10763
Seiyuu Deka,18047
Aoki Seimei Hoken,31513
Chou Henshin Cosprayers,112
Coffee Tadaiku,5299
Fantasy,31831
Hand Soap,28993
Haru no Ashioto The Movie: Ourin Dakkan,1621
Kenju Giga,7259
3-tsu no Kumo,7809
Genma Taisen,1626
Instant Music,30424
JRA Hokan Keikaku,32739
Kore ga UFO da! Soratobu Enban,4250
Tousan no Tsukutta Uta,8733
Waanabi.jk,19811
"Yasashii Fue, Tori, Ishi",29905
Beluga,28951
Kitte no Nai Okurimono,8645
Norakuro Gochou,4394
Shoujouji no Tanuki-bayashi Ban Danemon,6832
Tengu Taiji,6837
Yoru no Hi,12919
Blue Remains,4733
Cherry Blossom (Music),32765
Double Circle,21335
Kuchao,29944
Metamorphose,31833
Peaceful Times (F02) Petit Film,23023
The Chocolate Panic Picture Show,5622
Urashima Tarou,7485
Yomiuri Shimbun,25291
Aru Zombie Shoujo no Sainan,31014
Metropolitan Museum,8730
Oyoge ya Oyoge,6842
PuriGorota: Uchuu no Yuujou Daibouken,5656
Susume! Gachimuchi Sankyoudai,8957
The Humanoid: Ai no Wakusei Lezeria,2974
&quot;0&quot;,20707
3-Nen D-Gumi Glass no Kamen,33975
Akuma no Kairozu,31267
Kennel Tokorozawa,13715
Kiseichuu no Ichiya,7025
Saru to Kani no Gassen,10742
Shogi Hour,8968
The Green Wind,13795
Umacha,9777
Yami wo Mitsumeru Hane,7810
Arigatou Gomennasai,30399
Bishoujo Yuugi Unit Crane Game Girls Galaxy,33541
Chinkoroheibei Tamatebako,12803
Maabou no Kinoshita Toukichirou,6841
Vie Durant,4266
BAR Kiraware Yasai,29865
Furudera no Obake-soudou,5838
Hakubutsushi,31759
Ishida to Asakura Special,18149
Many Mary,25533
Noisy Birth,5158
Otogi no Kuni no Birthday,14125
Yakusoku,30400
Ainone,32804
Arigatou Thank You,8716
Chirico,22165
Dambo,7512
Ski Jumping Pairs: Road to Torino 2006,10627
A Play,29902
Kerorinpasu,32293
MTV Japan Station ID,29933
Quantum Leap,22417
Rule,30401
Cherry no Manma,6346
Comics,30332
De:vadasy,1529
Dracula no Uta,21831
Mr. Empty,30427
Ai Sky Tree 21,32295
Hana,29597
Ichigeki Sacchuu!! Hoihoi-san: Legacy,24847
Kitte no Gensou,7032
Papillon Rose,3112
Beautiful Name,30078
Chagama Ondo,17076
Fantastic Cell,29768
Animal Dance,10436
Hibari no Yadogae,5870
Issho ni Training Ofuro: Bathtime with Hinako &amp; Hiyoko,9744
Portrait,30335
Jigazou,4966
Lingerie Senshi Papillon Rose,1995
Raja Maharaja,8671
Arcade Gamer Fubuki Extra,5715
Kokka Kimigayo,4393
Navia Dratp,5602
Nouryou Anime: Denkyuu Ika Matsuri,30659
Tokyogurashi!,33119
Hanabeam,15527
Million Doll,29941
Rayca,3490
Shuranosuke Zanmaken: Shikamamon no Otoko,1451
Hana no Hi,20153
KochinPa!,32400
Norakuro Shoui: Nichiyoubi no Kaijiken,6850
Odoroki Ban,29681
Zonmi-chan: Halloween☆Special Movie!,33042
Anygedybudybombom,32779
Ketsuekigata-kun! Featuring Yuri &amp; Nasuno,19297
Makura no Danshi,30705
Oshiri Kajiri Mushi,8604
Sayokyoku,31761
Ame-iro Cocoa: Rainy Color e Youkoso!,31139
Issho ni Training: Training with Hinako,6392
Kaze no Kokyuu: Animation ni Yoru Oufuku Shokan,29989
PiKA PiKA,28655
Seichou Rap,30104
Wakaranai Buta,9976
Anomalies,28831
a_caFe,22385
Chameko no Ichinichi,6431
Jam,19231
Memories: Younenki no Joukei,30666
Sign,18463
Aruite Mikka!,29105
Choujikuu Romanesque Samy: Missing 99,7192
Lost Utopia,19213
Natsu no Shisen 1942,22163
Battle Spirits: Ryuuko no Ken,1009
Hinomaru Hatanosuke: Bakemonoyashiki no Maki,6831
Kaijuu no Ballad,8751
Kakari,29906
Rui no Masaiban,13541
Ao Oni The Animation,33814
Canary,2146
Chou Henshin Cosprayers vs. Ankoku Uchuu Shougun the Movie,705
Great Rabbit,28641
Kintarou Taiiku Nikki,7501
Peeping Life: YouTuber-kun,20955
Urda,1102
Ushi Atama,30326
Chimuchimucheri ChimChimCheree,8661
Nazotokine,33690
Satsujinkyou Jidai,7031
Self-Portrait,8647
Tanaami Keiichi no Shouzou,22171
Nakanaori,32298
Omocha Bako Series Dai 3 Wa: Ehon 1936-nen,6823
Shinsei Kamattechan,29871
Usagi ga Kowai,23063
Utsukushii,30429
Shousei Shikisai Gensou,29311
Fashion,7020
Fue,29907
Henkei Sakuhin Dai 1-ban,31584
Zettai Shougeki: Platonic Heart,5020
Ramen Tenshi Pretty Menma,7882
Bara Bara Film,30480
Iron Virgin Jun,1641
44-hiki no Neko,8646
Ame-iro Cocoa,28981
Hinomaru Tarou: Musha Shugyou no Maki,6839
Jingle,32288
Petit Manga,30418
Sushi Police,31633
Tairiki Tarou no Mucha Shuugyou,4462
Yokoo&#039;s 3 Animation Films,8663
Zawazawa,31832
Isu,29293
Mogu Mogu,17151
Hinomaru Hatanosuke: Inazuma-gumi Tobatsu no Maki,6830
Pinky Street,3113
Aoi Heya,22415
Konnichiwa Onara Gorou,33276
Namakura Gatana,6654
Vampire Sensou,1765
Wheels,13421
2005-nen Uchuu no Tabi,28339
Kindan no Mokushiroku: Crystal Triangle,2972
PistStar,13359
Shoujouji no Tanuki-bayashi,7071
Jigoku Youchien,16692
Mado,7026
Samero,9318
Haru no Uta,5868
Haruwo,6000
Kairaku no Sono,29952
Umi no Momotarou,5661
Jinkou no Rakuen,30664
JK Meshi!,31578
Kappo,28647
Master Blaster,31501
Motion Lumine,30331
A.F,4934
Fashion no Hajimari,13793
Generation of Chaos III: Toki no Fuuin,2778
Kihei Senki Legacies,8486
Mac the Movie,30337
Mou Hitotsu no Nijiiro Toshi,30667
Issunboushi no Shusse,3930
Kodomo no Kaitei no Koto,29908
Play Jazz,30339
Twinkle Nora Rock Me!,9342
Chuunen Punk,10585
Ga no Iru Tokoro,23051
Bloody Date,11691
Doubutsu Sumo Taikai,5812
Eiken: Eikenbu yori Ai wo Komete,788
Lemon Home Animation Gekijou,30367
Tonari no Yarou,7029
Nezumi no Rusuban,5811
Commercial War,29988
Haru no Shikumi,28645
Head Spoon,30328
Kobe to Watashi,8925
MILPOM★,31471
Osaru no Sankichi: Totsugeki-tai,4397
Under the Dog: Anthea-chan,32467
Wakie Wakie,30092
Bouken Dankichi: Hyouryuu no Maki,6849
6 Angels,2475
Maabou no Daikyousou,6840
Baka Baka Baka na Sekai,29777
Landscape,30814
Urashima Tarou (1931),5813
Calligraffiti,23517
Direct Animation,30340
Hustle!! Tokitama-kun,9801
Landmark,29971
Arakure Junichi no Namida,33282
Nantokashite Alguard,13543
Ai,6535
Bishoujo Yuugi Unit Crane Game Girls,32906
Issho ni Sleeping: Sleeping with Hinako,7897
Shinsatsushitsu,23059
"Yami no Kioku, Yume no Inei",22159
Akai Kutsu! Onnanoko!,30396
Manga,7027
Golden Batman,16802
Pussycat,11687
Rebirth Moon Divergence,3832
Kakugo no Susume,1647
Idol Fight Suchie-Pai 2,3816
Kemeko no Love,7030
Goldfish Fetish,22167
Kangaeru Renshuu,23055
Why Re-Mix 2002,30669
Yoru no Okite,7811
Agitated Screams of Maggots,9056
Kaitei no Boukun,6851
Natsu no Gero wa Fuyu no Sakana,33220
Oh Yoko!,29615
Hanoka Recap,1993
Mahou no Hiroba,18561
Osaru no Kantai,4396
Ragnastrike Angels,33021
Cafe de Oni,10586
Dankichi-jima no Olympic Taikai,5814
The Bathroom,9895
Why,30559
3D Onara Gorou ga Dance Dance Dance!!,33696
Osaru no Sankichi: Boukuusen,6844
Aya Hito Shiki to Iu na no Ishi Hata,29973
Nice to See You,30329
Okaasan ni Naisho,31685
Spectral Force,1585
Taa-chan no Kaitei Ryokou,6834
Roots Search: Shokushin Buttai X,2250
Adventures in Beauty Wonderland,29980
Ankoku Shinwa,1966
Watashi no Kao,28843
Walking Man,30668
Dekobou no Jidousha Ryokou,6838
Count Down,29957
Generation of Chaos Next: Chikai no Pendant,2777
Hanoka,1812
Ohi-sama to Kaeru,6828
Bloody Night,11869
Maid of the Dead,20811
Gakuentoshi Varanoir Joukan,3533
Yukidoke,23057
Dog Soldier,2318
Yami no Teio: Kyuuketsuki Dracula,3801
Armageddon,4567
◯,31687
Gondora,23877
Henshin Gattai! 5 tsu no Atsuki Tamashii,13311
Embah,29954
Yasashii Kinyoubi,22157
Heya,7024
4.Eyes,30665
Memory of Red,30859
Ninjutsu Hinotama Kozou: Edo no Maki,6833
Requiem (ONA),31689
Good-by Marilyn,29619
Dark Cat,4531
Tama Gura Abayo: Moki Yumokyu Superdeluxe,31688
MILPOM★ Pilot,30438
001,29978
Madonna (Movie),22177
Byston Well Monogatari: Garzey no Tsubasa,1657
Shunga,22181
Dreams,28637
Generation of Chaos,2776
Tenshi no Drop,16436
Mahou Shoujo? Naria☆Girls,33394
Red Colored Bridge,28657
Wonder Momo,22377
Petting a Dog,29979
Yume 10 Yoru,22173
Uju Heukgisa,16822
Shigeru,31686
C.L.A.Y.,16606
Aos,6950
Kanojo no Dokushinshatachi ni Yotte Hadaka ni Sareta Seifuku no Shojo Kenkyuu,22255
Pupa,19315
Crayon Angel,29984
Koumon-teki Juuku Ketsujiru Juke,30860
The Embryo Develops into a Fetus,29995
The Wash Bird of the Wash Island,7617
Dead Girl Trailer,16602
Born by Myself,8689
Pinky,16604
Micro Teukgongdae Diatron 5,11357
G-senjou no Higeki,7022
CCW: Crazy Clay Wrestling,11689
Within the Bloody Woods,11915
Pop,7028
Vampire Holmes,28929
No Littering,16610
Ai (ONA),32294
Mochibei,31586
Scrap Diary,22161
Super Kid,7900
Panzer Dragoon,2792
Nendo no Tatakai 2,11883
Good-by Elvis and USA,29617
Nendo no Tatakai,11897
Love Bites,32894
Fetish Doll,22169
Soujuu Senshi Psychic Wars,1345
Aki no Puzzle,22179
Abunai Sisters: Koko &amp; Mika,5877
Shitcom,16608
Ningen Doubutsuen,6953
Kokuhaku,31634
Nami,29949
Hametsu no Mars,413
Utsu Musume Sayuri,13405
Tenkuu Danzai Skelter+Heaven,3287
"&quot;Aesop&quot; no Ohanashi yori: Ushi to Kaeru, Yokubatta Inu",25627
&quot;Eiyuu&quot; Kaitai,33363
0-sen Hayato,12763
0-sen Hayato Pilot,33978
15 Sonyeon Uju Pyoryugi,18305
2002-nen Harmoni Ondo,31874
2020 Nyeon Ujuui Wonder Kiddy,16696
21 Emon Uchuu e Irasshai!,6073
21 Seiki Manga Hajimete Monogatari,10139
3-D Tengoku,24783
47 Todoufuken,27589
47 Todoufuken R,23149
47 Todoufuken Specials,29835
77Danui Bimil,16812
84 Taekwon V,16564
A Smart Experiment,30214
A-jang.com,9433
AAA de Ikou!!: Yuuna &amp; Akiko,29750
Abe George Kattobi Seishun Ki: Shibuya Honky Tonk,17501
Acerola-chan,33500
Ad Lib Anime Kenkyuujo,11541
Afghanistan Paghman-mura no Monogatari: Boku no Mura ni Circus ga Kita,26137
Afghanistan Paghman-mura no Monogatari: Sekaiichi Utsukushii Boku no Mura,26135
Agigongryong Doolie,17088
Agigongryong Doolie (1988),17086
Agigongryong Doolie (2009),17090
Agigongryong Doolie (Movie),16570
Agukaru: Play with Ibaraki-hen,24989
Agukaru: Play with Ibaraki-hen Episode 0,30732
Ahare! Meisaku-kun,32956
Ahiru no Pekkle no Ahiru no Drakestail,22571
Ahiru no Pekkle no Aladdin to Mahou no Lamp,22611
Ahiru no Pekkle no Hihou wo Sagase,22621
Ahiru no Pekkle no Minikui Ahiru no Ko,22575
Ahiru no Pekkle no Sindbad no Bouken,22603
Ahiru no Pekkle no Suieitaikai wa Oosawagi,22607
Ai no Kiseki: Doctor Norman Monogatari,23861
Ai Shoujo Pollyanna Story Specials,24645
Ai to Shi,32150
Aikatsu Stars! Movie,31485
Aikatsu!: Nerawareta Mahou no Aikatsu Card,32806
Aikodesho,32421
Aitsu to Lullaby: Suiyobi no Cinderella,14183
AIUEO Anime Sekai no Douwa: Aesop Monogatari Anime Series,25717
Ajisai no Uta,27557
Ajjishin da Tsunami wa? Jibun no Inochi wa Jibun de Mamoru,28585
Akadou Suzunosuke,11275
Akagaki Genzou: Tokuri no Wakare,24857
Akai Jitensha,24999
Akane-chan,18635
Akazukin Chanto Manabou! Koutsuu Rule,30926
Akazukin to Kenkou,30446
Akuei to Gacchinpo,29836
Akuei to Gacchinpo Tenkomori: Maboroshi no Omake Episode,29889
Akuei to Gacchinpo The Movie: Chelsea no Gyakushuu/Akuei to Mahou no Hammer,29842
Akuei to Gacchinpo: Tenkomori,29843
Akuma to Himegimi,23779
Akuma Tou no Prince: Mitsume ga Tooru,19773
Akuma-kun (Movie),8226
Akuma-kun: Youkoso Akuma Land e!!,8227
Al Caral no Isan,6078
Aladdin to Mahou no Lamp no Koutsuu Anzen,30929
Alexandros no Ketsudan,10112
Alice in Dreamland,31941
Alice Tantei Kyoku,18819
Aloha! Youkai Watch: Rakuen Hawaii de Geragerapou!!,31164
Alps Monogatari: Watashi no Annette Specials,24647
Alps no Shoujo Heidi? Chara Onji,33655
Ama Gli Animali,32253
Ame no Bus Stop-hen,32778
Amigo Tomodachi,24865
Anata ga Furikaeru Toki,19923
Angel (Special),25971
Angel ga Tonda Hi,22959
Animal 1,17671
Animax Taisou,30914
Anime Document: München e no Michi,20237
Anime Douyou,33108
Anime Koten Bungaku Kan,24859
Anime Rakugo Kan,8723
Anime Roukyoku Kikou Shimizu no Jirochouden,25063
Anime TV de Hakken! Tamagotchi,6520
Anime Yasei no Sakebi,8239
Animegatari,30617
Animentary: Ketsudan,8436
"Ano Hi, Bokura wa Senjou de: Shounenhei no Kokuhaku",31563
Ano Yama ni Noborou yo,18821
"Anpanman to Hajime yo! Iro, Kazu, Katachi Wakarukana Iro, Katachi",19557
Ao no Doumon,26285
Aoi Kioku: Manmou Kaitaku to Shounen-tachi,17117
Aoi Umi to Shounen,24869
Aoki Uru: Overture,29999
AOTU Shijie,33704
"Aoyo, Kaette Koi: Tokyo Dai Kuushuu",33821
Apache Yakyuugun,3844
Apo Apo World: Giant Baba 90-bun 1-hon Shoubu,22851
Aqua Kids,34249
Araiguma Rascal Specials,25089
Are wa Dare?,29791
Area 88 Movie,33232
Ari no Seikatsu,7633
Ari to Hato,21761
Ari to Hato (1953),21763
Ari to Hato (1959),21765
Ari to Kirigirisu,33342
Aries: Shinwa no Seizakyuu,22271
Arigatou Kumanofu,24809
Arisa☆Good Luck,16261
Asa da yo! Kaishain,33044
Asari-chan: Ai no Marchen Shoujo,6630
Ashita Kirarin,32255
Ashita no Eleventachi,13947
Ashita no Kibou: Kanashimi yo Arigatou - Takae Tsuneo Monogatari,23031
Ashita Tenki ni Naare Omake,31693
Asobo Toy-chan,21553
Asu wo Tsukutta Otoko: Tanabe Sakurou to Biwako Sosui,28091
Atashin&#039;chi 3D Movie: Jounetsu no Chou Chounouryoku Haha Dai Bousou,9796
Aterui,23523
au x Rope,30152
Audition,31730
Aura Battler Dunbine Memorial,20975
Auto Mommy,7715
Awate Tokoya,24785
AWOL,12951
Azarashi Tama-chan no Hi no Youjin,28567
Azumi Mamma★Mia,22247
Üks Uks,29708
Ba La La Xiao Mo Xian Zhi: Caihong Xin Shi,30519
Ba La La Xiao Mo Xian Zhi: Meng Huan Xuan Lu,30156
Ba La La Xiao Mo Xian Zhi: Qiji Wubu,31965
Backkom Meogeujan Yeohaeng,25963
Backkom Mission Impossible,26013
Backkom Specials,26017
Backstage Idol Story,15787
Bad Badtz-Maru no Ari to Kirigirisu,22565
Bad Badtz-Maru no Ookami ga Kita!,22451
Bad Badtz-Maru no Ore no Pochi wa Sekaiichi,17479
Bad Badtz-Maru no Ore wa Yuutousei,30124
Bad Badtz-Maru no Otoko Dokyou no Omoiyari,30125
Baka Mukashibanashi Movie: Jijii Wars,20383
Bakabon Osomatsu no Karee wo Tazunete Sansenri,24373
Baki,33566
Baku Tech! Bakugan Gachi: Tokubetsu-hen,33708
Bakuhatsu Gorou,9284
Bakujuu Gasshin Ziguru Hazeru,18227
Bakusou Circuit Roman Twin,13553
Balgwanghaneun Hyeondaesa,30249
Ball yo Doko e Yuku,30093
Barnacle Lou,24875
Bary-san no Imabari-ben Kouza,30989
Bary-san x Gospe Rats: Tonde Bary Bary Monogatari,31662
Batsu &amp; Terry,16514
Battle Spirits Shinnen Special,32089
Bazar dé Gozarre,29359
Be-Bop Kaizokuban,24087
Beanuts,29351
Beer Mukashi Mukashi,29897
Believe in It,29710
Bemubemu Hunter Kotengu Tenmaru,17687
Beompeoking Jaepeo,19547
Bero-dashi Chonma,30984
Best Care Group,33940
Bic Contact X Mameshiba Collab CM,33550
Big Mouth Do Do,9955
Big X,9613
Big X Episode 0,30839
Bikini Warriors OVA,33712
Bikkuriman,3909
Bikkuriman 2000,5478
Bikkuriman: Daiichiji Seima Taisen,10203
Bikkuriman: Moen Zone no Himitsu,10200
Bip to Bap,29373
Biriken,8520
Biriken Nandemo Shoukai,8521
Bit the Cupid,9812
Black Clover,33950
Blend,29764
Bloody Bunny,24793
Bocchan,4680
Bogeul Bogeul Bomulseon,29886
"Boku datte, Kirei ni Shitainda",23731
Boku no Aozora,31003
Boku no Boukuugou,20207
Boku no Diet Daisakusen,26291
Boku no Son Gokuu,20189
Boku to Gaku: Ano Natsu no Monogatari,26101
Boku wa Kimi wo Warawanai,32859
Boku wa Koko de Ikiteiku,33523
Boku wa Ou-sama,24791
Boku wa Ou-sama (TV),18191
Boku wa Ou-sama (TV) Special,24795
Boku wa Sugu ni Nigetanda: Higashi Nihon Daishinsai kara Mananda Koto,28551
Bokura Machi Bouzu!,31882
Bokura Mangaka: Tokiwasou Monogatari,20109
Bokura no Saibanin Monogatari,6568
Bokutachi no Peace River,18731
Bonobono,8416
Bonobono (TV) Specials,8417
Bonobono: Kumomo no Ki no Koto,8403
Boo Boo Boy,30892
Bosco no Mori no Nakama-tachi,12371
Bouken Gabotenjima,8184
Bouken Korobokkuru,8183
Bouken Shounen Shadar,8182
Bouken Yuuki Pluster World,3637
Bouken-tachi Gamba to Nanbiki no Nakama,28983
Bouningen Weekend,33273
Bousou Sengokushi,9343
Box,31258
Boyfriend,10435
Brave Fire S0.9,10044
Break-Age,6447
Bubaga,29467
Bucchigiri,9665
Bucket de Gohan,9540
Bucket no Ana,30202
Bug tte Honey,10210
Bug tte Honey: Megarom Shoujo Mai 4622,31868
Bulsajo Robot Phoenix King,16786
Bunbuku Chagama,24881
Bunbuku Chagama (1958),29921
Bungaku Shounen no Yuuutsu,32760
Bunna yo Ki kara Orite Koi,23611
Buonomo,29743
Burning Blood,9177
Burning Village,10245
Burutabu-chan,32237
Butazuka,29742
Byeolnala Samchongsa,6671
Byulbyul Iyagi 2,9447
Cakes,33863
Calbee Hitokuchi Gekijou,32738
Captain,27915
Captain (TV),9905
Captain the Movie,18759
Carino Coni,23721
Celebration and Chorale,32345
Cello Hiki no Gauche,33344
Cello Hiki no Gauche (OVA),26303
Chain Chronicle: Haecceitas no Hikari Part 1,33728
Chalk-iro no People,18071
Challenge Ichinensei de Kakkoii Ichinensei ni Henshin!,7803
Chamebou Kuukijuu no Maki,23185
Chamebou Shin Gachou: Nomi Fuufu Shikaeshi no Maki,23187
Chan Shuo A Kuan,30267
Chanda Gou,29655
Chang,21025
Channel 5.5,29821
Channel 5.5 3rd Season Prologue,29861
Channel 5.5 4th Season,29820
Channel 5.5 4th Season Prologue,29862
Channel 5.5 Prologue: Shin Bangumi Start!,29860
Chao Shen Youxi,33703
Charamaru-kun to Dokumaru-kun,30959
Chel-in sacheon-wang,30228
Chengyu Donghua Lang,9868
Cheol-in 007,16558
Cheonbangjichuk Hani,17893
Cheorin Samchongsa,18271
Cherry Blossom,26237
"Chi Dor Dor, Chi Dor Dor",9903
Chi-Sui Maru,8025
Chi-Sui Maru 2nd Season,11733
Chi-Sui Maru Specials,11731
Chibi Maruko-chan Movie: Italia kara Kita Shounen,31202
Chibi Neko Chobi/Chibi Neko Kobi to Tomodachi,27855
Chibi Neko Tomu no Daibouken: Chikyuu wo Sukue! Nakama-tachi,17657
Chibikko Kaijuu Yadamon,8501
Chibikko Kamu no Bouken,24923
Chibikuro Sambo no Tora Taiji,29947
Chibikuro Sambo to Futago no Otouto,29948
Chibinacs,32417
Chibinacs 2.0,32418
Chibinacs 3,32419
Chichi Kaeru,33862
Chichi to Ko,31129
Chicken Papa,33859
Chie-chan Funsenki: Jarinko Chie,9383
Chieri to Cherry,31236
Chii Jiaan Chuaanqii,30060
Chii-chan no Kageokuri,33831
Chii-chan to Hige Ojisan,29385
Chiisai Sensuikan ni Koi wo Shita Dekasugiru Kujira no Hanashi,24883
Chiisana Itsutsu no Ohanashi,29792
Chiisana Kinomi,30164
Chiisana Koi no Monogatari: Chichi to Sally Hatsukoi no Shiki,25033
Chiisana Kyojin Microman: Daigekisen! Microman vs. Saikyou Senshi Gorgon,24269
Chiisana Love Letter: Mariko to Nemunoki no Kodomo-tachi,19177
Chiisana Teien,29135
Chikara Bashi,29793
Chikara to Onna no Yo no Naka,7354
Chikasugi Idol Akae-chan,22755
Chikkun Takkun,16303
Chikyuu Monogatari Telepath 2500,8563
Chikyuu SOS Sore Ike Kororin,14623
Chikyuu wo Mitsumete,30634
Chingou Muchabee,17457
Chinpui,5908
Chinpui Specials,10039
Chinpui: Eri-sama Katsudou Daishashin,10040
Chinyuuki: Tarou to Yukai na Nakama-tachi,6687
Chironup no Kitsune,17689
Chobitto Zukan,33262
Choco to Watashi,33526
Choegang Habche: Mix Master,31246
Choegang Top Plate,31211
Chogattai Majutsu Robot Ginguiser Specials,16041
Chokin no Susume,23191
Chotto Ugoku!? &quot;Futeneko&quot;,34259
Chou Kidougai-ku: Kashiwa-no-Ha,31749
Chou Kousoku Galvion,6636
Chou Zenmairobo: Patrasche,21433
Choubakumatsu Shounen Seiki Takamaru,21545
Choubakuretsu Ijigen Menko Battle: Gigant Shooter Tsukasa,23511
Choujikuu Seiki Orguss Memorial,32218
Choujuu Kishin Dancougar: Juusenki-tai Songs,17002
Chouon Senshi Borgman: Madnight☆Gigs!,30571
Chouriki Robo Galatt,8853
Chuuchuu Banban,24927
Chuugakusei,31690
Chuuhai Lemon: Love 30s - Ame ni Nurete mo,9998
Chuuko Video-ya no Onna Tenin X,34409
Cinterrier-jou no Hanamuko,28829
Circles,32762
Circuit no Ookami II: Modena no Ken,10967
City Hunter: Ryou no Propose,30818
Clock,25969
Clover 4/3,19695
CoCO &amp; NiCO,32944
Cofun Gal no Coffy,13501
Cofun Gal no Coffy (TV),13503
Cofun Gal no Coffy Campus Life,13505
Cofun Gal no Coffy: Cofunderella,13511
Cofun Gal no Coffy: Juuninin to Ikareru Kofun-tachi,13509
Cofun Gal no Coffy: Okehazama no Tatakai,13507
Colorful Ninja Iromaki,30923
Columbus no Daibouken,32628
Computer Haekjeonham Pokpa Daejakjeon,16794
Congming de Yixiu Zhi Fan Dou Gongzhu,30247
Contact,25985
Contact 2,25977
Convenience Store Senki Purin-tai,29749
Cook no Polka,24901
Cooking Papa Christmas Special,30050
Coral no Tanken,32630
Cosmic Fantasy: Ginga Me Hyou no Wana,5990
Countdown,29711
Crayon no Hoshi,26235
Crayon Shin-chan Gaiden: Alien vs. Shinnosuke,33661
Crayon Shin-chan Movie 24: Bakusui! Yumemi World Dai Totsugeki,31978
Crazy Monkey,30955
Curly,33534
Cyborg 009: Call of Justice 1,33685
Cyborg 009: Call of Justice 2,33686
Cyborg 009: Call of Justice 3,33687
Cybot Robocchi,7956
Cynical Hysterie Hour: Henshin!,6760
Cynical Hysterie Hour: Trip Coaster,6759
Cynical Hysterie Hour: Utakata no Uta,6762
Cynical Hysterie Hour: Yoru wa Tanoshii,6761
"Dai-chan, Daisuki.",19905
Daisougen no Chiisana Tenshi Bush Baby Specials,25081
Daisougen to Hakuba,22329
Daisuki! Nendomama,29469
Dalam-iwa Goseumdochi,18007
Dallyeola Majing-ga-X,16554
Dame Oyaji,10887
Damen&#039;s Walker,8258
Danchi Tomoo,17703
Danchi Tomoo: Natsuyasumi no Shukudai wa Owatta no ka yo? Tomoo,31436
Dangerous Jiisan Ja,14631
Dango San Kyoudai Attoiuma Gekijou,23799
Dareka no Santa Claus,32858
Daruma-chan,30958
Dasshutsu Gasshapon,15971
David and Goliath,16816
Dead World,34060
Deban Desu Yo! Onigirizu,30893
Deko Boko Friends,27551
Dekoboko Shin Gachou: Meian no Shippai,23189
Deniroo&#039;s Circus,31644
Dennou Sentai Voogie&#039;s★Angel Gaiden: Susume! Super★Angels!,23855
Dennou Sentai Voogie&#039;s★Angel: Forever and Ever,17131
DigiGirl Pop!: Strawberry &amp; Pop Mix Flavor,7750
Din Dong,9869
Dochamon Junior,31746
Dochamon Junior 2,34207
Doctor Chichibuyama,19121
Doctor Mambo &amp; Kaitou Jibako: Uchuu yori Ai wo Komete!!,23801
Dodani,18317
Dohyou no Oni-tachi,17665
Dokaben,3825
Dokachin,15957
Dokgotak Dasi Chajeun Maundeu,18327
Dokgotak: Taeyang-eul Hyanghae Deonjyeola,16572
Dokidoki Gakuen Kessen!! Youki Daimashiro,19437
Dokkaebi Bangmang-I,18325
Dokkaebi Gamtu,18313
Dokkan! Robotendon,21485
Dokkiri Doctor Special,13781
Dokushin Apartment Dokudamisou,9499
Dolittle-sensei Monogatari,30034
Dolphin Ouji,8879
Don&#039;t You Wish You Were Here?,29713
Don: Gokudou Suikoden,18451
Donbe Monogatari,11625
Donguri Mori e,25193
Donguri no Ie,5916
Donguri to Yamaneko,8451
Donguri to Yamaneko (1995),26301
Donkikko,19901
Doolie Baenang-Yeohaeng,26199
Dorami-chan: A Blue Straw Hat,2642
Dorami-chan: Hello Kyouryuu Kids!!,2639
"Dorami-chan: Wow, The Kid Gang of Bandits",2636
Dorimogu Daa!!,6771
Doron Coron,29349
Dororonpa!,24663
Dosukoi! Wanpaku Dohyou,25299
Dotanba no Manners,20077
Doteraman,20083
Double Hard,29605
Doubutsu Dai Yakyuu Sen,27577
Doubutsu Kankyou Kaigi,8478
Doubutsu Mura Monogatari,20009
Doubutsu Olympic Taikai,7498
Doukyuusei,32422
Doushitemo Eto ni Hairitai,31555
Douwa Mondai to Jinken: Anata wa Dou Kangaemasuka,30935
Dr. Slump: Arale-chan &#039;92 Oshougatsu Special,28367
Dr. Slump: Arale-chan Ayaya!? Penguin Mura de TV Jack,30453
Dr. Slump: Arale-chan no Koutsuu Anzen,30420
Dr. Slump: Arale-chan Penguin Mura Eiyuu Densetsu,28371
Dr. Slump: Arale-chan Specials,28369
Dr. Slump: Hoyoyo! Arale no Himitsu Dai Koukai dayo!!,30450
Dr. Slump: Robot Taiketsu! Shukuteki Dr. Mashirito Toujou / Keen de Yuushou!? Penguin Grand Prix,30449
Dr. Typhoon,17307
Drill,31261
Duel Masters VSR,29687
Duel Masters VSRF,32582
Duel Masters: Hamukatsu to Dogiragon no Curry-pan Daibouken,32926
Eagle Sam,8179
Easy Cooking Animation: Seishun no Shokutaku,20201
Ecchan no Sensou,19907
Echigo no Mukashibanashi: Attaten Ganoo,28117
Eddie the Fast Break,29431
Edokko Boy: Gatten Tasuke,9028
Efficus: Kono Omoi o Kimi ni...,16257
Egao ni Dai Sekkin,33062
Eguchi Hisashi no Kotobuki Gorou Show,20385
Eguchi Hisashi no Nantoka Narudesho!,5554
Ehon Yose,28087
Eien,29357
Eiga! Tamagotchi Uchuu Ichi Happy na Monogatari!?,6517
Eigo de Asobo: Tanken Goblin Tou,27369
"Eikoku Ikka, Nihon wo Taberu: English Ikka, Shougatsu wo Taberu",32010
Eikou e no Spur: Igaya Chiharu Monogatari,19943
Eiyuu Banka Koushi-den,23615
Eko Eko Azarak,6267
Ekubo Ouji,30026
Elec-king The Animation,3243
Elite Banana Banao,33986
Elite Jack!!,24985
Elmer no Bouken: My Father&#039;s Dragon,6593
En En Nikoli,29423
Entotsuya Peroo,15137
Escalator-jou no Hokou no Kiken-sei,34119
Esper Mami Special: My Angel Mami-chan,10000
Eun-sil-i,30193
Eunhahamdae Jiguho,16818
Eunhajeonseol Tera,18307
Examurai Sengoku Recap,26209
Experiment,33114
Eyedrops,34140
Fafa Movie,29395
Feng Ji Yun Nu,29961
Feng Shu Zhan Jing 2,33792
Feng Wei Ying Xiong,33759
Field ni Soyogu Kaze,18443
Fight Da!! Pyuta,19997
Flanders no Inu Specials,24679
Flicker Love No.1,29987
Flowering Heart,32691
Fly,33536
"Fly, Space Battleship Geobukseon",16748
Fojiao Donghua: Dashi Zhi Pusa Nianfo Yuantong Zhang,29857
Forestry,8749
Form of Stress,29379
Forza! Hidemaru,18005
Four Seasons: Fuuka to Nanami,32058
Fox Wood Monogatari,23967
Frame Arms: A Violent Struggle,30010
From Osaka with Cheer!,26347
Fruity Samurai,30173
Frypan Jiisan,30071
Fuichin-san,23983
Fujiko F. Fujio: Sukoshi Fushigi Tanpen Theater,19899
Fujiko Fujio A no Mumako,19533
Fujilog,10533
Fujilog (ONA),33864
Fujilog 2nd Season,10997
Fujinkoron-senpai,33872
Fuki to Hiyoko,30163
Fuku-chan,23973
Fuku-chan no Kishuu,23969
Fuku-chan no Zousan Butai,23971
Fukusuke,29923
Fukuyama Gekijou: Natsu no Himitsu,23975
Funassyi no Funafunafuna Biyori,30342
Funassyi to Yukaina Kyoudai,30556
Funny Pets 2nd Season,22345
Furiten-kun,20093
Furiten-kun (1990),20095
Fushigi na Elevator,8218
Fushigi na Somera-chan Special,33659
Fushigi na Taiko,29919
Fushigi no Yappo Shima: Pukipuki to Poi,33842
Fushigi Sekai Atagoul Monogatari,13423
Fushigina Ano Ko wa Sutekina Kono Ko,30121
Futago no Monchhichi,17623
Futago no Ookami Daibouken,29179
Futari no Oujisama,23343
Futari no Tarou,25633
Futari wa 80-sai,32322
Futari wa Nakayoshi: Goo to Sue,30118
Futari Zamurai Homare no Kawakiri,29653
Future GPX Cyber Formula Graffiti,9759
Fuusen Inu Tinny,25503
Fuusen Inu Tinny 2nd Season,31640
Fuusen no Doratarou,5594
Fuusen Shoujo Temple-chan Movie,30530
Gaegujang-i Cheonsadeul,16838
Gaia Getter A-kun,24355
Gaki Deka,23607
Gaki Deka (OVA),23609
Gakken ka Nani ka no Mukashi no Video,31694
Gakkou no Kowai Uwasa Shin: Hanako-san ga Kita!!,9345
Gakkou no Yuurei,20353
Gakkyuu Ou Yamazaki Specials,29445
Gakushuu Animation Nihon Koku Kenpou,33827
Gamba to Kawauso no Bouken,20175
Gamba: Gamba to Nakama-tachi,30738
Game Center Arashi,12243
Game Tengoku OVA,10852
Gan to Gon,23347
Ganbare Goemon: Chikyuu Kyuushutsu Daisakusen,9464
Ganbare Goemon: Jigen Jou no Akumu,8862
Ganbare Gonbe,20199
Ganbare Swimmy,23863
Ganbare! Bokura no Hit and Run,11593
Ganbare! Lulu Lolo,20755
Ganbare! Lulu Lolo 2nd Season,26163
Ganbare! Lulu Lolo 3rd Season,31753
Ganbare! Marine Kid,8897
Ganbare! Moudouken Serve,9886
Ganbare! Oden-kun,16908
Ganbare!! Nattou-san,10995
Ganbare!! Tabuchi-kun!!,32835
Ganbare!! Tabuchi-kun!! Aa Tsuppari Jinsei,33325
Ganbare!! Tabuchi-kun!! Gekitou Pennant Race,18377
Ganbare-bu Next!,31237
Gancheopjamneun Ttorijanggun,18319
Gararin to Gororin,29503
Garon,30362
Gatapishi,20243
Gattai Robot Atranger,12451
Gaza: Changing the World,32581
gdgd Fairies Movie: tte Iu Eiga wa Dou kana...?,24071
Geba Geba Shou Time!,21525
Gegege no Kitarou: Gekitotsu!! Ijigen Youkai no Daihanran,8155
Gegege no Kitarou: Jigoku-hen,8158
Gegege no Kitarou: Kitarou no Yuurei Densha,8493
Gegege no Kitarou: Kitarou Tanjou-hen,24677
Gegege no Kitarou: Obake Nighter,8156
Gegege no Kitarou: Saikyou Youkai Gundan! Nippon Jouriku!!,8154
Gegege no Kitarou: Youkai Daisensou,8153
Gegege no Kitarou: Youkai Japan Rally 3D,28103
Gekikara Gag Gekijou: Tabasco Shower,18527
Gekisou! Rubenkaiser,20115
Genbaku Dome Monogatari,33823
Gene,32775
Gene Diver,4470
Genei Toshi,29665
Genji,8233
Genki Bakuhatsu Ganbaruger: Hyakka,30061
Genki Genki Non-tan,25609
Genki Genki Non-tan (2004),25611
Genki Genki Non-tan (2006),25615
Genki Genki Non-tan: Deka Deka Arigatou,25617
Genki Genki Non-tan: Spoon Tan Tan Tan,25619
Genki Genki Non-tan: Utaou! Christmas,25613
Genki!! Ekoda-chan,10540
Genkichi Jiisan to Kogitsune,27921
Genroku Koi Moyou: Sankichi to Osayo,23265
Gensei Shugoshin P-hyoro Ikka,2691
Gensei Shugoshin P-hyoro Ikka OVA,25363
Geori-eui Mubeopja,30042
Geunyeoneun Yeppeotda,9351
Ghost Messenger,10882
Ghost Messenger Movie,30278
Giga Tribe,19501
Gijinka de Manabo!,34464
Gin no Rousokutate,26283
Ginga Hyouryuu Vifam 13,9391
Ginga Hyouryuu Vifam: Atsumatta 13-nin,9388
Ginga Hyouryuu Vifam: Chicago Super Police 13,14067
Ginga Hyouryuu Vifam: Kachua Kara no Tayori,9387
Ginga Kikoutai Majestic Prince Movie: Kakusei no Idenshi,33025
Ginga Shounen Tai,31385
Ginga Tetsudou 999 (ONA),28733
Ginga Tetsudou 999 for Planetarium,30481
Ginga Tetsudou 999: Akai Hoshi Betelgeuze - Inochi no Kagayaki,30483
Ginga Tetsudou 999: Niji no Michishirube,27651
Ginga Tetsudou 999: Shounen no Tabidachi to Wakare,29716
GJ8 Man,34205
Glass no Chikyuu wo Sukue Unico Tokubetsu-hen,23661
Glass no Kamen Desu ga to Z,27621
Go Go Smile Anime,33501
Go Go Toraemon,23245
Go! Go! Kadendanshi,19169
Go! Go! Kadendanshi 2nd Season,23857
Go! Go! Vejitan,29497
Go! Samurai,31505
GO-GO Tamagotchi!,23107
Go-hiki no Kobuta to Charleston,24905
Go-hiki no Kozaru-tachi,29918
Goannai Shimasu Another World e,20703
Gogulyeoui Jeolm-eun Musadeul,31692
Gohan Kaijuu Pap,22669
Goi-sensei to Tarou,26267
Gokudou Sakaba Denden: Gokudou Daisensou Gaiden,30796
Gokuu no Daibouken Pilot,23815
Gokyoudai Monogatari,7177
Gold Pencil And Alien Boy,16778
Golden Kids,10323
Goman-hiki,29924
"Gomen ne, Mii-chan",26105
Gon 2nd Season,30410
Gongitsune,9535
Gongnyong Baengmannyeon Ttori,16780
Good Morning!!! Doronjo,31699
Gorillaman,24093
Gothicmade: Hana no Utame,7781
Gozonji! Gekkou Kamen-kun,5477
Gra-P &amp; Rodeo,27521
Gra-P &amp; Rodeo 2nd Season,33290
Gra-P &amp; Rodeo: Band wo P,32834
Graphillion: Kazoeage Oneesan wo Sukue,30106
Grasshopper Monogatari,29355
Great Hunt,30602
Greed,5934
Greek Roman Sinhwa: Olympus Guardian,16027
Greek Roman Sinhwa: Olympus Guardian (Movie),9501
Green Saver,19457
Grim,31263
Gu-Gu Ganmo (Movie),19751
Guilstein,11995
Guitar,31510
Guitar Shoujo!,28347
Gun-dou Musashi Recap,10270
GUNbare! Game Tengoku 2 the Movie,18521
Gunners,24053
Guru Guru Town Hanamaru-kun,8195
Gutchonpa Omoshiro Hanashi,26089
Hachikadzuki-hime,30979
Hadakya no Otonosama,18353
Hadashi Neko,30046
Haedori Daemoheom,16752
Hage,26289
Haguregumo,8500
Haha Uzura,26295
Haha wo Tazunete Sanzenri (Movie),33474
Haha wo Tazunete Sanzenri Specials,23585
Hajime Ningen Gon,8764
Hajime Ningen Gyatoruz,8763
Hajimete no Christmas,10246
Hajimete no Eigo: Nippon Mukashibanashi,33335
Hajimete no Eigo: Sekai Meisaku Douwa,33349
Hakken Taiken Daisuki! Shimajirou,18937
Hakuchuu Meikyuu,29972
Hakusai Anime,19495
Hakusai Anime Special,31255
Hal no Fue,11673
Hamster Sam,29507
Hamuko Mairu!,19463
Hana Ichi Monme,25095
Hana no Asukagumi! 2: Lonely Cats Battle Royale,17223
Hana no Kakarichou,20239
Hana no Mahoutsukai Mary Bell: Phoenix no Kagi,9862
Hana no Zundamaru,20873
Hana no Zundamaru: Junk,22953
Hana to Shounen,23709
Hanakappa,8336
Hanakappa Movie: Hana-sake! Pakkaan Chou no Kuni no Daibouken,17263
"Hanakappa no Koutsuu Anzen: Cake wo Momomete Migi, Hidari, Migi",30927
Hanamaru Koutsuu Anzen,26341
Hanasaka Jiisan,30086
Hanasaka Tenshi Tenten-kun,9811
Hanawa Hekonai Kappa Matsuri,23651
Hane (2016),33885
Hangyodon no 007/2: Doctor Sunday Arawaru no Maki,29271
Hangyodon no Hadaka no Ou-sama,22563
Hangyodon no Parallel Daisakusen: Hana no Oedo wa Oosawagi,29273
Hangyodon no Parallel Daisakusen: Kyouryuu Oukoku wa Oosawagi,29267
Hangyodon no Parallel Daisakusen: Mirai Sekai wa Oosawagi,29269
"Hanshin Awaji Daishinsai ni Manabu: Boku wa, Ano Hi wo Wasurenai.",28575
Happening Star ☆,12643
Happy Bogeys,30861
Happy Hour,32783
Happy Jozy,30411
Happyakuyachou Hyouri Kewaishi,11545
Happy☆Lucky Bikkuriman,15913
Harbor Tale,28759
Hare Tokidoki Buta,24877
Harinezumi,20529
Harisu no Kaze,17667
Harley Spiny,9807
Haruko no Bouken,31583
Hashiri Hajimeta bakari no Kimi ni,34412
Hasu no Yousei: Bonyo Bonyo,29499
Hatara Kids Mai Ham Gumi,3251
Hato no Oyome-san,10539
Hato yo: Hiroshima no Sora wo,26141
Hawaiian Rock&#039;n Roll,33059
Hayabusa: Back to the Earth,10603
Hayabusa: Back to the Earth - Kikan,10602
Hayan Ma-eum Baeggu,10623
Hayou no Ken: Shikkoku no Mashou,5930
Hazedon,23015
Heart Cocktail,27693
Heart Cocktail Again,21121
Heavy,10964
Heibai Wushang,33562
Heijoukyou: Yasukerashi Miyako,28749
Heisei Inu Monogatari Bow Movie,2750
Heisei no Cinderella: Kiko-sama Monogatari,24257
Heisei Policemen!!,18389
Heisei Tensai Bakabon,19961
Heli-Tako Puu-chan,24465
Hello Kitty no Alps no Shoujo Heidi II: Klara to no Deai,18587
Hello Kitty no Cinderella (OVA),30264
Hello Kitty no Circus ga Yatte Kita,22455
Hello Kitty no Fushigi na Mizuumi,22457
Hello Kitty no Hajimete no Christmas Cake,29535
Hello Kitty no Hakuchou no Ouji,18085
Hello Kitty no Hansel to Gretel,22489
Hello Kitty no Happy! Kasou Taikai,18031
Hello Kitty no Kieta Santa-san no Boushi,22481
Hello Kitty no Kieta Santa-san no Okurimono,18823
Hello Kitty no Kurumi Wari Ningyou,18083
Hello Kitty no London ni Orita Uchuujin,17953
Hello Kitty no Mahou no Ringo,22479
Hello Kitty no Match Uri Shoujo,22487
Hello Kitty no Minna no Mori wo Mamore!,18589
Hello Kitty no Minna no Tanoshii Natsuyasumi,29539
Hello Kitty no Momotarou,22447
Hello Kitty no Nagagutsu wo Naita Neko,22449
Hello Kitty no Nemureru Mori no Bijo,17955
Hello Kitty no Okaze wo Hiita Santa-san,29537
Hello Kitty no Ou-sama no Mimi wa Roba no Mimi,22491
Hello Kitty no Oyayubi-hime,32622
Hello Kitty no Oyayubi-hime (OVA),17481
Hello Kitty no Papa Nante Daikirai,17957
Hello Kitty no Sanbiki no Kobuta,22483
Hello Kitty no Santa-san ga Futari Ita,29541
Hello Kitty no Shiawase no Aoi Hotaru,18829
Hello Kitty no Shiawase no Tulip,18825
Hello Kitty no Shirayuki-hime,17951
Hello Kitty no Shirayuki-hime (OVA),30263
Hello Kitty no Shoukoujo,22459
Hello Kitty no Stump Village,9770
Hello Kitty no Suteki na Kyoudai,18029
Hello Kitty no Tomatta Big Ben,22477
Hello Kitty no Yappari Mama ga Suki,22445
Hello Kitty no Yuki no Joou,22485
Hello Kitty no Yume Dorobou,22461
Hello Kitty no Yume no Oshiro no Ouji-sama,22495
Hello Kitty no Yuubinya-san Arigatou,18033
Hello Kitty to Issho,25871
Hello Kitty to Miyou: Aesop Monogatari,30064
Hello Kitty: Mahou no Mori no Ohimesama,18827
Hello Kitty: Ringo no Mori no Fantasy,11521
Hello Kitty: Ringo no Mori no Mystery,22439
Hello Kitty: Ringo no Mori to Parallel Town,22441
Henkei Sakuhin Dai 2-ban,31585
Henna Ie!,29181
Hennako-chan,4417
Henteko na Volunteer,28353
Heong-geuli Beseuteu 5,16552
Hero Company,30512
Hero Hero-kun,11203
Heungnyongwanggwa Bihodongja,18273
Hey Yo Yorang,15479
Hi Asobi wa Kaji no Moto: Kenta to Nyanta no Hi no Youjin,28563
Hi no Tori: Hagoromo-hen,23659
Hi no Tori: Kizuna-hen,23675
Hi no Tori: Reimei-hen,32645
Hibike! Wadaiko,26111
Hidamari no Ie,26099
Hidamari no Ki,2694
Hidari no O&#039;Clock!!,8967
Higanjima X,34222
High School Jingi,24089
High School Mystery: Gakuen Nanafushigi,9882
Hikari: Kariya wo Tsunagu Monogatari,32943
Hikaru Genji: Paradise Ginga,33217
Hikaru Genji: Taiyou ga Ippai,33215
Hikaru no Gen-chan,33580
Hikawa Maru Monogatari,31235
Himalaya no Hikari no Oukoku,22327
Himawari no You ni,26217
Himitsukessha Taka no Tsume Countdown,7175
Himitsukessha Taka no Tsume DO,30470
Himitsukessha Taka no Tsume EX,22821
Himitsukessha Taka no Tsume Gaiden: Mukashi no Yoshida-kun,13207
Himitsukessha Taka no Tsume GT,32892
Himitsukessha Taka no Tsume MAX,18241
Himitsukessha Taka no Tsume NEO,13431
Himitsukessha Taka no Tsume The Movie 1: Soutou wa Nido Shinu,8355
Himitsukessha Taka no Tsume The Movie 2: Watashi wo Aishita Kuro Oolong-Cha,8356
Himitsukessha Taka no Tsume The Movie 3: http://takanotsume.jp wa Eien ni,8357
Himitsukessha Taka no Tsume The Movie 4: Kaspersky wo Motsu Otoko,30753
Himitsukessha Taka no Tsume THE PLANETARIUM: Burabura! Black Hole no Nazo,13499
himitsukesshatakanotsume.jp,13433
himitsukesshatakanotsume.jp Specials,30752
Hino Hideshi Toukaidou Yotsuya Kaidan,17405
Hipira-kun Special,22985
Hiroshima e no Tabi,23303
Hiroshima ni Ichiban Densha ga Hashitta,7967
His Lipstick,26009
Histoire d&#039;Etty,23125
Historical,32665
Hito no Kita Tooku Nagai Michi,30072
Hitori de Nayamanaide Issho ni Kangaeyou,34115
Hitoribotchi,27375
Hitotsu no Hana,26323
Hitotsuboshi-ke no Ultra Baasan,21549
Hoero! Bun Bun (Movie),10509
Hokori Inu no Hanashi,32636
Hokseong Robot Sseondeo A,16828
Hokuro Kyoudai Full Throttle!!!!,5207
Holiday,31511
Home My Home,29587
Hong Gil Dong 2084,30134
Hong Kil-dong,16556
Hong Ling Jin Xia,30058
Hong Xing Xiao Yong Shi,6150
Honto ni Atta Gakkou Kaidan,28263
Hopiwa Chadolbawi,18309
Horoscope: Anata no Seiza,30161
Hoshi Neko Fullhouse,5927
Hoshi no Ko Poron,11213
Hoshi no Yuuenchi,23909
Hoshi Shinichi Short Short,8191
Hoshi Shinichi Short Short Special,8192
Hoshi Uranai Kirakira,29451
Hoshigari Hime no Bouken,19073
Hotaru Kagayaku,18747
Hotaru no Mau Machi de,30981
Hua Jiang Hu Zhi Bu Liang Ren,33396
Hua Jianghu Zhi Ling Zhu,33305
Huang Feihong Yong Chuang Tianxia,30268
Huckleberry no Bouken (Movie),19957
Hula Kappa,3414
Hulu Xiongdi,9950
Hungry to Win,32831
Hurdle,16776
Hustle Punch,19681
Hwang-geum-ui Pal,16824
Hwanggeum Cheolin,16808
Hwanggeum Nalgae 1.2.3.,16560
Hyakubanme no Saru,25091
"Hyakumannen Attara, Dousuru?",19071
Hybrid Deka,10238
Hyokkori Hyoutan Shima,22887
Hyouga Senshi Gaislugger,9781
Hyoutan,29671
Hyoutan Suzume,16007
Hyper ERT,9902
Ichi-gan Kuni,31509
Ichiban Chikaku ni,28485
Ichigatsu ni wa Christmas,6060
Ichigo Ichie: Kimi no Kotoba,9518
Ichigo Ichie: Koibana Tomobana,3164
Ichimai no Etegami,26309
Ichinen Ikkumi,27853
Idea ga Tsukamaranai.,31135
Ijigen Gattai Mojibakeru Z,32254
Ijime Juuyon-sai no Message,30938
Ijime wa Zettai Warui!,28483
Ijimekko Ookami to Nana-chan,26329
Ijiwaru Baasan,20079
Ijiwaru Baasan (1996),20081
Ikedaya Soudou,29651
Ikemen Kyuugo-tai Nurse Angels,21053
Ikinari Dagon,19965
Ikite Iru,28487
Ikiteirutte Subarashii!,29814
"Ikitemasu, 15-sai.",26227
Ikkyuu-san (1978),19947
Ikkyuu-san to Yancha Hime,21467
Ikkyuu-san: Haru Da! Yancha Hime,21475
Ikkyuu-san: Ooabare Yancha-hime,23575
Ikuze! Gen-san,3973
Ima no Watashi ni Dekiru Koto...,34179
Imokawa Mukuzo: Chuugaeri no Maki,24577
Inaka Nezumi to Machi Nezumi,29926
Inakappe Taishou,8786
Inamuranohi,26299
Inazma Delivery,34502
Indie Anibox: Selma Danbaekjil Coffee,28235
Inemuri Buu-chan,32227
Inferious Wakusei Senshi Gaiden Condition Green,16259
Inochi Kagayaku Akari,26241
Inori no Te,26297
Instant History,14211
Interior,24051
Introspection,29709
Inui-san!,24501
Inumarudashi,10847
Inuyama Kamiko no Kireigoto ja Owaranai!,25109
Ippon Bouchou Mantarou,6384
Ippou Nippon Mukashibanashi,33387
Iruka to Shounen,11421
Isewan Taifuu Monogatari,25305
Ishii Hisaichi no Dai Seikai,19583
Ishii Hisaichi no Nanda Kanda Gekijou,28021
Ishinomori Shoutarou no Rekishi Adventure,25473
Ishitsubutsu Toriatsukaijo,32845
Isobe Isobee Monogatari: Ukiyo wa Tsurai yo,28427
Isobe Isobee Monogatari: Ukiyo wa Tsurai yo (2015),31903
Issunboushi,10760
Itazura Post,23183
Itazura Tenshi Chippo-chan,20025
Itoshi no Betty Mamonogatari,9496
Itoshi no Muco OVA,32107
Itsuka no Main: Kaminari Shounen - Tenta Sanjou!,23353
Itsumo Kokoro ni Ho,34121
Itsumo Kokoro ni Taiyou wo!,28071
Iwata Kunchi no Obaachan,26119
J League wo 100-bai Tanoshiku Miru Houhou!!,27561
Jakusansei Million Arthur,30954
Jakusansei Million Arthur Specials,33779
Jam the Housnail,29367
Jangdokdae,18323
Jankenman: Kaijuu Dai Kessen,10247
Japonese,32252
Jarinko Chie (TV),3947
Jarujio Animal,24041
Jataka Monogatari: Kiniro no Shika,29928
Jeonja Ingan 337,16399
Jeremy no Ki,29207
Jewelpet: Attack Chance!?,32707
Ji no Nai Hagaki,23869
Jiaoao de Jiangjun,29623
Jibun no Mune ni te wo Atete,30764
Jidou Bungaku Library,30970
Jigoku Koushien,28489
Jigoku no Soubee,26331
Jijii: Owari no Hajimari,32800
Jikan,29645
Jikkyou Chuukei,33886
Jim Button,6701
Jin Ken Mamoru-kun to Ayumi-chan Sekai wo Shiawase ni,30761
Jingi,10741
Jinxiu Shenzhou Zhi Qi You Ji,33267
Jinzou Konchuu Kabutoborg VxV,17291
Jiok,33144
Jishin da!! Mii-chan no Bousai Kunren,28565
Jishin ga Kitarou Dousuru? Mushi Mushi Mura no Bousai Kunren,28549
Jitensha-hen,32777
Johnny Cypher,28145
Joki Joki Tailor,30157
Joshikousei Nobunaga-chan!!,20835
Joukyou Monogatari,30392
JU Chuuko Jidousha Hanbaishi x Peeping Life,29752
Judo Sanka,11857
Judo-bu Monogatari,19063
Juicy Jungle,32092
Jungle Kurobee,10889
Jungle Taitei Leo: Hon-o-ji,18533
Jungle Wars,17473
Junkers Come Here: Memories of You,19627
Junod,9525
Justeen,11767
Juu-nin no Chiisa na Indian,29409
Juugo Shounen Hyouryuuki: Kaizokujima de! Daibouken,21021
Juuippiki no Neko to Ahoudori,6072
Juupiki no Kaeru,27845
Juuroku Jizou Monogatari: Sensou no Gisei ni Natta Kodomo-tachi,31016
Kaba Enchou no Doubutsuen Nikki,25057
Kaba no Potomasu,9606
Kabi Usagi,33867
Kabi Usagi: Game Center,33870
Kabi Usagi: Hikouki,33869
Kabi Usagi: Kaichuu,33868
Kabocha no Oji-san,32473
Kabushiki Kaisha Zoo,29748
Kabushikigaisha Aokishouji,33695
Kacchikenee!,30921
Kachikachi Yama,10757
Kachikachi Yama (1939),33134
Kachikachi Yama (1940),33135
Kachikachi Yama (1958),33136
Kachikachi Yama no Shouboutai,30457
Kachikachi Yama: Umi Yama-hen,33133
Kaden Manzai John TV Show!,29746
Kaette Kite yoo Toyama kara,31599
Kagaku Bouken-tai Tansar 5,10965
Kagami,29870
Kagayake! Yuujou no V Sign,18475
Kage,29677
Kage no Kodomo,7856
Kagee Aesop Monogatari,29529
Kagee Grimm Douwa,10236
Kagee Mukashibanashi,29527
Kagerou Daze: In a Day&#039;s,33219
Kagerouka-kun,19497
Kagirinaki Rakuen,23569
Kahei no Umi,33607
Kai Douryoku,29381
Kai Douryoku Real,29383
Kaibutsu-kun: Demon no Ken,22975
Kaibutsu-kun: Kaibutsu Land e no Shoutai,22977
Kaijuu Sakaba Kanpai!,30777
Kaijuu Sakaba Kanpai! Specials,32197
Kaiketsu Tamagon,19087
Kaiketsu Zorori Da-Da-Da-Daibouken!,15067
Kaiketsu Zorori Movie: Uchuu no Yuusha-tachi,30313
Kaiketsu Zorori: Mamoru ze! Kyouryuu no Tamago,19587
"Kaitei Daisensou: Ai no 20,000 Miles",5581
Kaitei Shounen Marine,8899
Kaitei Toshi no Dekiru made,21551
Kaitou Gary no Nihonjin Kouryakuhou!,28111
Kaitou Jigoma Ongaku-hen,19053
Kaitou Lupin: 813 no Nazo,17403
Kaitou Pride,19987
Kaizoku Ouji,19505
Kakinoki Mokkii,29481
Kakko Kawaii Sengen! Specials,30704
Kakkun Cafe,23613
Kakuchou Shoujo-Kei Trinary,34006
Kakusensou,31015
Kamaishi no &quot;Kiseki&quot;: Inochi wo Mamoru Tokubetsu Jugyou,30245
Kamen no Marionette-tachi,29985
Kamen no Ninja Akakage,13769
Kamigami no Ki,34292
Kaminari Boy Pikkaribee★,19993
Kamiusagi Rope,13817
Kamiusagi Rope (ONA),30154
Kamiusagi Rope 2,13819
Kamiusagi Rope 2 Specials,30149
Kamiusagi Rope 3,30150
Kamiusagi Rope 3 (ONA),13831
Kamiusagi Rope Movie Episode 0,13823
Kamiusagi Rope Specials,30148
"Kamiusagi Rope tsuka, Natsuyasumi Rasuichi tte Maji ssuka!?",13821
Kamiusagi Rope x au Collaboration,13825
Kamiusagi Rope x Panasonic Collaboration,13827
Kamiusagi Rope: Warau Asa ni wa Fukuraitaru tte Maji ssuka!?,30151
Kamiwaza Wanda,32568
Kamotori Gonbee,33177
Kana Kana Kazoku,24977
Kana Kana Kazoku Shorts: Naru Haya Kakusan Kibou,31604
Kana Kana Kazoku x Himitsukessha Taka no Tsume Collaboration Film,30442
Kana Kana Kazoku: Kakusan Mare Bo ! 1-Wa-5-wa oo Matome Koukai… Ka na?,31605
Kana Kana Kazoku: Rika in Wonderland,31603
Kana Kana Kazoku: Shinnen no Goaisatsu,30443
Kana Kana Kazoku: Stop Rubella,30444
Kanagatari. Kanabakari.: Kanadian Families,30743
Kanai,24049
Kanashiki Mongoose,30167
Kanbee-kun ga Yuku,21913
KanColle Movie,31418
Kaneko Misuzu: Yasashisa no Fuukei,26333
Kangetsu Ittou: Akuryou Kiri,18583
Kanimanji Engi,29551
Kankara Sanshin,17217
Kankou Taisen Saitama: Sakuya no Tatakai,30435
Kansuke-san to Fushigi na Jitensha,23727
Kappa Kawatarou,23639
Kappa no Sanpei,9584
Kappa no Suribachi,29491
Kappa no Ude,31506
Kappamaki,20123
Karakuri Kengou Den Musashi Lord,8065
Karaoke Senshi Mike-tarou,5140
Karasu no Panya-san/Dorobou Gakkou,27841
Karasu no Puuta,29489
Karate Baka Ichidai,7479
Kareshi wa Hammerhead Shark,29361
Kariage-kun,20127
Karl to Fushigi na Tou,9371
Karma,29661
Karugamo Oyako no Hi no Youjin,28571
Karuizawa Syndrome,6366
Kasa Jizou,32623
Kaseifu ga Ita.,28361
Kaseki Dorobou to Kyouryuuseki,24047
Kashikokimono,31926
Kasumin,27721
Kasumin 2nd Season,27723
Katayoku no Khronos Gear,14039
Katsuobushi Dayo Jinsei wa,29966
Katta-kun Monogatari,21101
Katte ni Shirokuma,9832
Kattobase! Dreamers: Carp Tanjou Monogatari,22111
Kayoe! Chuugaku,10797
Kaze no Tabibito,26229
Kaze no You ni,32832
Kazoku Robinson Hyouryuuki: Fushigi na Shima no Flone Specials,24681
Kazu &amp; Yasu Hero Tanjou,20143
Kemurigusa Monogatari,28691
Ken to Kaijuu,29433
Ken-chan,32420
Kenji no Trunk,21099
Kenka no Ato wa,29453
Kenritsu Umisora Koukou Yakyuubu-in Yamashita Tarou-kun,27837
Kentauros no Densetsu,17339
Kentoushi,19515
Kero Kero Keroppi no Aladdin to Mahou no Lamp,22573
Kero Kero Keroppi no Bikkuri! Obakeyashiki,22641
Kero Kero Keroppi no Boku-tachi no Takaramono,17985
Kero Kero Keroppi no Bouken: Pink no Kinoko,18087
Kero Kero Keroppi no Christmas Eve no Okurimono,17983
Kero Kero Keroppi no Dai Bouken,22625
Kero Kero Keroppi no Daibouken: Fushigi na Mame no Ki,17489
Kero Kero Keroppi no Ganbare! Keroppooz,22605
Kero Kero Keroppi no Gulliver no Bouken,15663
Kero Kero Keroppi no Kero Kero House no Himitsu,22615
Kero Kero Keroppi no Kyouryuu ga Deta,22643
Kero Kero Keroppi no Mitsubachi Daisoudou,22653
Kero Kero Keroppi no Robin Hood,17987
Kero Kero Keroppi no Sanjuushi,22649
Kero Kero Keroppi no Sora Tobu Yume no Fune,22647
Kero Kero Keroppi no Sora wo Tobetara,22645
Kero Kero Keroppi no Tomodachi ni Narou yo,22637
Kero Kero Keroppi no Tomodachi wa Mahoutsukai,22639
Kero Kero Keroppi no Tomodachitte Ii na,22619
Kero Kero Keroppi no Yowamushi-ouji no Daibouken,22613
Kero Kero Keroppi: Hasunoue Town Kiki Ippatsu!,22651
Keshikasu-kun,8244
Ketsuinu,8353
Ki Renka,29679
Ki-Fighter Taerang,10237
Kibun wa Uaa Jitsuzai OL Kouza,28965
Kick no Oni,3870
Kick no Oni (1971),19683
Kick Off 2002,7525
Kie Saranu Kizuato: Hi no Umi Osaka,26139
Kigyou Senshi Yamazaki: Long Distance Call,5928
"Kii-chan Watashi, Umarete Kite Yokatta!",26225
Kikansha Sensei,23085
Kikansha Yaemon,8492
Kikansha Yaemon: D51 no Daibouken,8494
Kiki to Lala no Aoi Tori,9292
Kiki to Lala no Habatake! Pegasus,29247
Kiki to Lala no Hakuchouza no Ohimesama,17977
Kiki to Lala no Hansel to Gretel,17483
Kiki to Lala no Hoshi no Dance Shoes,17981
Kiki to Lala no Mamatte Suteki!,29249
Kiki to Lala no Ohimesama ni Naritai,17485
Kiki to Lala no Papa to Mama ni Aitai,17979
Kikou Heidan J-Phoenix: PF Lips Shoutai,8883
Kiku-chan to Ookami,5192
Kimama ni Idol,21749
Kimezou no Kimarimonku Ja Kimaranee.,22595
Kimezou no Kimarimonku Ja Kimaranee. Featuring Sabu-Otoko,22597
Kiminari Dousuru? Yuukai Itazura: Sarenai Tame ni,30976
Kimoshiba,34233
Kimu no Juujika,19941
King Kong: 001/7 Tom Thumb,19995
King of Prism by Pretty Rhythm Short Anime,32989
Kiniro Mosaic: Pretty Days,33034
Kiniro no Kujira,26231
Kinken Chochiku Shiobara Tasuke,29555
Kinnikuman: Haresugata! Seigi Choujin,3277
Kinnikuman: Seigi Choujin vs. Kodai Choujin,3275
Kinnikuman: Seigi Choujin vs. Senshi Choujin,3279
Kinpatsu no Jeanie,6012
Kintarou,10759
"Kinyoru, Abe Reiji: Heikinteki na Salaryman no Ijou na Nichijou",31071
"Kinyoru, Abe Reiji: Heikinteki na Salaryman no Ijou na Nichijou (ONA)",32408
Kirin Ashita no Calendar,32448
Kirin Monoshiri Yakata,23349
Kirin no Otenki Mama-san,30079
Kissaten Soudou,33858
Kitakaze to Taiyou,32693
Kitsune no Home Run Ou,28035
Kitsune no Kan Chigai,26233
Kitsune to Budou,26327
Kitsutsuki: The Ten Hole Stories,30407
Kitty to Daniel no Odoru Santa-san no Himitsu,29549
Kitty to Daniel no Suteki na Christmas,29543
Kitty to Mimmy no Happy Birthday,22499
Kitty-chan wo Sagase! Toyama-shi Stamp Rally,33915
KiyaKiya,34286
Kizu darake no Tenshi-tachi,25061
Kizuna (ONA),34120
Kizuna: Ningen no Uta Part 2,31000
Kkomaeosa Ttori,18321
Kkureogi Balmyeongwang,18301
Kkurukkuruwa Chingudeul,30048
Kobito to Ao Mushi,23637
Kobo-chan,19585
Kobutori,22511
Kobutori (1957),29920
Kochinpa! Dainiki,34503
Kochira Katsushikaku Kameari Kouenmae Hashutsujo: Hashire! Ryoutsu-shiki Chinchin Densha,33877
Kochira Katsushikaku Kameari Kouenmae Hashutsujo: Maguro no Notta Keikan,33874
Kochira Katsushikaku Kameari Kouenmae Hashutsujo: Mezase! Kameari Superstar!! Ryoutsu-shiki Aidoru h,33882
Kochira Katsushikaku Kameari Kouenmae Hashutsujo: Ryou-san no Sushi Kuinee! - Choujyou Maguro Taiket,33880
Kochira Katsushikaku Kameari Kouenmae Hashutsujo: Ryou-san to Chyuuken Rakkii Monogatari - Kameari D,33876
"Kochira Katsushikaku Kameari Kouenmae Hashutsujo: Ryoutsu no Asakusa Rinyuuaru Daisakusen!! - Aa, Om",33878
Kochira Katsushikaku Kameari Kouenmae Hashutsujo: Ryoutsu vs. Nakimushi Aidoru!? Nihon Ikkai Dai-Sug,33875
Kochira Katsushikaku Kameari Kouenmae Hashutsujo: Shiiron Tankentai! Sumidagawa no Chikai - Omoide n,33879
Kochira Katsushikaku Kameari Kouenmae Hashutsujo: The Final - Ryoutsu Kakichi Saigo no Hi,33454
Kochira Katsushikaku Kameari Kouenmae Hashutsujo: Washi to Ore!? - Bokura wa Asakusa Shounen Tanteid,33881
Kochira Tamago Outou Negaimasu,30235
Kodanuki Ponpo,32430
Koe wo Kikasete,26091
Kogitsune no Okurimono,26345
Kogitsune no Shouboutai,28569
Koguma no Misha,6261
Koha Ginjiro,24489
Koishite!! Namashi-chan,24775
Kojin Toshi,31587
Kokoro no Catchball,30968
Kokoro no Chikara,28047
Kokoro no Hanataba,26293
Kokoro no Koukyougaku,26109
Kokoroya,26117
Kokuen,32759
Komatsu Sakyo Anime Gekijou,23829
Konchuu Monogatari Tentoumu Chu! to Mitsubachi Hatsu Chu!,29738
Konchuu Tsurezuregusa,16263
Konna Ko Iru kana,30129
Konna Watashitachi ga Nariyuki de Heroine ni Natta Kekka www,24073
Konna Watashitachi ga Nariyuki de Heroine ni Natta Kekka www (TV),27519
Konna Watashitachi ga Nariyuki de Heroine ni Natta Kekka www (TV): Heroine Kentei,28885
Kono Mayonnaise wa Yuru Sugiru,30212
Kono Sekai no Katasumi ni,15227
Kono Shihai kara no Sotsugyou: Ozaki Yutaka,12981
Kono Sora no Shita de,26095
Konpeki no Kantai: Sourai Kaihatsu Monogatari,10335
Konpora Kid,17599
Koori no Kuni no Misuke,25921
Koro Koro Kuririn no Inaka no Nezumi Tokai no Nezumi,18081
Korogashi Ryouta,10564
Korokoro Animal,29745
Korokoro Animal 2,29759
Kosys! Kochira Keihime Tetsudou: Kouhou System-ka,23733
Kosys! Lite: Tsuyoku Suishou Bansaku no Sunglasses - Password Tsukai-mawashi no Jutsu,33854
Kotatsu Neko,7189
Kotencotenco,8595
Koto Nakare Hero Gingerman,33123
Kotori Samba,31239
Kotowaza Gundam-san,33226
Kotowaza House,20117
Kouchuu Ouja Mushiking Super Battle Movie: Yami no Kaizou Kouchuu,2173
Kouchuu Ouja Mushiking: Greatest Champion e no Michi,17469
Kougyou Aika Volley Boys,24159
Koume-chan ga Iku!,6571
Kousagi Monogatari,23097
Koutetsu no Vendetta Episode 0,17563
Kozaru no Buranko,32626
Kubbe Kort Animasjon,33528
Kubbe no Ongakukai,33527
Kubire 3 Sisters,24797
Kuiba II: Dazhan Yuan Yang Jie,19687
Kuiba III: Zhanshen Jueqi,19781
Kujakuou: Sengoku Tensei,28151
Kujira,30176
Kujira no Josephina,5886
Kuma no Gakkou: Jackie to Katie,9339
Kuma no Minakuro to Kouhei Jiisan,28119
Kuma no Puutarou,11197
Kumo ni Noru,23699
Kumo no Ito,28053
Kumo no Ito (OVA),26279
Kumo no Ito (Special),29718
Kumori Nochi Hare,31007
Kuni-chan no Ikka Ranran,34201
Kunimatsu-sama no Otoridai,17669
Kupu~!! Mamegoma!,5809
Kuripuri*Kuripura,30395
Kuro,31873
Kuroi Ame ni Utarete,19135
Kurokan,29603
Kurumiwari Ningyou (2014),26043
Kuruneko: Kurunekobin,17749
Kuruneko: Nyaalock Holmes no Bouken,17753
Kushimitama Samurai,33348
KutsuDaru.,22465
Kutsuya to Kobito,33115
Kuwagata Tsumami,18773
Kuzuryuugawa to Shounen,28109
Kwaegeol Longman Narongi,19325
Kyojin no Hoshi (Movie),17439
Kyojin no Hoshi: Chizome no Kesshousen,17441
Kyojin no Hoshi: Dai League Ball,17445
Kyojin no Hoshi: Ike Ike Hyuuma,17443
Kyojin no Hoshi: Shukumei no Taiketsu,17447
Kyoro-chan no Jishin Youjin Hi no Youjin,28579
Kyoufu no Kyou-chan,20603
Kyoufu Shinbun,17615
Kyoufu! Zombie Neko,31539
Kyouryoku Boukuusen,28067
Kyouryou Pikora,29493
Kyouryuu Wakusei,7681
Kyoushitsu wa Obake ga Ippai/Boku wa Yuusha da zo,27847
Kyubi no Kitsune to Tobimaru (Sesshoseki),17673
Kyuumei Senshi Nanosaver,27393
L/R: Licensed by Royal Special,30066
La Vilaine LuLu,6206
Lan Mao,9947
Lao Fu Zi Fan Dou Zhen Tan,30098
Lao Fu Zi Shui Hu Chuan,30096
Lao Fu Zi Zhi Xiao Shui Hu Chuan Qi,30099
Larva 2nd Season,31673
Larva 3rd Season,31674
Learn to Love,29712
Legend of Basara: Shinbashi Theater,23597
Legend of the Moles: The Frozen Horror,30343
Legend of the Moles: The Treasure of Scylla,30349
Lemon Angel YJ-ban,6065
Lena lena,29003
"Letchu, Getchu, Saru Getchu",31054
"Letchu, Getchu, Saru Getchu Episode 0",32310
Licca-chan to Mahou no Kuni,22421
Life!,33782
Lightning Atom,16820
Lina Poe Poe,32784
Linetown,18155
Little Charo,13177
Little Charo 2,13179
Little Charo: Touhoku-hen,13465
"Little Polar Bear: Shirokuma-kun, Doko e?",25027
"Little Polar Bear: Shirokuma-kun, Fune ni Noru",25029
Little Twins,28097
Little Twins: Bokura no Natsu ga Tondeiku,28099
Liv &amp; Bell,29421
Lolling Seutajeu,17102
Lolling Seutajeu (Movie),17104
Long Zai Na Li,32823
Lord of Vermillion III Special Anime Movie,31493
Love Will Find the Way Back Home,32844
Lovely Movie: Itoshi no Muco Season 2,23901
Lovely Movie: Itoshi no Muco Specials,23899
Lulin Da Maoxian,31205
Luo Xiao Hei Zhan Ji,33443
Lupin Shanshei Pilot,31984
Ma Shen,33755
Maabou no Shounen Koukuu Tsuwamono,7500
Mabeob Chunjamun: Daemawangui Buhwaleul Magala,30055
Mabeobsaui Adeul Koli,30057
Maboroshi Mabo-chan,27965
Mach Girl,4905
Machi Ichiban no Kechinbou,19971
Machine Robo: Butchigiri Battle Hackers,16131
"Machine Robo: Leina, The Legend of Wolf Blade",6577
Made in Japan,30673
Madou King Granzort: Nonstop Rabi,30873
Maegami Tarou,3828
"Maemilggot, Unsu Joeun Nal, Geurigo Bombom",31463
Magical Hat,15915
Magical Music Train,33907
Magical Puuta no Hi Asobi wa Abunai yo,28559
Magical Suite Prism Nana,15407
Magical★Taruruuto-kun Movie,22827
Magical★Taruruuto-kun: Moeru! Yuujou no Mahou Taisen,22981
Magical★Taruruuto-kun: Sukisuki Takoyaki!,22979
Mahjong Hishouden: Naki no Ryuu,5151
Mahou no Princess Minky Momo: Hitomi no Seiza - Minky Momo Song Special,23129
Mahou no Princess Minky Momo: Yume wo Dakishimete Specials,30298
Mahou no Star Magical Emi: Finale! Finale!,33358
Mahou no Tenshi Creamy Mami no Otogibanashi,32257
Mahou no Tenshi Creamy Mami: Perfect Memory,32259
Mahou no Yousei Persia Pilot,22239
Mahoutsukai Haley no Speed Story,8495
Mahoutsukai Precure! Movie,33183
Maji,20499
Majin Sentai Death Ranger: Ubawareta Pudding!,30094
Majo Demo Steady,8889
Mak Dau BoloYao WongZi,9818
Mak Dau Dang Dang Ban wo Xin,30051
Mak Dau Goo Si,9817
Mak Dau wo He wo Mama,30052
Mak Dau Xiang Dang Dang,9819
Makehen de! Roku-nen San-kumi no Hanshin Daishinsai,28577
Makeruna! Senta: Sayonara Ijime Mushi,31008
Makiba no Shoujo Katori Specials,25073
Makkuro na Obentou,20229
Mako-chan no Koutsuu Anzen,32224
Makoto-chan,8372
Maku,28989
Malay Oki Kaisen,29782
Malta no Bouken,30906
Mama Ohanashi Kikasete,26087
Mameshi-Pamyu-Pamyu,33551
Mameshiba Bangai-hen,33552
Mameshiba Gakuen,33542
Mameshiba the DVD Green Pea-shiba no Kutsujoku,33705
Mameshiba x Gaist Crusher Collab CM,33547
Mameushi-kun,12185
Mameushi-kun no Koutsuu Anzen,30930
Mamimume★Mogacho,11525
Manabu no Natsuyasumi,24019
Mandalaya no Ryouta: Kukidani Onsen Enshou Soudou Tan,16994
Manga Aesop Monogatari,23763
Manga Aesop Monogatari (TV),3180
Manga Doushite Monogatari,10136
Manga Doushite Monogatari OVA,30139
Manga Hajimete Monogatari,10135
Manga Hajimete Monogatari OVA,30107
Manga Hajimete Omoshiro Juku,10138
Manga Hajimete Omoshiro Juku OVA,30312
Manga Hana no Kakarichou,20241
Manga Ijin Monogatari,20183
Manga Jinbutsushi,23001
Manga Kodomo Bunko,20231
Manga Kotowaja Jiten,33300
Manga Mitokoumon,11829
Manga Naruhodo Monogatari,10137
Manga Naruhodo Monogatari OVA,30198
Manga Nihon Emaki,9856
Manga Nihon Keizai Nyuumon,10709
Manga Nihonshi,11245
Manga Nihonshi (NHK Han),22509
Manga Nippon Mukashibanashi,10282
Manga Nippon Mukashibanashi (Movie),10285
Manzai Taikouki,24683
MapleStory Special,28237
Marin to Yamato: Fushigi na Nichiyoubi,5987
Marin X,16784
Marine Snow no Densetsu,6942
Mars,10648
Marude Dameo,19873
Marude Sekai,29963
Mashin Eiyuuden Wataru: Soukaizan Eiyuu Densetsu,16590
Mask Masters,33383
Master of Torque 3,32059
Matsubara-kun,30781
Matsubara-kun: Mackie E no Ouen Message,33843
Mattsu to Yanma to Moburi-san 2: Suigun Otakara to Nazotoki no Shimajima,27951
Maya no Isshou,25301
Mayutoro The Toons,10239
Maze Maze Wien,29719
Maze☆Bakunetsu Jikuu: Tenpen Kyoui no Giant,8442
McDull and Chinese Culture,9821
"McDull, the Alumni",9820
Me wo Samase Toragorou,11711
Mebae no Ashita,26221
Mebuki,31009
Mecha Robot Corps 3,16834
Mecha☆Afro-kun,9334
Mechakko Dotakon,6727
Mechano: Scientific Attack Force,24259
Megumi to Taiyou II: Kajuu Gummi Tweet Mystery - Kieta Sapphire Roman no Nazo,25267
Megumi to Taiyou III: Kajuu Gummi Tweet Fantasy - Timeline World,25491
Megumi to Taiyou: Kajuu Gummi Tweet Love Story,25265
Meiji Ishin wo Tsukuriageta Hitobito,26271
Meiji Tokyo Renka Movie: Hanakagami no Fantasia,33087
Meiken Lassie Specials,25085
Meikyoku to Dai Sakkyokka Monogatari,33079
Meimon! Daisan Yakyuubu,4121
Meisaku World,30027
Meitantei Hangyodon: Kaitou Ruzu Arawaruno-kan,19705
Meitantei Rascal,21447
Mellow,27559
Meoteoldosa,18311
Meoteoldosawa 108 Yogoe,18331
Meoteoldosawa Ttomae,18329
Michi,7616
Michitekuru Toki no Mukou ni,16586
Microid S,3846
Midnight Horror School,7751
Midori no Makibao Compilation OVA,30723
Midoriyama Koukou Koushien-hen,5994
Midoriyama Koukou Koushien-hen (Movie),8522
Mienu Me ni Kanjita Kumotoriyama no Asahi,26259
Mii-chan no Tenohira,27579
Miira no Yume,31268
Miitsuketa!,26107
Mikan Enikki Specials,25661
Mikeneko Holmes no Yuurei Joushu,12259
Mikosuri Han-Gekijou,20453
Mikuni no Tame Ni,29557
Milk House Dreaming: Ai no Shiki,19597
Milky Passion: Dougenzaka - Ai no Shiro,16954
Mim Mam Mint,32402
Mimizu Monogatari,31582
Mimizuku to Tsuki-sama,26319
Mina no Bousai Mura Dzukuri,26255
Mina no Egao,26247
Mina no Mura no Gomi Soudou,26253
Mina no Mura to Kawa,26249
Mina no Mura to Mori,26251
Minami no Kuni kara Kita Tegami,32475
Minami no Niji no Lucy Specials,25071
Minamo,29767
Minamoto no Yoritomo to Bushi no Yononaka,26277
Mini Moni Yaru no da Pyon!,7452
Mini Van 2nd Season,31410
Mini Yon Soldier Rin!,18275
Minna de Bokumetsu Inshu Unten,34122
Minna de Tonda,30759
Minna Ichiban!,26325
Minna no Doutoku,26337
Minna Tomodachi,23729
Miracle Giants Doumu-kun Special,25051
Miracle Psychicer Seizan,16021
Miracle! Mimika,5374
Miraesonyeon Kunta Beomyuda 5000 Nyeon,16800
Mirai e no Kakehashi: Bridge for Future,32251
"Mirai e no Niji: Boku no Ojisan wa, Hansen-byou",29365
Mirai Kara Kita Shounen Super Jetter,16159
Mirai Kara no Message,31001
Mirai ni Mukete: Bousai wo Kangaeru,33980
Mister Ajikko Special,25053
Mitsuami no Kamisama,32461
Mizu no Tane,4096
Mizuki Shigeru no Toono Monogatari,8243
Mo fa a ma,10149
Mo Jing Lieren,33602
Mo Jing Lieren 2nd Season,33603
Mo Jing Lieren 3rd Season,33604
Mobile Suit Gakuen: G-Reco Koushien,34519
Mobile Suit Gundam-san (ONA),33225
Mobile Suit Gundam-san: Bouya Dakara sa,32158
Mobile Suit Gundam-san: Hiyoko day&#039;s Ichisuisei Hiyoko to Fushigi na Ofuda,33228
Mochi Mochi no Ki,29833
Mochi Mochi no Ki (OVA),25605
Moeru! Oniisan,6067
Moeru! Oniisan (OVA),11959
Mofu☆Mofu,5241
Mogura no Motoro,23005
Momoiro no Crayon,30760
Momon&#039;s Sand Witch,23881
Momon&#039;s Sand Witch Bangai-hen: Tanu no Kyuujitsu,25547
Momon&#039;s Sand Witch Episode 0,23885
Momonga-mon,29387
Momotaros no Natsuyasumi,31116
Momotarou,10758
Momotarou (Music),33401
Momotarou Densetsu,11533
Momotarou no Hi Asobi Yameyou! Hi no Youjin,28553
Momoya x Peeping Life: Go en Desu yo! II,22671
Mon Cheri CoCo,22893
Monchhichiisu,31924
Money Wars: Nerawareta Waterfront Keikaku,18743
MonHun Nikki Girigiri Airou Mura: Airou Kiki Ippatsu Specials,9797
Monkey Punch: Manga Katsudou Daishashin - Crime Mate Special,19479
Monkey Turn V,2741
Monoshiri Daigaku: Ashita no Calendar,22221
Monpy,30117
Monster ni Natta Domerica,24045
Monster Strike The Movie: Hajimari no Basho e,33724
Moom,25541
Mori no Kuma-san,30397
Mori no Ongakudan,31369
Mori no Ongakukai,7529
Mori no Ongakutai,33116
Mori no Ratio,29427
Mori no Senshi Bonolon,20173
Morizo to Kikkoro,12613
Mother Teresa,26281
Moudouken Quill no Isshou,26115
Mouretsu Atarou,20001
Mouretsu Atarou (1990),12391
Mr. Deniroo in Henteko Mushi,31643
Mr. Pen Pen,17603
Mr. Pen Pen II,17605
Mr. Shape,31638
Mr. Shape: High Touch Taisou,31639
Mugen Senki Portriss,2735
Mujeokcheorin Rambot,16796
Mukashi Toilet ga Kowakatta!,31878
Mukidashi no Koushi,33694
Muku Hatojuu no Meiken Monogatari,30944
Muku no Ki no Hanashi,29895
Music Up,9948
Muzumuzu Eighteen,33479
My Home,33537
My Melody no Akazukin,14253
My Melody no Akazukin (OVA),30468
Naccio to Pomm,29371
Nae Ireumeun Dokgotak,17100
Nagareboshi no Okurimono,23713
Nagasaki 1945: Angelus no Kane,3465
Nagasaki no Kouma,26147
Nagisa,32776
Naita Aka Oni,33485
Naita Aka Oni (OVA),26305
Namae... Sore wa Moeru Inochi,26103
Namakemono ga Miteta,19817
Nameko: Sekai no Tomodachi,32876
Nana Moon,33583
Nananin no Ayakashi: Chimi Chimi Mouryou!! Gendai Monogatari,34309
Nanatsu no Hoshi,26335
Nanatsu no Umi no Tico Specials,25083
Nanbo no Monjai! 2: Yankee Gurentai,19797
Nanbo no Monjai! Yankee Gurentai,19783
Nanchatte!,8959
Nani ga Dekiru ka na,30398
Nani no Yaku ni Mo Tatanai Karappona Hanashi,33861
Naniwa Kinyuu Den: Minami no Teiou,18631
Naniwa Yuukyouden,9498
Naniwa Yuukyouden: Chou Gokudou! Yoru no Bat wa Manrui-hen,19745
Naniwa Yuukyouden: Kanketsu-hen,19753
Naniwa Yuukyouden: Kyouretsu! Ana ga Attara Iretai-hen,19749
Naniwa Yuukyouden: Nekketsu!! Bakushou Mankai-hen,19729
Naniwabushi Daisuki,24549
Nanja Monja Obake,29495
Nano Invaders,27943
Nanocore,33266
Nanocore 2nd Season,33271
Nanocore: 2016 New Year Special,33272
Nanocore: NG Scenes - Nano&#039;s Daily Life,33279
Nanoha,30975
Nansensu Monogatari Dai Ippen: Sarugashima,28695
Nar Doma,29715
Nar Doma Manner Movie,32276
Nar Doma Special,32275
Narara Superboard,32136
Narara Wondeogongju,16810
Nareuneun Dwaeji - Haejeok Mateo,18315
Nat-chan no Akai Tebukuro,26153
Naze,30209
Naze Ikiru: Rennyo Shounin to Yoshizaki Enjou,33130
Nazotoki-hime wa Meitantei♥,15211
Negibouzu no Asatarou,5184
Nekketsu Jinmen Inu: Life Is Movie,25253
Neko Enikki,31361
Neko Funjatta,24903
Neko Hiki no Ororane,5925
Neko Konogoro,33398
"Neko mo, Onda-ke",32999
Neko Neko Nihonshi,32572
Neko no Dayan,23555
Neko no Dayan: Fushigi Gekijou,33727
Neko no Dayan: Nihon e Iku,31562
Neko no Kuni no Kenpou,33826
Neko no Sumu Shima,13497
Neko Pitcher,23737
Neko to Nezumi,24573
Neko wa Ikite Iru,31017
Nekoronde Mite ne.,29851
Nekoronde TV.,29844
Nemuranu Machi no Cinderella: Hirose Ryouichi - Memorial Date,30647
Nemurenu Yoru no Chiisana Ohanashi,27843
Neo Faust,30217
Nepos Napos,30409
New Tokyo Ondo,30864
Nezumi no Yomeiri,23643
Nezumi-kun no Chokki,27849
Nibiki no Neko to Genkina Kazoku,31002
Nidoto Touranai Tabibito,26257
Nihon Meisaku Douwa Series: Akai Tori no Kokoro,20027
Nihon Mukashibanashi: Saru Kani,7713
Nihon Mukashibanashi: Warashibe Chouja,22413
Nihon no Otogibanashi,32716
Nihon Omoshiro Mukashibanashi,12181
Nihon-ichi no Otoko no Tamashii,8890
Nihon-ichi no Otoko no Tamashii 2,8891
Niji ni Mukatte,4218
Niji no Kakehashi,31004
Niji no Kanata e! Shoujo Diana Monogatari,12165
Niji no Kizuna,26215
Nijuushi no Hitomi,19917
"Nikoniko, Pun",25059
Nine,8953
Nine 2: Koibito Sengen,9243
Nine 3: Kanketsu-hen,9244
Nine: Original Han,9242
Nineko Gelée: Opening Movie,33914
Ningen Kakumei,22325
Ningen no Uta,30999
Ningyo no Hanashi,32788
Ninja Hattori-kun (2012) Special,30177
Ninja Hattori-kun Plus Perman: Chounouryoku Wars,29235
Ninja Hattori-kun Plus Perman: Ninja Kaijuu Jippou tai Miracle Tamago,29233
Ninja Hattori-kun: Nin Nin Furusato Daisakusen no Maki,23647
Ninja Hattori-kun: Nin Nin Ninpo Enikki no Maki,21493
Ninja Negizou,33060
Ninja-tai Gatchaman ZIP!,31517
Ninjaman Ippei,21491
Ninpen Manmaru,9455
Ninpuu Kamui Gaiden: Tsukihigai no Maki,30965
Nintama Rantarou no Jishin Youjin Hi no Youjin,28581
Nintama Rantarou no Shouboutai,28583
Nintama Rantarou no Uchuu Daibouken with Cosmic Front☆Next,32773
Nintama Rantarou: Dokutake Onsen no Dan,31033
Nintama Rantarou: Ninjutsu Gakuen to Nazo no Onna - Kore wa Jiken Da yo! no Dan,31034
Nippon Tanjou,22999
Nobara,29900
Nobara no Julie,8777
Nobunaga-kun no Jitensha no Rule wo Mamoru no Ja,28547
Nobunaga-kun no Minna de Yakusoku Hi no Youjin,28545
Noel no Fushigi na Bouken,9303
Nogiku no Haka,26265
Non-tan to Issho,17601
Nonki na Tou-san Ryuuguu Mairi,7495
Noobow,18573
Noobow: Kieta Medal,18575
Noobow: Na Kokoro,18577
Norabbits&#039; Minutes,8205
Norakuro,23013
Norakuro Compilation OVA,30305
Norakuro Ittouhei,30019
Norakuro Nitouhei,30018
Norakuro-kun,16393
Noramimi,3514
Noramimi 2,5089
Norasco,24773
Norasco (TV),31019
Norasco: Cinema Point Card-hen,31020
Nori P-chan,33174
Norimono Atsumare: Hit Song-shuu,32904
Norman the Snowman: Kita no Kuni no Aurora (Kari),20799
Noroma na Jiji,28689
Notari Matsutarou,7836
Notteke Explet&#039;s,29740
Nowisee,32633
Nude Batter Tetsuo,33283
Nukko.,22585
Nunbori,21019
Nyamen,22849
Nyamen: Tenkai Daiichi Joshi Koukou Bunka Matsuri Tokubetsu Eizou,31166
Nyancos: Hello! Our Brilliant Future,33176
Nyancos: Hello! Our Brilliant Future Digest,33422
Nyanfuru,24845
Nyani ga Nyandaa Nyandaa Kamen,9810
Nyanpuku Nyaruma,24403
Nyuru Nyuru!! Kakusen-kun,19305
Nyuru Nyuru!! Kakusen-kun 2nd Season,30144
Nyuuin Bokki Monogatari: Odaijini!,16970
Obaachan no Takaramono,32166
Obake Entotsu no Uta,26033
Obake Nagaya,26317
Obake no Q-Tarou: Susume! 1/100 Daisakusen,22991
Obake no Q-Tarou: Tobidase! Bake Bake Daisakusen,22993
Obasuteyama,27573
Obatalian,28101
Obocchama-kun,20075
Ocha-ken: Hotto Monogatari,34358
Ocha-ken: Ryokutto Monogatari,34363
Ochou Fujin no Gensou,28143
Oden-kun,9070
Odoriko Clinoppe,18469
Oedo wa Nemurenai!,14181
Offside,31575
Ogami Matsugorou,19921
Oh! Family,7575
Oh! My Konbu,25139
Oh! Super Milk-chan Special,18815
Ohayo! Spank (Movie),19897
Ohayou! Kokekkou-san,34234
Oi! Ryouma,8415
Ojamanga Yamada-kun,16530
Ojamanga Yamada-kun (Movie),16730
Ojarumaru Yakusoku no Natsu Ojaru to Semira Movie,16480
Ojarumaru: Chitchai Mono no Ookina Chikara,30942
Ojarumaru: Mangetsu Road Kiki Ippatsu - Tama ni wa Maro mo Daibouken,16482
Ojarumaru: Wasureta Mori no Hinata,31672
Ojiichan ga Kaizoku Datta Koro,13091
Ojiichan ga Nokoshite Kureta Mono: Moetemo Moenai? Moenikui!,31971
Ojiichan no Hanabi,30980
Ojiichan no Komoriuta,32229
Ojiichan no Tomato,30997
Ojiichan wa Boku no Hero,30943
Ojisan Kaizou Kouza,23865
Okaachan Gomen ne,26145
Okaasan no Ki,26155
Okaasan no Yasashii te,30978
"Okaasan, Nakanaide",26315
Okama Hakusho,10353
Okane wa Mawaru: Kurashi to Kinyuu,19069
Okawari-Boy Starzan S,8799
Okon Joururi,4220
Okore!! Nonkuro,30158
Okori Jizou,26143
Okoru yo!,32472
OL Kaizou Kouza,22275
Omakase Scrappers,17624
Omakase! Miracle Cat-dan,29846
Omedetou Jesus-sama,26197
Omoi Au Christmas 2011,33888
Omoikkiri Kagaku Adventure Sou Nanda!,2742
Omusubi Kororin,33343
"on-chan, Yume Power Daibouken!",8229
Onaka Hime,31057
Onbu Obake,7531
One and Three Four,32763
Onegai My Melody: Yuu &amp; Ai,14947
Ongaku Sekai Ryokou,29435
Oni Keibu Anpan,29403
Oni no Ko to Yuki Usagi,21163
Onigakure Yama no Soba no Hana,29795
Onigara,28115
Oniku Daisuki! Zeushi-kun,22541
Oniku Daisuki! Zeushi-kun 2nd Season,28185
Oniku Daisuki! Zeushi-kun: Suteki na Hamburger,32666
Onimaru: Senjou ni Kakeru Itsutsu no Seishun,23819
Only You: Viva! Cabaret Club,20085
Onpu,32225
Ooedo Torimonochou: Nezumi Kozou,29275
Ooi! Adacchii!,28113
Ooi! Hanimaru,29888
Ookami Shounen Ken,17521
Ookami Shounen Ken (Movie),23007
Ookami Shounen Ken: Arabia no Kaijin - Ma no Iwa no Kettou,23009
Ookami to Nanahiki no Ko Yagi,23645
Oraa Guzura Dado,21539
Orangutan,29053
Ore no Sora Keiji-hen,9338
Ore wa Chokkaku,19831
Ore-tachi Ijiwaru Kei,25809
"Ore-tachi, Tomodachi!",27389
Origami Warriors,8999
Osamishi Tani no Wakare Uta,30065
Osaru no Monkichi no Kin no Ono Gin no Ono,22567
Osaru no Tairyou,23267
Oshare Majo Love and Berry: Shiawase no Mahou,3362
Oshin,9866
Oshizuka ni,29796
Osiris no Tenbin: Season 2,33154
Osomatsu-kun (1988): Appare! Chibita no Onitaiji zansu,32087
Osomatsu-kun: Iyami wa Hitori Kaze no Naka,32088
Osomatsu-kun: Suika no Hoshi kara Konnichiwa zansu!,19879
Osomatsu-san: Ouma de Kobanashi,34238
Otanoshimi Anime Gekijou,20023
Otenki Boys,30025
Otogi Banashi: Bunbuku Chagama,23181
Otogi Manga Calendar,14213
Otogi no Sekai Ryokou,17675
Otoko Doahou! Koushien,23011
Otoko Ippiki Gaki Daishou,17467
Otoko to Onna to Inu,29635
Otoko wa Tsurai yo: Torajirou Wasurenagusa,19559
Otokogi,17903
Otona no Ikkyuu-san,33414
Otoshidama,32073
Otsuki-sama to Oujo,23515
Ou-sama Ninatta Kitsune,29922
Ougon Senshi Gold Lightan,7106
Ousama Monogatari,29399
Ousama no Shippo,7526
Owanko,30905
Oyo Neko Bunyan,28089
Oyone to Mattsan: Ai no Uta,33175
Oz no Mahoutsukai no Koutsuu Anzen no Tabi,30932
Ozmafia!! Special,33618
Pa-Pa-Pa the ★ Movie: Perman,20185
Pa-Pa-Pa the ★ Movie: Perman - Tako de Pon! Ashi wa Pon!,29611
Paboo &amp; Mojies,13165
Pac-World,28595
Pachislo Kizoku Gin,7960
Padak Padak,33238
Panda no Taputapu,13463
Paniponi,29487
Panpaka Pants,32842
Panpaka Pants Movie: Bananan Oukoku no Hihou,29832
Panpaka Pants O-New!,30417
Panpaka Pants W-O-New!,33002
Pants Pankurou,10953
Papa Mama Bye Bye,28073
Paper Cranes Story: Kenta to Maiko,26133
Paper Film,30403
Paradise,29727
Paris no Isabelle,3879
Pata Pata Mama,29459
Patalliro Saiyuuki! Special,22591
Patchin shite! Obaachan,6018
Patta Potta Monta,24121
Patty &amp; Jimmy no Kimikoso Superstar,22609
Pâtisserie no Monster,33122
Peach Command Shin Momotarou Densetsu,33310
Pecola,12359
Peeban,33913
Peeping Life 5.0ch,19849
Peeping Life Movie: We Are The Hero,27399
Peeping Life x IODATA: Quiz!! Input Output,29729
Peeping Life x Kaijuu Sakaba Kaiji: Kaijuu-tachi ga Iru Tokoro,32143
Peeping Life x Kids Station,32147
Peeping Life x Sanyo,33789
Peeping Life: Gekijou Original-ban,22675
Peeping Life: Tezuka Pro - Tatsunoko Pro Wonderland,22631
Peeping Life: Tezuka Pro - Tatsunoko Pro Wonderland ONA,22635
Peeping Life: Tezuka Pro - Tatsunoko Pro Wonderland Specials,22633
Peeping Life: The Perfect Explosion,17359
Peeping Life: The Perfect Explosion Specials,25941
Peeping Life: The Perfect Extension Specials,32145
Peeping Life: TV Asahi Josei Announcer Collab,32146
Pelican Road Club Culture,8324
Peng You Town,7709
Penguin no Mondai,4331
Penguin no Mondai DX?,10856
Penguin no Mondai Max,10855
Penguin no Mondai Movie,6063
Penguin&#039;s Memory: Shiawase Monogatari,16434
PePePePengiin,34156
Pepsi Nex x 009 Re:Cyborg,32736
Perman: Birdman ga Yatte Kita!!,29613
Perman: Copy World no Nazo,30646
Perrine Monogatari Movie,16458
Perrine Monogatari Specials,16460
Persia no Komoriuta: Watashi no Hana,29177
Peter Pan no Bouken Specials,23739
Petit Petit Muse,32660
Phantasm,29953
Phantom Yuusha Densetsu,10466
Pi Po Pa Po Patrol-kun,3458
Piano Specials,23177
Pic-lele,21981
Picchipichi Shizuku-chan,15897
Pichiko Dakyuubu,31464
Pichiko Dakyuubu USA-hen,31465
Pikaia!,30386
PikkaPika Summer,31078
Pinch to Punch,20005
Pink Lady Monogatari: Eikou no Tenshi-tachi,17423
Pink Lady Monogatari: Eikou no Tenshitachi Recaps,25601
Pinky Monkey no Umareta Hi,29393
Pinky Monkey x FaFa Collaboration Animation: At Afternoon of Sunny Day,29397
Pinky Wakuwaku Tabi Stroll,29391
Pipi Tobenai Hotaru,19909
Piroppo,5018
Pittanko! Nekozakana,34235
Pittanko! Taiyou-sensei to Pittanko,31642
Piyo no Ongaeshi,30200
"Planetarium Chibi Maruko-chan, Hoshi ni Negai wo",30803
Platonic Chain: Ansatsu Jikkouchuu,34476
Play Ball 2nd,3769
Plus 50000-nen,29898
Pochacco no Jack to Mame no Ki,22493
Pochacco no Ninjin Hata wa Oosawagi,22623
Pochacco no Wakuwaku Birthday,22617
Poka Poka Mori no Rascal,17613
Pokopon no Yukai na Saiyuuki,32621
Pom Pom Purin no Kitakaze to Taiyou,22577
Pom Pom Purin no Usagi to Kame,22569
Ponkotsu Quest: Maou to Haken no Mamono-tachi,31667
Ponkotsuland Saga,31647
Ponsuke no Haru,23089
Ponsuke no Udekurabe,7527
Ponta to Ensoku,13103
Poppen-sensei to Kaerazu no Numa,30360
Poppoya-san: Nonki Ekichou,23633
Poppoya-san: Nonki Kikanshi,23635
Pops,2093
Poron Guitar,29925
Porong Porong Pororo 2,27451
Porong Porong Pororo 3,27455
Porong Porong Pororo 4,27457
Porong Porong Pororo 5,27459
Pororo Daemoheom,6524
Pororo Geugjangpan Super Sseolmae Daemoheom,27463
Pororo Hanguk-e Wass-eoyo,27465
Pororo&#039;s English Show,27461
Pororo-wa Noraehaeyo,27453
Potecco Babies (2011),22593
Pozzie,8670
Present,30765
Pride,34118
Prison Bear,24811
Private Eye Dol,25983
Pro Golfer Saru,17313
Pro Golfer Saru (1985),16650
Pro Golfer Saru: Kouga Hikyou! Kage no Ninpou Golfer Sanjou!,17321
Pro Golfer Saru: Super Golf World e no Chousen!!,17317
Pro Yakyuu wo 10-bai Tanoshiku Miru Houhou,18339
Pro Yakyuu wo 10-bai Tanoshiku Miru Houhou Part 2,18341
Project HAL,32385
PS3® no Tsukai Kata: feat.Peeping Life,32148
Pulsar,29377
Punpun Polka,34406
Pururun! Shizuku-chan,9426
Pururun! Shizuku-chan Aha,9533
Puttsun Make Love,9542
Puu-Neko,10459
Puu-Neko Shougekijou,11589
Puyo Puyo: Madou Monogatari,19009
Pyun Pyun Maru,15873
"Pyuu to Fuku! Jaguar: Ima, Fuki ni Yukimasu",5240
Pyuu to Fuku! Jaguar: Return of Yaku Ichinenburi,23889
Qi Cai Lao Fu Zi,30095
Qin Shiming Yue 3D: Dianying Longteng Wanli,29910
Qin Shiming Yue Tebie Pian: Di Zi Jiang Xi,33278
Qin Shiming Yue Zhi: Guoqing Tebie Pian,33258
Qin Shiming Yue Zhi: Junlin Tianxia,29936
Qin Shiming Yue Zhi: Luosheng Tangxia,29937
Qin Shiming Yue Zhi: Tian Xing Jiu Ge,29935
Qin Shiming Yue Zhi: Wanli Changcheng,15905
Qui Shui Yi Yun,33761
Rainbow no Anime Bako,29483
Rainbow Sea,33630
Rainbow Sentai Robin,9438
Raldessia Chronicles,32219
Ranpou,16526
Rennyo Monogatari,17721
Rennyo to Sono Haha,7473
Rerere no Tensai Bakabon,10607
Rescue YoYo,29477
Revbahaf Wang-gug Jaegeon-soelgi,19467
Revenge of Green Mutant,32768
RGB Adventure,3372
Ribbon no Kishi (1999),14249
Ribbon no Kishi Pilot,22241
Ribbon-chan,13459
Riding the Storm,32851
Ring Ring Boy,22391
Risu no Panache,29797
Rita to Nantoka,6195
Robby to Kerobby,3073
Robin-kun to 100 nin no Otomodachi,9536
Robin-kun to 100 nin no Otomodachi Season 2,15069
Robo to Shoujo (Kari): Oshirase Gekijou (Kari),31302
Robocar Poli,31898
Robocar Poli 2,32221
RoboDz,4547
Robokko Beeton,20147
Robot King,16620
Robot Pulta,29375
Robot Taekwon V 3tan! Sujung Teukgongdae,16566
Robot Taekwon V wa Hwanggeum Nalgae,16490
Robot Taekwon V: Wooju Jakjeon,16562
Robotan,19875
Roboteuwang Sseonsyakeu,14781
Romangeun Eobsda,33237
Roppou Yabure-kun,20003
Rose O&#039;Neill Kewpie,7211
Rouge: Lady&#039;s Comic Video,25623
RPG Densetsu Hepoi,9061
Rudolf to Ippaiattena,31373
Run &amp; Roll,33710
Running Boy: Star Soldier no Himitsu,10653
Runningman,33535
Ruri-iro Princess,9212
Rusuban,8567
Rusuden Hour: Sodan Brothers,30138
Ryoku Tama Shinshi,33078
Ryoukan-san,30204
Ryouma 30 Seconds,31547
Ryuuichi Manga Gekijou Onbu Obake,8685
Ryuuzou to Shichinin no Kobun-tachi x Frogman,32559
Sabaku no Kaizoku! Captain Kuppa,4940
Sabaku no Kuni no Oujosama,23707
Sabaku no Takara no Shiro,17427
Sabu to Ichi Torimono Hikae,5997
Saenggakboda Markeun,33239
Sagaken wo Meguru Animation,32397
Saikin Ponta,29471
Saikyou Robot Daioja,4574
Saint Elmo: Hikari no Raihousha,8561
Saitama Bousou Saizensen Flag! Shinimonogurui no Seishun!!,23593
"Saitama-ken Zaijuu, Fujiyama Osamu, 33-sai, Mushoku (NEET).: Fujilog Nyuumon-hen",33856
"Saitama-ken Zaijuu, Fujiyama Osamu, 33-sai, Mushoku (NEET).: Fujilog Nyuumon-hen Specials",33857
Sakura Capusule,25915
Sakura Momoko Gekijou: Coji-Coji,3869
Sakura no Ondo,15393
Sakura Yori Ai wo Nosete,29798
Sakuran Boy DT,5810
Samchongsa: Time Machine 001,13365
Samurai,29637
Samuraider: Nazo no Tenkousei,9993
San-biki no Koguma-san,29559
Sanchoume no Yuuhi,21483
Sango no Umi to Ouji,10077
Sangokushi,22973
Sangokushi Daiichibu Eiyuu-tachi no Yoake,7696
Sangokushi Dainibu Choukou Moyu,7697
Sangokushi Daisanbu Harukanaru Taichi,7698
Sangokushi II: Amakakeru Otoko-tachi,8678
Sanrio Christmas Fantasia,29547
Santa Claus Tsukamaeta!,29545
Santa-san to Tonakai Kuppi,22627
Santa-san wa Dai Isogashi,34191
Sanzoku Diary,30378
Sarasoujuu no Hana no Iro,29675
Saru Getchu Movie: Ougon no Pipo Helmet - Ukki Battle,31052
Saru Kani Gassen,22399
Saru Kani Gassen,30059
Saru Kani Gassen (Yokoku),33860
Saru Kani Gassen: Ijimekkozaru to Shoujiki Kani-san,23867
Saru Tarou Jishin ni wa Makenai zo!: Jishin e no Sonae Dai Sakusen,28561
Sasurai-kun,27681
Satoukibibatake,33824
"Satto Anshin, SAT x Peeping Life",32734
Sayanora Kaba-kun,28017
"Sayonara, Midori ga ike: Tobe! Tako Glider!!",29733
Sazae-san: Dawn to Ikka de Hawaii Ryokou,28615
Scarecrowman,4684
Science Anime: Choudendou Monogatari,27961
Scripta Volant,33318
Seibu Tetsudou Ekiin Tako-chan,10850
Seikimatsu Leader Gaiden Takeshi!,16245
Seishain Cyborg 003,33163
Seisho Gensou Fu: Adam to Eve,28693
Seishun Anime Zenshuu Specials,32897
Seishun Fuufu Monogatari: Koiko no Mainichi,10045
Seishun Midnight Runners: Shiosai,29744
Seito Shokun! Kokoro ni Midori no Neckerchief wo,17835
Sekai Douwa Anime Zenshuu,7216
Sekai Meisaku Douwa,7398
Sekai Meisaku Douwa Series,30028
Sekai Monoshiri Ryoko,10241
Sekai no Fushigi Tanken Series,25607
Sekai no Hikari: Shinran Shounin,22523
Sekai no Ouja: King Kong Taikai,27379
Senbon Matsubara,19167
Sengoku Bushou Retsuden Bakufuu Douji Hissatsuman,16788
Sengoku Majin Goushougun (Movie),10820
Senjutsu Choukoukaku Orion,8955
Sennen no Yakusoku,20797
Sennin Buraku,8041
Sense Honma ni Honma,32583
Sensou ga Owatta Natsu ni 1945 Karafuto,25035
Sensuikan Cassiopeia,29647
Sensuikan ni Koi wo Shita Kujira no Hanashi,25329
Sequence,2096
Setsuzoku Muyou,28887
Shaka no Shougai,32627
Shakotan★Boogie,15961
Shan T Lao Fu Zi,30097
Shangri-La (Music),33906
Shaolin Wuzang,27811
Shashinki,31264
Shashinki 87,31265
Sheep in the Island,25979
SheepWolf,26007
Shen Ming Zhi Zhou,33760
Shenmi Shijie Lixian Ji,32796
Shenmi Shijie Lixian Ji 2,32797
Shi Wan Ge Leng Xiaohua,33193
Shi Wan Ge Leng Xiaohua,33195
Shi Wan Ge Leng Xiaohua 2nd Season,33194
Shi Wan Ge Leng Xiaohua Di 3rd Season,33196
Shiawase Haitatsu Taneko,10506
Shiawase no Katachi,9404
Shiawase no Ouji,25093
Shiawase no Tokei,30201
Shibai Taroka,18683
Shibawanko no Wa no Kokoro,1739
Shibuzome Ikki: Ashita ni Kakeru Niji,30983
Shiden Pilot,24441
Shiguang Guiyu,33801
Shika to Kanta,30447
Shima Kousaku no Asia Risshi-den,33538
Shima Kousaku no Asia Risshi-den Specials,33539
Shima Kousaku no Asia Shinseki-den,33540
Shimajirou Hesoka,18939
Shimajirou no Wow!,18941
Shimajirou to Ehon no Kuni,32014
Shimajirou to Fufu no Daibouken Movie: Sukue! Nana-iro no Hana,18943
Shimajirou to Kujira no Uta,20963
Shimajirou to Ookinaki,28293
Shin Bikkuriman,9885
Shin Choubakumatsu Shounen Seiki Takamaru,21547
Shin Dokonjou Gaeru,21487
Shin Dokonjou Gaeru: Dokonjou Yumemakura,21489
Shin Don Chuck Monogatari,23393
Shin Dousei Jidai: Hawaiian Breeze,25065
Shin Kabukichou Story Hana no Asukagumi!,17221
Shin Kachikachi Yama,33132
Shin Karate Jigoku-hen,10304
Shin Kyojin no Hoshi,15875
Shin Kyojin no Hoshi II,16486
Shin Obake no Q-tarou,7980
Shin Otokogi,9749
Shin Pro Golfer Saru,17315
Shin Saru Kani Gassen,30045
Shin Saru Kani Gassen (1939),22401
Shin Seikimatsu: Yatsuto no Souguu,22657
Shin Shounan Bakusouzoku Arakure Knight,16510
Shin Skyers 5,22997
Shin Takarajima,15823
Shin-chan ga Naita!,26223
Shin-chan no Sanrinsha,26157
Shinjuku Shin-chan: Yoiko no Koutsuu Anzen,14069
Shinkai Densetsu Meremanoid,15579
Shinken Densetsu: Tight Road,22313
Shinken Seminar Koukou Kouza,26159
Shinshuu Sudama-hen,7052
Shinya Doubutsuen,31508
Shiodome Cable TV,10633
Shiokari Touge,26263
Shippuu! Iron Leaguer: Silver no Hata no Moto ni,13449
Shirahata no Shoujo Ryuuko,9546
Shiranpuri,30939
Shiratori Reiko de Gozaimasu!,2712
Shiritori Mambo,30208
Shiritori Oukoku,29401
Shiritsu Liyon Gakuen,33415
Shiritsu Tantai: Toki Shouzou Trouble Note - Hard &amp; Loose,6091
Shiro Hon,29389
Shiroi Kiba White Fang Monogatari,5933
Shiroi Zou,33484
Shiroi Zou (1981),30070
Shiroishi no Yousei Pichi,22683
Shisei Sasshin,22995
Shisukon Ouji,19981
Shitakiri Suzume,10756
Shitamachi Alien PapiPipiPupi,29741
Shizukanaru Don: Yakuza Side Story,9349
Shoko Nakagawa Prism Tour Special,24789
Shooting Hero,31942
Shou-chan Sora wo Tobu,30960
Shougakusei no Yuukai Boushi: Yumi-chan Abunai yo!,9879
Shougeki Shinsengumi,10369
Shoujo Fight: Norainu-tachi no Odekake,7092
Shoukoushi Cedie Specials,25075
Shounen Ashibe,33199
Shounen Ashibe (TV),8829
Shounen Ashibe 2,8832
Shounen Ashibe 2: Ashibe no Kanashii Yume,32884
Shounen Ashibe Anzen Kyouiku Anime,33200
Shounen H ga Mita Sensou,26151
Shounen Muku Hatojuu Monogatari,30940
Shounen Ninja Kaze no Fujimaru,13307
Shounen Ninja Kaze no Fujimaru: Nazo no Arabiya Ningyou,19983
Shounen Santa no Daibouken!,7639
Shounen to Sakura,31321
Shounen Tokugawa Ieyasu,20223
Shouri Toushu,19887
Shouta no Sushi: Kokoro ni Hibiku Shari no Aji,27963
Shouwa Ahozoushi Akanuke Ichiban!,17211
Show By Rock!! x Joysound,33855
Shuang Yue Zhi Chengi,33757
Shura ga Yuku,24085
Shutter Chance,30982
Shuugou no Kangae,32226
Shuukan Shimakou,10541
Shuukan Shimakou Special,11611
"Shuukan Shimakou: Sono Toki, Shimakou ga Ugoita!",11609
Shuukan Storyland,13551
Silk Road Shounen Yuuto,1863
Silk Road Shounen Yuuto: Toki wo Kakeru Shounen Yuuto no Hyouryuu Nikki,32369
Sinbad,32888
Sinbad: Mahou no Lamp to Ugoku Shima,31829
Sinbad: Soratobu Hime to Himitsu no Shima,29756
Sinbad: Soratobu Hime to Himitsu no Shima Pilot,32609
Singles,2101
Skirt,32757
Skyers 5,11405
Slippy Dandy,28019
Soba no Hana Saita Hi,26321
Sobakasu Pucchi,19999
Soccer Fever,10774
Sockies: Frontier Quest,8143
Sol,31450
Solar I.II.III,16804
Somei-ka no Hi no Youjin: Bouka no Tebiki Katei-hen,28573
Something Great Chizu ni Nai Machi,23979
Son Gokuu no Hi no Youjin,28555
Son Gokuu no Koutsuu Rule Shugyou Chuu,30933
Son Gokuu Silk Road wo Tobu!!,24669
Son Gokuu War and the Stars,16814
Sonna Boku ga Suki,30082
Sonyeon 007 Eunhateukgongdae,18283
Sonyeon 007 Jihajeguk,18303
Sora e,22393
Sora Iro Hana Iro,22791
Sora no Arawashi,31948
Soratobu Usagi no Yuukai Boushi: Boku Iya Da yo!,21517
Sore Ike! Anpanman: Anpanman no Jin-Jin-Jingle Bells,21941
Sore Ike! Anpanman: Anpanman to Christmas no Hoshi,16988
Sore Ike! Anpanman: Anpanman to Happy Otanjoubi,21933
Sore Ike! Anpanman: Anpanman to Kaizoku Lobster,27499
Sore Ike! Anpanman: Anpanman to Okashi na Nakama,21935
Sore Ike! Anpanman: Anpanman to Oyakusoku,21973
Sore Ike! Anpanman: Anpanman to Tanoshii Nakama-tachi,27501
Sore Ike! Anpanman: Anpanman to Yukai na Nakama-tachi,21937
Sore Ike! Anpanman: Baikinman no Gyakushuu,10061
Sore Ike! Anpanman: Baikinman to 3 Bai Punch,21943
Sore Ike! Anpanman: Baikinman vs. Baikinman!?,21945
Sore Ike! Anpanman: Black Nose to Mahou no Uta,9007
Sore Ike! Anpanman: Bokura wa Hero,27371
Sore Ike! Anpanman: Dadandan to Futago no Hoshi,17213
Sore Ike! Anpanman: Dokin-chan no Dokidoki Calendar,22037
Sore Ike! Anpanman: Franken-Robo-kun&#039;s Surprised Christmas,17004
Sore Ike! Anpanman: Gomira no Hoshi,21947
Sore Ike! Anpanman: Happy no Daibouken,17215
Sore Ike! Anpanman: Hashire! Wakuwaku Anpanman Grand Prix,27569
Sore Ike! Anpanman: Hiya Hiya Hiyariko to Bafu Bafu Baikinman,21951
Sore Ike! Anpanman: Horrorman to Hora Horako,21953
Sore Ike! Anpanman: Inochi no Hoshi no Dolly,18591
Sore Ike! Anpanman: Kaiketsu Naganegiman to Doremi Hime,27491
Sore Ike! Anpanman: Kaiketsu Naganegiman to Yakisobapanman,27495
Sore Ike! Anpanman: Keito no Shiro no Christmas,27571
Sore Ike! Anpanman: Kieta Jam Ojisan,27497
Sore Ike! Anpanman: Kirakira Boshi no Namida,16163
Sore Ike! Anpanman: Kokin-chan to Aoi Namida,21957
Sore Ike! Anpanman: Kokin-chan to Namida no Christmas,21955
Sore Ike! Anpanman: Kuruyuki-hime to Mote Mote Baikinman,21959
Sore Ike! Anpanman: Kyouryuu Nosshii no Daibouken,10056
Sore Ike! Anpanman: Lyrical☆Magical Mahou no Gakkou,22035
Sore Ike! Anpanman: Mija to Mahou no Lamp,29901
Sore Ike! Anpanman: Minami no Umi wo Sukue!,21291
Sore Ike! Anpanman: Minna Atsumare! Anpanman World,21961
Sore Ike! Anpanman: Minna de Teasobi - Anpanman to Itazura Obake,18355
Sore Ike! Anpanman: Niji no Pyramid,9446
Sore Ike! Anpanman: Ningyohime no Namida,9451
Sore Ike! Anpanman: Omocha no Hoshi no Nanda to Runda,32676
Sore Ike! Anpanman: Omusubiman,19433
Sore Ike! Anpanman: Otanjoubi Series,27373
Sore Ike! Anpanman: Outa to Teasobi Tanoshii ne,21975
Sore Ike! Anpanman: Rhythm de Teasobi - Anpanman to Fushigi na Parasol,27683
Sore Ike! Anpanman: Ringo Boy to Minna no Negai,23617
Sore Ike! Anpanman: Roll to Laura Ukigumojou no Himitsu,17219
Sore Ike! Anpanman: Shabondama no Purun,21293
Sore Ike! Anpanman: Sing! Dance! Everybody&#039;s Christmas,17006
Sore Ike! Anpanman: Sora Tobu Ehon to Glass no Kutsu,10060
Sore Ike! Anpanman: Sukue! Kokorin to Kiseki no Hoshi,10684
Sore Ike! Anpanman: Tekka no Maki-chan to Kin no Kamameshidon,20113
Sore Ike! Anpanman: Tenohira wo Taiyou ni,21295
Sore Ike! Anpanman: Tobase! Kibou no Handkerchief,18357
Sore Ike! Anpanman: Tobe! Tobe! Chibigon,10057
Sore Ike! Anpanman: Tsukiko to Shiratama - Tokimeki Dancing,21963
Sore Ike! Anpanman: Tsumiki Shiro no Himitsu,10059
Sore Ike! Anpanman: Utatte Teasobi! Anpanman to Mori no Takara,10685
Sore Ike! Anpanman: Yakisobapanman to Black Sabotenman,21297
Sore Ike! Anpanman: Yomigaere Bananajima,14381
Sore Ike! Anpanman: Yousei Rinrin no Himitsu,21967
Sore Ike! Anpanman: Yumeneko no Kuni no Nyanii,21969
Sore Ike! Anpanman: Yuuki no Hana ga Hiraku Toki,21971
Sore Ike! Anpanman: Yuuki to Honoo to Christmas,27493
Sore Ike! Anpanman: Yuurei Sen wo Yattsukero!!,10058
Sore Ike! Sabuibo Mask,33188
Sore Ike! Zukkoke Sannin-gumi,11497
SOS Kochira Chikyuu,30024
Sougen no Shoujo Laura,3822
Souiu Megane,30210
Soukou Kyojin Z-Knight,9965
Soumubu Sououka Yamaguchi Roppeita: Saibanin Project Hajimemasu!,30762
Souta no Chikai: Sabetsu ni Makenai Chikara,31005
Souya Monogatari,17619
Sowa Sowa Calendar,32074
Space Oz no Bouken,3451
Spheres,18447
Spo-chan Taiketsu: Youkai Daikessen,24819
Spoon-hime no Swing Kitchen,30120
Spring Stranger,32868
Spy Gekimetsu,27575
Spy Penguin,15111
Star Dust,18703
Starlight Scramble Renai Kouhosei,9500
Steady x Study,3497
Stitch! Perfect Memory,31238
Stone,29657
Storywriter,32756
Straw Byururu,29429
Straw-saurus Neo,29475
Stray Sheep: Poe no Chicchana Daibouken,10989
Subarashii Sekai Ryokou: Alaska no Tabi &quot;Daigo Hyougaki&quot;,23911
Subarashii Sekai Ryokou: New York Tabi &quot;Computopia Seireki Nisennen no Monogatari&quot;,32629
Sue Cat,9906
Sugai-kun to Kazoku Ishi The Movie,3575
Sugar Bunnies,3885
Sugar Bunnies Chocolate!,6482
Sugar Bunnies Chocolate! Specials,33999
Sugar Bunnies Fleur,6481
Sugar Bunnies Fleur Specials,34000
Sugar Bunnies: Taisetsu na Tomodachi e...,33998
Sugata Sanshirou,4440
Suijun Genten,33320
Suiren no Hito,7683
Suisenzuki no Yokka,11713
Sukima no Kuni no Polta,4553
Sumiko,25101
Sumiko (TV),24969
Sumiko no Egao,25103
Suna Asobi,29505
Super Backkom,26011
Super Bikkuriman,6583
Super Majingga 3,14529
Super Real Mahjong: Kasumi Miki Shouko no Hajimemashite,17991
Super Real Mahjong: Mahjong Battle Scramble - Konran-teki Sento Mahjong,17989
Super Samchongsa,16790
Super Short Comics,30013
Super Taromu,30159
Super Titans 15,16806
Super Zugan,6981
Surf Side High-School,16454
Survivor,32852
Sushi Azarashi,34490
Susie-chan to Marvy,2701
Susume! Shinji-kun,32907
Suzu 3 Tarou,22845
Sweet Spot,26035
Sylvanian Families,8644
Sylvanian Families Mini Gekijou: Omoigakenai Okyakusama,30961
Syupeo Taegwon V,16568
Taabou no Ganbaru Sengen,30284
Taabou no Ryuuguusei Daitanken,19517
Tabi no Kisetsu,26261
Tabi wa Michizure Yo wa Nasake,29799
Tabidachi no Hi ni,26219
Tachumaru Gekijou,9562
Taegeugsonyeon Huin Dogsuli,16754
Taekwon Dongja Maruchi Arachi,14821
Taeng-gu &amp; Ulasyong,32590
Taiheiyou ni Kakeru Niji,18629
Taiman Blues: Ladies-hen - Mayumi,18567
Taiman Blues: Shimizu Naoto-hen,18569
Taka no Tsume 8: Yoshida-kun no X-Files,33662
Taka no Tsume NEO Announcement Movie,13435
Takanotsume GO: Utsukushiki Elleair Shoushuu Plus,19535
Takarajima (Movie),21255
Takarakuji x Rope,30153
Takemoto Denki x Peeping Life,32142
Tako ni Natta Okaasan,20235
Takoyaki Mant-Man,3937
Talpy,29485
Tam Mao Phieu Luu Ky Ta,31691
Tama &amp; Friends: Uchi no Tama Shirimasenka?,32663
Tamagotchi Honto no Hanashi,6519
Tamagotchi! Miracle Friends,19843
Tamagotchi! Tamatomo Daishuu GO,30232
Tamagotchi! x Himitsukessha Taka no Tsume,30754
Tamagotchi! Yume Kira Dream,15865
Tanahashi Hiroshi X Mameshiba Pro Wrestling,33543
"Tanbai Haru, Tookaraji",26093
Tanita Shokudou,30971
Tanoshii Bunmeishi: Tetsu Monogatari,23003
Tanoshii Sansuu,29103
Tanpen Animation Junpei Fujita,15129
Tantei Opera Milky Holmes Movie: Gyakushuu no Milky Holmes,31486
Tantei Shounen Kageman,17487
Tanuki-san Ooatari,27377
Tao Hua Yuan Ji,31299
Tarepanda,21869
Tasukeai no Rekishi: Inochi Hoken no Hajimari,26311
Tatakae! Osper,19989
Tatakae!! Ramenman (Movie),16728
Tatsunoko Pro x Peeping Life,32149
Teach,29425
Tegami,26269
Tekusuke Monogatari,30012
Telemonster,32585
Ten,29669
Ten ni Yaka Reru: E ni Yoru Shougen,33822
Tenchi Muyou! Ryououki 4th Season,31861
Tengai Makyou: Jiraiya Oboro-hen,5986
TeNiOE,32812
Tenjouhen: Utsunomiko,5922
Tenka wo Mezashita Sannin no Bushou,26273
Tenki ni Naare,26239
Tenkousei wa Uchuujin,32167
Tenkuu Senki Shurato Recaps,24619
Tenrankai de Atta Onnanoko,29457
Tensai Bakavon: Yomigaeru Flanders no Inu,25987
Tensai Eri-chan Kingyo wo Tabeta,18907
Tensai? Dr. Hamax,2930
Teo the Magic Planet Pilot,32732
Teppen,23723
Terajima-chou Kidan: Ginnagashi,33077
Tetopettenson,29856
Tetsu no Ko Kanahiru,11681
Tetsujin 28-gou Gao!,19445
Tetsujin 28-gou: Tanjou-hen,27993
Tetsuro no Kanata,7982
Tetsuwan Atom: Chikyuu Saigo no Hi,17961
Tezuka Osamu Monogatari,29151
"That&#039;s Hanakappa Musical: Pan to Gohan, Docchi nano!?",30582
The Adventures of Hello Kitty &amp; Friends,23915
The Adventures of T-Rex,22065
The Arari Show,7629
The Aurora: Umi no Aurora,5943
The Collected Animations of ICAF (2001-2006),7459
The Deer&#039;s Bell,25149
The Gakuen Choujo-tai,12401
The Kabocha Wine: Nita no Aijou Monogatari,8524
The Legend of Huainanzi,31892
The Legend of Huainanzi 2nd Season,31893
The Marshmallow Times,7955
The Midnight★Animal,18919
The Monkey King and the Fruit of Immortality,9416
The Monkey King Conquers the Demon,9417
The Night Game: Neko no Sakusen,29501
The Olympic Adventures of Fuwa,9949
The Olympic Challenge,4621
The Place Where We Were,7844
The Primitives: Bongo and Grunge,9956
The Siamese: First Mission,15399
The Snack World,32593
The Story of Mr. Sorry,8081
The War of Great Monsters,16746
The World of Golden Eggs,8189
Thunder,31259
Tick &amp; Tack,29369
Ticonderonga no Iru Umi,27839
Tiger &amp; Bunny: Too Many Cooks Spoil the Broth,30537
Timbre A to Z,28591
Time for Christmas,33887
Time Ranger Cesar Boy no Bouken: Roma Teikoku-hen,20111
Time-Patrol Bon: Fujiko F. Fujio Anime Special - SF Adventure,12529
Tobe! Pegasus Kokoro no Goal ni Shoot,19049
Tobidase! Bacchiri,19991
Tobidase! Machine Hiryuu,20125
Tobidashi wa Abunaizo! Mushi Mushi Mura no Koutsuu Anzen,30928
Tobidashicha dame!,26339
Tobidasu Ehon 3D,24803
Tobidasu PriPara: Mi~nna de Mezase! Idol☆Grand Prix,31055
Tobiuo no Boy wa Byouki Desu,26149
Toilet no Hanako-san,8539
Tokai no Butchy,30036
Toki no Daichi: Hana no Oukoku no Majo,17201
Toki-iro Kaima,19513
Toki: Kono Hoshi no Mirai wo Mitsumete,23407
Tokio Heidi: Mainichi no Kodomo Uta,32799
Toko-chan Chokkin,29473
Tokugawa Iemitsu to Edo Bakufu,26275
Tokyo 2164,33525
Tokyo Fantasia,29780
Tokyo Onlypic,33533
Tokyo SOS,30408
Tokyu Plaza Ginza Open,33884
Tom Sawyer no Bouken Specials,25069
Tomodachi 8-nin,13457
Tomodachi de Iyou ne,29209
Tomoko-chan to Watashi,26287
Ton-Ton Atta to Niigata no Mukashibanashi,10242
Tonari no Tamageta-kun,20233
Tonari no Tokoro,9825
Tonde Mon Pe,6730
Tong Zhi Zhe,33702
Tongari Boushi no Memole: Marielle no Housekibako,12657
Tonight,32855
Topo Gigio no Botan Sensou,30135
Toppuku Kyousou Kyoku,23769
Torero Kamomiro,21711
Toshi Souzou Gakubu Shoukai,32144
Toshishun,6124
Totsugeki! Pappara-tai,5278
Tottori U-turn,29073
Tough Guy!,28685
Touma Kishinden Oni,2366
Toumei Ningen,29667
Toumei Shounen Tantei Akira,10812
Toute wa Sono Kotae,32758
Train Heroes,18137
Train Heroes Movie,22131
Trapp Ikka Monogatari Specials,25079
Treasure Gaust,20087
Trip Trek,12341
Trip Trek (2010),21509
Tsuideni Tonchinkan,6917
Tsuiseki,29649
Tsuki ga Noboru made ni,12905
Tsuki no Miya no Oujo-sama,15139
Tsukiyo to Megane,33691
Tsukiyomi,32861
Tsukushi no Iwai,32598
Tsunagaru Animal,29479
Tsuri Baka Nisshi,5473
Tsuru no Ongaeshi,29929
Tsuru no Sugomori,28023
Tsuruhime Ja!,9175
Tsushima Maru: Sayounara Okinawa,12903
Tsuyoshi Shikkari Shinasai: Tsuyoshi no Time Machine de Shikkari Shinasai,10943
Tsuyu no Hito Shizuku,6273
Tsuzuki wo Kangaeru Monogatari,32646
Ttoli Janggun,19555
Tu Xia Chuanqi,32889
Tu Xia Zhi Qing Li Chuanshuo,32890
Turuturutu Narongi,19311
TWD Express Rolling Takeoff,12901
Twin Bee Paradise,4131
Two Down Full Base,23537
Ucchare Goshogawara,12899
Uchi no 3 Shimai,3975
Uchuu Ace,6989
Uchuu Icchokusen,21037
Uchuu Kaizoku Mito no Daibouken Pilot,29283
Uchuu Majin Daikengou,10224
Uchuu Neko: Mardock no Bouken,33086
Uchuu Patrol Hopper,12897
Uchuu Shounen Soran,12887
Uchuu Shounen Soran (Movie),12895
Uchuujin Pipi,19985
Uchuusen Sagittarius Pilot,26447
Udauda Yatteru Hima wa Nee!,17649
UFO Nitsukamatta Kodomo-tachi,19059
UFO Senshi Dai Apolon 2,10815
Uju Jeonsa Hong Gildong,16830
Ujusonyeon Kaesi,18269
Ukare Violin,23641
Ukkari Pénélope,8345
Ukkari Pénélope (2013),34078
Ukkari Pénélope OVA,8346
Uli Chingu Kkachi,30049
Uli Sai Jjang-Iya,30054
Ultra B,10250
Ultra B: Black Hole kara no Dokusaisha BB!!,10244
Ultra Dino Makera,25981
Ultra Nyan 2: The Great Happy Operation,4682
Ultra Nyan: Hoshizora kara Maiorita Fushigi Neko,4681
Ultraman Graffiti,11695
Ultraman Kids: Haha wo Tazunete 3000-man Kounen,8753
Ultraman Kids: M7.8 Sei no Yukai na Nakama,10909
Ultraman M78 Gekijou: Love and Peace,30122
Ultraman: Chou Toushi Gekiden - Suisei Senjin Tsuifon Toujou,17621
Uma Musume: Pretty Derby,34453
Umeboshi Denka,12835
Umeboshi Denka: Uchuu no Hate kara Panparopan!,12861
"Umi Da! Funade Da! Nikoniko, Pun",16253
Umi no Koumori,30977
Umigame to Shounen,20225
Umihiko Yamahiko,34038
Undouki Kenshin Manual Taiou Taisou,32388
Uniminipet,32580
Unko-san: Tsuiteru Hito ni Shika Mienai Yousei,6658
Unko-san: Tsuiteru Hito ni Shika Mienai Yousei Junjou Ha,33085
Urameshi Denwa,29800
Urashima Tarou (1952),30973
Uriko-hime to Amanojaku,29917
Urikupen Kyuujo-tai,4598
Usaband,32639
Usagi no Mofy,21713
Usagi to Kame (Music),29153
Usagi to Kame no Koutsuu Anzen,30931
Usahana: Yumemiru Ballerina,6522
Usalullaby,30863
Usamaru,33787
Usawaltz,32637
Ushiro no Hyakutarou,12833
Ushiro no Seki no Ochiai-kun,27851
Usogui,13303
Utsukushii Message,30941
Utsunomiko,5921
Utsurun Desu.,6528
Uwabaki Cook,30131
Uwabaki Cook no Tekitou Uranai!,30605
Vampiyan Kids Promotion,25599
Vampiyan Kids Specials,25597
Venus,31269
Video Ehonkan Sekai Meisaku Douwa,30029
Video Ranger 007,16832
Virtual Star 2000,22561
Visitor,18627
Wa Wa Wa Wappi-chan,33083
Wa Wa Wa Wappi-chan 2nd Season,33084
Wagahai wa Inu de Aru: Don Matsugorou no Seikatsu,24447
Wagahai wa Neko de Aru,20145
Wakakusa Monogatari: Nan to Jo-sensei Specials,23741
Wake up!! Tamala,31476
Wakuwaku♥Nukegake Daisakusen,33124
Wala! Pyeon-uijeom The Animation,17106
Wall,31266
Wan Wan Chuushingura,9228
Wanghu Sim Cheong,4544
Wankorobee,2708
Wanpaku Tanteidan,12139
Wansa-kun,6868
Wansa-kun OVA,21161
Wanwanwan Coin,33916
Warai no Show Gakkou,29747
Warenai Tamago,30083
Warera Salaryman Tou,22219
Wareware no Heya,33319
Warui no wo Taose!! Salaryman Man,33791
Washimo,22503
Washimo 2nd Season,29099
Washimo 3rd Season,30875
Washimo 4th Season,33099
Wasurerareta Ningyou,29867
Wasurerumonka!,30974
Watashi no Ashinaga Ojisan Specials,29363
Watashi no Kamifuusen,30085
Watashi wa Tofu Desu,30207
Watashitachi no Kurashi to Doboku,22279
"Watashitachi, Luck Logic-bu! 2",33776
Wazaguu! vs. Dangerous Jiisan Ja: Houfukuzettou! Anime Quiz,22711
Wei Qi Shao Nian,9952
Wei Qi Shao Nian 2,19839
What&#039;s Michael?,12005
What&#039;s Michael? (TV),12039
What&#039;s Michael? 2,12037
Where is Mama,25173
White Tree,31925
Wingcle Bear Hamkkehaneun Lomentig Hwaiteudei,33429
Winner,15977
Witch Village Story,31696
Witch Village Story Specials,31697
Wo Jiao Bai Xiaofei,33357
Women,29986
Wonder,33866
Wonder 3,4088
Wonder 3 Pilot,30767
Wonder Bebil-kun,12809
Wonder-kun no Hatsu Yume Uchuu Ryokou,12807
Wrestler Gundan Seisenshi Robin Jr.,7419
Wu Geng Ji,33758
Wu Lan Qi Qi Ge,31701
X Bomber,12091
X Bomber Pilot,29133
X Maiden,22757
X Maiden: Izakaya Tamaki,24839
Xabungle Graffiti,5303
Xevious,12799
Xi Yang Yang Yu Hui Tai Lang,31150
Xi Yang Yang Yu Hui Tai Lang: Zhi Hu Hu Sheng Wei,9973
Xi Yang Yang Yu Hui Tai Lang: Zhi Kaixin Chuang Long Nian,18491
Xi Yang Yang Yu Hui Tai Lang: Zhi Niu Qi Chong Tian,6156
Xi Yang Yang Yu Hui Tai Lang: Zhi Tu Nian Ding Gua Gua,18489
Xi You Ji,32230
Xiang Qi Master,9822
Xiao Men Shen,32751
Xiao Taiji,31700
Xiao Yeyou,32933
Xing Mao Lixian Ji Zhi Shu Fa Pian,30140
Xiong Chu Mo,32807
Xiong Chu Mo Zhi Chunri Dui Dui Peng,32820
Xiong Chu Mo Zhi Conglin Zhongdongyuan,32819
Xiong Chu Mo Zhi Dongri Le Fantian,32821
Xiong Chu Mo Zhi Duo Bao Qibing,32808
Xiong Chu Mo Zhi Huanqiu Da Maoxian,32818
Xiong Chumo Zhi Xueling Xiongfeng,32809
Xiongmao Monogatari TaoTao,24603
Xiyue Qi Tong,32269
Xiyue Qi Tong (2006),32270
Xue Haizi,31348
Yahabe,33744
Yajikita Gakuen Douchuuki,12795
"Yakeato no, Okashi no Ki",15815
"Yakushiji Ryouko no Kaiki Jikenbo: Hamachou, Voice &amp; Fiction",29837
Yakusoku: Africa Mizu to Midori,26313
Yakyuubu Aruaru,31177
Yakyuukyou no Uta,10554
Yakyuukyou no Uta: Kita no Ookami Minami no Tora,10563
Yama ni Kagayaku: Guide-ken Heiji Gou,20205
Yamaguchi Sanchi no Tsutomu-kun,30165
Yamakoshi Mura no Mari to Sanbiki no Koinu,30985
Yamete! Writer Asobi: Doubutsu Mura no Shoubou-tai Shutsu Dou,28557
Yamiyo no Jidaigeki,23765
Yamiyo no Jidaigeki (OVA),23767
Yanase Takashi Märchen Gekijou,17471
Yanbo Ninbo Tonbo,12793
Yancharu Moncha,30116
Yanesenondo,32642
Yankee Reppuu-tai,12791
YanYan Machiko Specials,32916
Yasai no Yousei: N.Y.Salad,10705
Yasai no Yousei: N.Y.Salad 2nd Series,10706
Yasai no Yousei: Quiz Gekijou,18817
Yasamura Yasashi no Yasashii Sekai,33933
Yasashii Ookami,30969
Yaseruyagi,32644
Yasoukyoku,33908
Yatterman Specials,25749
Yatterman x Toshiba,29739
Yattokame Tanteidan,5468
Yawaraka Atom,21277
Yawaraka Sensha,21275
Yawarakame♥,7646
Yell,29970
Yeonghongibyeong Lazenca,28201
Yeongsimi,25589
Ying Xiong Bie Nao,33764
Yocchan no Biidama,20227
Yodomi no Sakagi,33777
Yokohama Bakkure-tai,25815
Yokohama Meibutsu: Otoko Katayama-gumi!,10113
Yoligongju Loopy,27467
Yong Zhe Da Mao Xian,33762
Yong Zhe Da Mao Xian 2nd Season,33763
Yongshi,32920
Yonimo Kimyou na Man☆Gatarou,31317
Yooidon!,26113
Yoshimoto Muchikko Monogatari,12781
Youkai Ninpouchou Jiraiya! Special,31170
Youkaiden Nekome Kozou,23351
Yousei Dick,7625
Youtai Nuhai Zai Shanghai,21129
Youyou no Neko Tsumami,12771
Yowamushi Chinsengumi,24981
Yowamushi Monsters,30119
Yubikiri,30169
Yuke! Shouei-kun,15657
Yuki no Yo no Yume,28055
Yukidaruma,30957
Yukidaruma Kazoku,31872
Yukiguni no Oujisama,23345
Yukiwatari,15141
Yume Kakeru Kougen: Kiyosato no Chichi Paul Rusch,33828
"Yume Miru, Anime: on-chan",3500
Yume no Jidousha,24575
Yume no Tsuzuki,26097
Yume Utsutsu,30213
Yume wo Kanaeru Zou,5841
"Yume, Sora Takaku",26307
Yumemakura Baku Twilight Gekijou,12769
Yumemi Douji,29812
Yurugaro,33846
Yurumi to Shimeru,29751
Yuu no Mahou,32850
Yuujou no Kickoff,30998
Yuuki no Omamori,30763
Yuusei Kamen,12767
Yuusei Shounen Papii,6448
Yuuto-kun ga Iku,18983
Yuuto-kun ga Iku Movie,22197
Yuuyake Banchou,12765
Yuuyake Dandan,30309
Zakuro Yashiki,6272
Ze Tian Ji,31838
Zegapain ADP,33048
Zenchuu Maite,30211
Zenmai Zamurai,5821
Zeno: Kagirinaki Ai ni,4790
Zenryoku Yobikou 5.5 Seminar,33571
Zenryoku Yobikou 5.5 Seminar Prologue,33570
Zero Tester,9520
Zero Tester: Chikyuu wo Mamore!,9522
Zettai Yareru Greece Shinwa,5234
Zettai Zetsumei Dangerous Jiisan,23313
Zettai Zetsumei Dangerous Jiisan (2004),10987
Zettai Zetsumei Dangerous Jiisan (2005),22709
Zettai Zetsumei Dangerous Jiisan Special-ban,23315
Zhan Long Si Qu,31698
Zhongguo Jingqi Xiansheng,33339
Ziggy: Soreyuke! R&amp;R Band,11093
Zinba,31427
ZIP! x Peeping Life TV: Cool Japan Saizensen,32733
Zoku Naniwa Yuukyouden,19717
Zoku Zoku Mura no Obaketachi,12759
Zombie Clay Animation: I&#039;m Stuck!!,32557
Zombie Clay Animation: Life of the Dead,30089
Zombie Ehon,30090
Zoobles!,13167
Zou no Inai Doubutsuen,11097
Zouressha ga Yatte Kita,11095
Zukkoke Knight: Don De La Mancha,7808
Zukkoke Sannin-gumi no Hi Asobi Boushi Daisakusen,28543
Zukkoke Sannin-gumi: Zukkoke Jikuu Bouken,18967
Zumomo to Nupepe,13455
Gintama (2017),34096
One Punch Man 2,34134
Steins;Gate 0,30484
Shingeki no Kyojin Season 2,25777
Code Geass: Fukkatsu no Lelouch,34437
Boku no Hero Academia 2nd Season,33486
Kono Subarashii Sekai ni Shukufuku wo! 2,32937
Ao no Exorcist: Kyoto Fujouou-hen,33506
Super Lovers 2,33417
Saenai Heroine no Sodatekata ♭,30727
Violet Evergarden,33352
K: Seven Stories,33248
Sword Art Online Movie: Ordinal Scale,31765
Dungeon ni Deai wo Motomeru no wa Machigatteiru Darou ka Gaiden: Sword Oratoria,32887
Masamune-kun no Revenge,33487
Kantai Collection: KanColle Zoku-hen,30455
Fate/Extra Last Encore,33047
Yowamushi Pedal: New Generation,31783
Kekkai Sensen &amp; Beyond,34451
Mekakucity Reload,33852
Fate/stay night Movie: Heaven&#039;s Feel,25537
Fuuka,33743
Free! (Shinsaku),33845
No Game No Life Movie,33674
Little Witch Academia (TV),33489
Kuzu no Honkai,32949
ChäoS;Child,30485
Eromanga-sensei,32901
Berserk (2017),34055
Hand Shakers,32981
Zero kara Hajimeru Mahou no Sho,34176
FLCL (TV),33010
Shingeki no Bahamut: Manaria Friends,31537
Full Metal Panic! IV,31931
Granblue Fantasy The Animation,31629
Touken Ranbu,33018
6HP (Six Hearts Princess),29643
ACCA: 13-ku Kansatsu-ka,33337
After School,33736
Akiba&#039;s Trip The Animation,34051
Alice in Deadly School,33839
Alice to Zouroku,34350
Amanchu! Special,33818
Ao no Exorcist OVA,34465
Ao Oni The Animation (Movie),33820
Aoki Uru,20471
Armed Blue: Gunvolt,33564
Atom: The Beginning,33371
ēlDLIVE,32878
BanG Dream!,33573
Biohazard: Vendetta,31853
Blame! Movie,32086
Bungou Stray Dogs OVA,33071
Busou Shoujo Machiavellianism,33475
Cardcaptor Sakura: Clear Card-hen,33354
Cencoroll 2,9488
Centaur no Nayami,34525
Chain Chronicle: Haecceitas no Hikari,28833
Chain Chronicle: Haecceitas no Hikari Part 2,33729
Chain Chronicle: Haecceitas no Hikari Part 3,33730
Charanpo Shima no Monogatari,33388
Chiruran: Nibun no Ichi,34088
Chou Shounen Tanteidan Neo,32830
Choujikuu Robo Meguru,28377
Cinderella Girls Gekijou,34257
Clockwork Planet,32407
Closers: Side Blacklambs,32152
Code:Realize: Sousei no Himegimi,31456
Crayon Shin-chan Movie 25: Shin-chan Shuurai! Uchuujin Shiriri,34244
Dam Keeper no Nakama-tachi,34346
Days OVA,34008
Death March kara Hajimaru Isekai Kyousoukyoku,34497
Demi-chan wa Kataritai,33988
Detective Conan Movie 21: Deep Red Love Letter,34430
Dies Irae,32271
Digimon Adventure tri. 4: Soushitsu,34299
Doraemon Movie 37: Nobita no Nankyoku Kachikochi Daibouken,33672
Dragon Nest: Throne of Elves,31678
Ensemble Stars!,32212
Escha Chron,34208
Evangelion: 3.0+1.0,3786
Fairy Tail Movie 2,30778
Fate/Grand Order: First Order,34321
Fate/kaleid liner Prisma☆Illya Movie,34100
Fate/stay night Movie: Heaven&#039;s Feel 2,33049
Fate/stay night Movie: Heaven&#039;s Feel 3,33050
Finis,34338
Flying Babies,34332
Frame Arms Girl,34427
Fukumenkei Noise,33203
Gabriel DropOut,33731
Gakuen Handsome Special,33457
Gamers!,34280
Gan Gan Ganko-chan,34488
Ganko-chan,34485
Gekidol,32455
Genba no Joukitsune,33389
Gin no Guardian,32936
Ginga Eiyuu Densetsu (2017),31433
Ginga Jinpuu Jinraiger,28613
Godzilla,33783
Gou-chan. Moko to Chinjuu no Mori no Nakama-tachi,34527
Grancrest Senki,34279
Gundam Build Fighters OVA,30532
Gyakusatsu Kikan,23279
Haikara-san ga Tooru Movie,33378
Hajimete no Gal,34403
Hatsukoi Monster OVA,34016
High School Fleet OVA,34125
High Score Girl,21877
Hinako Note,33948
Hirune Hime: Shiranai Watashi no Monogatari,33204
ID-0,33797
Idol Jihen,34028
IDOLiSH7,33899
Inazuma Eleven: Ares no Tenbin,33733
Infini-T Force,33027
Isekai Shokudou,34012
Island,33012
Kabukibu!,33840
Kaitou Tenshi Twin Angel (TV),33532
Kamisama Minarai: Himitsu no Cocotama Movie,34198
Kemono Friends,33089
Kemushi no Boro,32133
Kenka Banchou Otome: Girl Beats Boys,34501
King of Prism: Pride the Hero,34032
Kishibe Rohan wa Ugokanai,33191
Kizumonogatari III: Reiketsu-hen,31758
Knight&#039;s &amp; Magic,34104
Kobayashi-san Chi no Maid Dragon,33206
Koutetsujou no Kabaneri Soushuuhen 1: Tsudou Hikari,33519
Koutetsujou no Kabaneri Soushuuhen 2: Moeru Inochi,33520
Kuroko no Basket: Last Game,31658
Kuroshitsuji Movie: Book of the Atlantic,31812
Kyoukai no Rinne (TV) 3rd Season,34106
Landreaall,34151
Locker Room,33735
Lupin the IIIrd: Chikemuri no Ishikawa Goemon,34021
Mahou Shoujo Lyrical Nanoha Reflection,17947
Mahouka Koukou no Rettousei Movie: Hoshi wo Yobu Shoujo,32900
Marginal#4: Kiss kara Tsukuru Big Bang,33788
Megaton-kyuu Musashi,33737
Minami Kamakura Koukou Joshi Jitensha-bu,31422
Minna Atsumare! Falcom Gakuen 3rd Season,31445
Mint,20715
Mirai Arise,30448
Mobile Suit Gundam Thunderbolt 2nd Season,34391
Mori no Yousei: Kinoko no Musume,34223
Netsuzou TRap,34383
"New Game!: Watashi, Shain Ryokou tte Hajimete nano de...",34277
Nil Admirari no Tenbin: Teito Genwaku Kitan,33850
Ninja Bear,34264
Nora to Oujo to Noraneko Heart,32447
Nyanko Days,34148
One Room,34392
Onihei,33983
Oshiete! Galko-chan (OVA),33949
Oushitsu Kyoushi Haine,34262
Overlord Movie,34161
Peace Maker Kurogane (Shinsaku),33185
Piace: Watashi no Italian,33447
Pop in Q,30695
Project758,24023
Red Ash The Animation: Magicicada,33391
Reikenzan: Hoshikuzu-tachi no Utage 2nd Season,33019
Renai Boukun,32262
Rescue Academia,34348
Rokudenashi Majutsu Koushi to Akashic Records,32951
Room Mate: One Room Side M,34393
Saiyuuki Reload Blast,33726
Sakura Quest,34494
Sakurada Reset,34102
Saredo Tsumibito wa Ryuu to Odoru,33889
Schoolgirl Strikers: Animation Channel,34289
Seikaisuru Kado,32032
Seiren,33836
Senki Zesshou Symphogear 4th Season,32836
Senki Zesshou Symphogear 5th Season,32843
Sentai Hero Sukiyaki Force,34456
Shimajirou to Niji no Oasis,34315
Shingeki no Bahamut: Virgin Soul,30736
Shishou Series,30223
Shouwa Genroku Rakugo Shinjuu: Sukeroku Futatabi-hen,33095
Shuumatsu Nani Shitemasu ka? Isogashii desu ka? Sukutte Moratte Ii desu ka?,33502
Sin: Nanatsu no Taizai,33834
Starmyu 2nd Season,33362
Suki ni Naru Sono Shunkan wo.: Kokuhaku Jikkou Iinkai,33036
Super Lovers OVA,33013
Sword Gai (TV),27783
Tales of Zestiria the X (2017),34086
Tamagotchi Movie: Tanpen Himitsu no Otodoke Daisakusen!,34310
Tantei Opera Milky Holmes: Fun Fun Party Night♪ - Ken to Janet no Okurimono,33308
Tenshi no 3P!,34177
THE REFLECTION,34449
The Snack World (TV),32596
The Snack World: Hitogirai no Renny,34416
Tokyo Futago Athletic,33473
Trick or Alice,21305
Trinity Seven Movie: Eternity Library to Alchemic Girl,33581
Tsubu★Doll,23275
Tsugumomo,34019
Tsukipro The Animation,34474
"Uchiage Hanabi, Shita kara Miru ka? Yoko kara Miru ka?",34498
Uchouten Kazoku 2,34076
Uchuu Senkan Yamato 2202: Ai no Senshi-tachi,33064
UQ Holder!,33478
Urara Meirochou,32924
Utakata Overdrive,32012
"Wake Up, Girls! Shin Shou",34522
Whistle! (ONA),34022
Yami Shibai 4th Season,34467
Youjo Senki,32615
Youkai Watch Movie 3: Soratobu Kujira to Double Sekai no Daibouken da Nyan!,32222
Youkai Watch Movie 4,34471
Yuuki Yuuna wa Yuusha de Aru: Washio Sumi no Shou,34284
Yuuki Yuuna wa Yuusha de Aru: Yuusha no Shou,34445
Yuyushiki Special,33035
Zunda Horizon,33390
Oni Chichi: Re-born,11879
Mankitsu Happening,29575
Koiito Kinenbi The Animation,15843
Oni Chichi: Rebuild,21097
Fuyu no Semi,2238
Eroge! H mo Game mo Kaihatsu Zanmai,10779
Oni Chichi: Re-birth,10380
Rance 01: Hikari wo Motomete The Animation,25345
Swing Out Sisters (2014),22069
Koisuru Boukun,8634
Maki-chan to Nau.,12375
Stringendo: Angel-tachi no Private Lesson,3559
Shoujo Ramune,32587
Fella Pure: Mitarashi-san Chi no Jijou The Animation,21829
Tsugou no Yoi Sexfriend?,15537
Kuroinu: Kedakaki Seijo wa Hakudaku ni Somaru,11827
Baku Ane: Otouto Shibocchau zo! The Animation,24641
Oni Chichi,6893
Hatsu Inu The Animation,2798
Fuyu no Semi: Tokubetsu Henshuuhan,10048
Kanojo x Kanojo x Kanojo: Sanshimai to no DokiDoki Kyoudou Seikatsu,7411
Toshi Densetsu Series,32355
Mizugi Kanojo: The Animation,5959
Itadaki! Seieki♥,22429
Sono Hanabira ni Kuchizuke wo: Anata to Koibito Tsunagi,7748
Ai no Kusabi,719
HHH Triple Ecchi,9322
Seitokaichou ni Chuukoku,5774
Stringendo+Accelerando Ultimatum Sera,4502
Dorei Usagi to Anthony The Animation,20377
Koakuma Kanojo The Animation,20801
JK Bitch ni Shiboraretai,33322
Dropout,31886
Koikishi Purely☆Kiss The Animation,18655
Fukubiki! Triangle: Miharu After,8110
Harem Time The Animation,14991
Kyonyuu Fantasy,13221
Resort Boin,3918
Hatsu Inu 2 The Animation: Strange Kind of Woman - Again,5097
Kateikyoushi no Oneesan The Animation: H no Hensachi Agechaimasu,3102
Kanashimi no Belladonna,3220
Oni Chichi: Vacation,31789
Soushisouai Note The Animation,16474
Tropical Kiss,15097
Futabu!!,28779
Lovely x Cation The Animation,29083
Swing Out Sisters,12143
Ane Yome Quartet,30614
Gakuen de Jikan yo Tomare,30243
Ikoku Irokoi Romantan,3210
Joshikousei no Koshitsuki,18691
Ojousama wa H ga Osuki: The Animation,8291
Oni Chichi: Refresh♥,30891
Victorian Maid Maria no Houshi,30702
Baka na Imouto wo Rikou ni Suru no wa Ore no xx dake na Ken ni Tsuite,32667
Menkui!,10419
Tentacle and Witches,10683
Kafun Shoujo Chuuihou! The Animation,3939
Enbo,2372
Genkaku Cool na Sensei ga Aheboteochi!,29261
Sei Brunehilde Gakuen Shoujo Kishidan to Junpaku no Panty The Animation,28157
"Sora no Iro, Mizu no Iro",2135
Fault!!,7053
Imouto Paradise! 2,19051
Boy Meets Harem The Animation,25667
Futabu!,21521
Pretty x Cation The Animation,32423
Peace Hame!,13057
Ane Jiru The Animation: Shirakawa Sanshimai ni Omakase,2867
Papa Love: Papa to Icha Ero Shitai Musume-tachi to Hitotsu Yane no Shita de,14127
Sei Yariman Gakuen Enkou Nikki The Animation,16472
Kateikyoushi no Oneesan 2 The Animation: H no Hensachi Agechaimasu,9311
Namaiki: Kissuisou e Youkoso! The Animation,29808
Hyakujitsu no Bara: Jinginaki Nikukyuu-hen,15291
Energy Kyouka!!,32872
Rin x Sen + Ran -&gt; Sem: Cross Mix,18525
Tsun Tsun Maid wa Ero Ero Desu,15841
Viper GTS,1787
Fault!! Service: Aratanaru Rival,16638
Fella Hame Lips,33231
Idol☆Sister,28961
Kangoku Senkan,6465
Koinaka: Koinaka de Hatsukoi x Nakadashi Sexual Life The Animation,32620
Nuki Doki! Tenshi to Akuma no Sakusei Battle,17867
Ane Jiru 2 The Animation: Shirakawa Sanshimai ni Omakase,9435
Ero Manga Mitai na Koi Shiyo: Let&#039;s Fall in Love The Ero-manga,5315
Ero Manga! H mo Manga mo Step-up♪,31788
Makai Kishi Ingrid,6590
Tenioha!: Onnanoko datte Honto wa Ecchi da yo?,18693
Tsuma Shibori,4763
Chichiiro Toiki,21925
Itadaki! Seieki♥ Special,23479
Sweet Home: H na Oneesan wa Suki Desu ka?,10106
Aneimo,5194
Bloods: Inraku no Ketsuzoku 2,10694
"Nee, Chanto Shiyou Yo!",3771
Nikuyome: Takayanagi Ke no Hitobito,2446
Aniyome wa Ijippari,4358
Chu Shite Agechau: Oshikake Oneesan no Seikou Chiryou,16914
Honoo no Haramase Paidol My★Star Gakuen Z The Animation,29807
Nee Summer!,11321
Oni Chichi 2: Revenge,20849
Shoujo kara Shoujo e...,32518
Stretta The Animation,6194
Oppai no Ouja 48,8039
Uchuu Kaizoku Sara Special,10280
Hyakujitsu no Bara,5902
Kyonyuu Hitozuma Onna Kyoushi Saimin,32063
Sensitive Pornograph,741
"Suki de Suki de, Suki de The Animation",13595
Yokujou Bazooka The Animation,19859
3Ping Lovers!☆Ippu Nisai no Sekai e Youkoso♪ The Animation,29809
Himesama Gentei!,13219
Ojousama Yomeiri Kousou!,12959
Amakano,31810
Dekakute Ecchi na Ore no Ane,21001
Discipline,2432
Kakushi Dere,17745
Himekishi Lilia,3992
Kirepapa.,3375
Lingeries,2433
Sentakuya Shin-chan,3970
Taimanin Asagi,3479
Tsunpri,30898
Accelerando: Datenshi-tachi no Sasayaki,2852
Sex Pistols,5719
Shocking Pink!,10488
Tokubetsu Jugyou 3 SLG The Animation,21363
Cafe Junkie,5464
Front Innocent: Mou Hitotsu no Lady Innocent,2136
Haru wo Daite Ita,747
Tayu Tayu,19631
15 Bishoujo Hyouryuuki,5762
Ane Koi: Suki Kirai Daisuki.,16642
Aneki... My Sweet Elder Sister The Animation,4600
Demon Busters: Ecchi na Ecchi na Demon Taiji The Animation,31118
Please ♥♥♥♥ Me!,12997
Ai no Kusabi (2012),5784
Bible Black Only Version,2873
Tony&#039;s Heroine Series: Kanojo wa Hanayome Kouhosei? Cinderella Collection,7178
Ane☆Haramix,2866
Pandra The Animation: Shiroki Yokubou Kuro no Kibou,22347
Bible Black: New Testament,1401
Milk Junkie: Shimai-hen,2396
Rensa Byoutou,3941
Uchuu Kaizoku Sara,4360
Amanee!: Tomodachinchi de Konna Koto ni Naru Nante!,21069
Kizuna: Koi no kara Sawagi,734
Miboujin Nikki: Akogare no Ano Hito to Hitotsu Yane no Shita,16189
Oni Chichi 2,9308
Oni Chichi 2: Harvest,28309
Ryou Seibai!: Gakuen Bishoujo Seisai Hiroku,17537
Shoujo x Shoujo x Shoujo The Animation,14379
Shoujo-tachi no Sadism The Animation,33962
Spocon!,24377
Love Selection The Animation,5172
Oppai Gakuen Marching Band-bu!,25923
Oppai Heart: Kanojo wa Kedamono Hatsujouki!?,11067
Pretty x Cation 2 The Animation,33981
Ran-&gt;Sem: Hakudaku Delmo Tsuma no Miira Tori,10458
Uhou Renka,13785
Shoukoujo The Animation,11065
Words Worth,203
Yokorenbo: Immoral Mother,6892
Alignment You! You! The Animation,4010
Ano Ko to Ii Koto,31117
Bible Black Gaiden,972
Brandish,12055
Chijoku no Seifuku,32895
Kyonyuu Try!: Tanki Shuuchuu Chichi Momi Lesson,24911
Love 2 Quad,14539
Shoujo Sect,4473
Wizard Girl Ambitious,10827
Anata dake Konbanwa,6690
Bible Black,368
Honoo no Haramase Tenkousei,4399
Iizuka-senpai x Blazer: Ane Kyun! yori The Animation,34107
Gakuen Saimin Reido,8293
Koutetsu no Majo Annerose,14543
Marshmallow★Imouto★Succubus★,32405
Tsumamigui 3 The Animation,33505
Watashi ga Toriko ni Natte Yaru,31189
Yume Kui: Tsurumiku Shiki Game Seisaku,10695
Kao no nai Tsuki,1408
Namanaka Hyaku Percent!: Katamusubi no Shinpa,15541
Shimaizuma: Shimaizuma 3 The Animation,3919
"Sora no Iro, Mizu no Iro Ero Specials",5644
Warau Kangofu The Animation,3636
Aku no Onna Kanbu: Full Moon Night,16059
Mrs. Junkie,3478
Renai Fuyou Gakuha The Animation,23665
Hitozuma♪Kasumi-san,2438
Koi Maguwai,28311
Kuro Ai: Hitoyozumakan Inkou Rannyuuroku,2841
Mama Puri!?,6692
Oshaburi Announcer,23247
Princess Lover! OVA,8918
Renketsu Houshiki,3679
Shinsei Futanari Idol: Dekatamakei!,32239
Tennen Koi-iro Alcohol,23047
Akiba Kei Kanojo,1896
Honoo no Haramase Doukyuusei,6041
Imouto Paradise!,10668
Kimi no Mana wa Rina Witch,34246
Nudist Beach ni Shuugakuryokou de!! The Animation,32833
Okusama wa Moto Yariman,21751
Shinkyoku no Grimoire The Animation,27413
Yabai! Fukushuu Yami Site,21597
Yakata: Kannou Kitan,27363
First Love,12957
Furueru Kuchibiru,23033
Imouto to Sono Yuujin ga Ero Sugite Ore no Kokan ga Yabai,33769
JK to Inkou Kyoushi 4,10457
Kiriya Hakushaku Ke no Roku Shimai,11747
Sei Shoujo The Animation,24021
Daiakuji: The Xena Buster,2352
Junk Land The Animation,20379
Kichiku: Haha Shimai Choukyou Nikki,21349
School,11807
Shabura Rental: Ecchi na Oneesan to no Eroero Rental Obenkyou The Animation,28859
Wanna. SpartanSex Spermax!!!,17251
Ane to Boin,2411
Issho ni H Shiyo,7730
Sei Yariman Sisters Pakopako Nikki The Animation,29085
Soukan Yuugi,4590
Zettai Junshu☆Kyousei Kozukuri Kyokashou!!,15867
Gibo no Toiki: Haitoku Kokoro ni Tadayou Haha no Iroka,3286
Helter Skelter: Hakudaku no Mura,5651
Oide yo! Shiritsu Yarimakuri Gakuen,33768
Reunion,10590
Ringetsu The Animation,2505
Sexfriend,830
Aku no Onna Kanbu,11745
Daiakuji: The Xena Buster Specials,2353
Koihime,2441
Floating Material,9970
JK to Ero Giin Sensei,14995
Kimihagu,6531
Kuro no Kyoushitsu,30242
Kyonyuu Kazoku Saimin,22543
Mou Hasamazu ni wa Irarenai♥: Hoshi ni Onegai shitara Konnani Okkiku Nacchatta!,22039
Spaceship Agga Ruter,2681
Jinkou Shoujo: Henshin Sex Android,6122
Saigo no Door wo Shimero!,2417
Shoujo Senki Soul Eater,9328
TSF Monogatari,11467
Junjou Shoujo Et Cetera,19569
Kowaremono: Risa Plus The Animation,33979
Mezzo Forte,221
Saimin Ryoujoku Gakuen,5743
Star☆Jewel,12373
Cleavage,3537
Fukubiki! Triangle: Futaba wa Atafuta ♥,29573
Furueru Kuchibiru Episode 0,24987
Gakuen Shimai,5214
Garden,17491
Hyoudou Ibuki: Kanpeki Ibuki Kaichou ga Kousoku Do M!? na Wake,30741
My Imouto: Koakuma na A-Cup,12057
Oyakodon: Oppai Tokumori Bonyuu Tsuyudaku de,15409
Soreyuke Marin-chan,2410
Soukou Kijo Iris,3707
Chinetsu Karte: The Devilish Cherry,6686
Gibomai,2531
Harukoi Otome,4342
Itazura The Animation,2539
Oshiete Re: Maid,3940
A Kite,320
Boin,2413
Bust to Bust: Chichi wa Chichi ni,9442
Choukou Tenshi Escalayer,1780
Futabu! Mix: Futanari World,30583
Kanojo wa Dare to demo Sex Suru.,28313
Natsumushi The Animation,7276
Paizuri Cheerleader vs. Sakunyuu Ouendan!,24271
Zoku Koihime,2442
Discipline Zero,7456
Jutaijima,27603
Kojin Jugyou The Animation: Schoolgirl Ready for a Private Lesson,5054
Makai Tenshi Djibril: Episode 2,4027
Bible Black: Imari Ryoujoku Genba,5347
Finder Series,9761
Ikusa Otome Valkyrie G,14047
Mahou Shoujo Ai,2988
Oppai Life,5424
Darling,3058
Dokidoki Oyako Lesson: Oshiete H na Obenkyou,3944
Saishuu Chikan Densha Next,13937
Shion,4127
Tsuma to Mama to Boin,4607
Zetsuai 1989,1041
Ikusa Otome Valkyrie 2,5427
Mesu Kyoushi 4: Kegasareta Kyoudan,31397
Soushi Souai: Junai Mellow yori,16644
Bronze: Zetsuai Since 1989,1042
Jokei Kazoku: Inbou,4698
Mesu Saga: Persona,19103
Toumei Ningen (OVA),3888
Gogo no Kouchou: Junai Mellow yori,14993
Kininaru Roommate,2960
Kisaku,2377
Yuuwaku,2982
Dorei Maid Princess,3999
Ai Shimai 2: Futari no Kajitsu,1635
Ane Kyun!: Joshi ga Ie ni Kita!,24967
Imouto Jiru,1783
Machi Gurumi no Wana: Hakudaku ni Mamireta Shitai,7708
Newmanoid Cam: Cam Castin,8651
Shoujo Kyouiku,29705
Suika,1263
Yobai Suru Shichinin no Harame,24745
Bikyaku Seido Kaichou Ai,20589
Gakuen 3,10420
Pinkerton,33291
Princess Knight☆Catue,8987
Rinkan Club,10546
Ryoujoku Hitozuma Onsen,3171
Unsweet: Netorare Ochita Onna-tachi,15539
Ai Shimai: Futari no Kajitsu,1634
Himekishi Olivia,20995
Kindan no Byoutou The Animation,14661
Rennyuu Tales The Animation,23719
Rin x Sen: Hakudaku Onna Kyoushi to Yaroudomo,7969
Shin Sei Yariman Gakuen Enkou Nikki The Animation,23305
Shishunki Shoujo,4278
Tsundere Inran Shoujo Sukumi,11997
Wana: Hakudaku Mamire no Houkago,9968
Gyakuten Majo Saiban: Chijo na Majo ni Sabakarechau The Animation,30812
Kotowari: Kimi no Kokoro no Koboreta Kakera,17541
Makai Tenshi Djibril,1360
Megachu!,3302
Nama Lo Re: Furachimono The Animation,33514
Shiiba-san no Ura no Kao. with Imouto Lip,21393
Bible Black: New Testament Recap,13223
Haramasete Seiryuu-kun!,10792
Ikusa Otome Suvia,3622
Ryoujoku Famiresu Choukyou Menu,9310
Saishuu Chikan Densha,2275
Shin Saishuu Chikan Densha,2276
Starless: 21st Century Nymphomaniacs,14129
Famiresu Senshi Purin,2134
Hachishaku Hachiwa Keraku Meguri: Igyou Kaikitan The Animation,33865
Ma ga Ochiru Yoru,2394
Shin Ringetsu,5603
Shinshou Genmukan,8294
Aniyome,2140
Kansen 3: Shuto Houkai,9309
Kansen 5: The Daybreak,12961
Okane ga Nai,2148
JK to Ero Konbini Tenchou,32864
Kansen: Inyoku no Rensa,6986
Kimi no Na wo Yobeba,5643
Madonna: Kanjuku Body Collection,24851
Shion Special,10256
Yagami Yuu,2870
Angel Blade Punish!,2325
Demonion: Gaiden,25877
Hitoriga The Animation,6337
Hitozuma Cosplay Kissa 2: Hitozuma LoveLove - Cosplay OVA,3917
Houkago: Nureta Seifuku,2896
Otome Chibaku Yuugi,7581
Vampire,11031
Aisai Nikki,9721
Enkou Shoujo: Rikujoubu Yukki no Baai The Animation,33393
Honoo no Haramase Motto! Hatsuiku! Karada Sokutei 2,31518
Kansen 2: Inzai Toshi,7712
Little Monica Monogatari,1785
Mahou Shoujo Elena,10770
Soredemo Tsuma wo Aishiteru,11349
Tsumamigui,1403
Valkyrie Choukyou Semen Tank no Ikusa Otome 10-nin Shimai,7583
Virgin Night,823
Yakin Byoutou,1387
Cream Lemon,3239
Creamy Pie,31401
Panchira Teacher,3050
Tokubetsu Byoutou,3995
Allargando The Animation,30128
Elf Hime Nina,9545
Fetikano!,24453
Gakuen 2,4816
Maid in Heaven SuperS,2188
Shinkyoku no Grimoire The Animation: Unico no Natsuyasumi,33588
300 En no Otsukiai,33993
Hana no Joshi Announcer: Newscaster Etsuko,2955
Houkago Initiation,33153
Inyutsu no Yakata The Animation,24849
Oppai Infinity∞! The Animation,21059
Saimin Jutsu The Animation 2nd,5455
Bi-chiku Beach: Nangoku Nyuujoku Satsueikai,10421
Inyouchuu Shoku,4057
Love Colon,24317
Euphoria,10851
Genmukan,2590
Inyouchuu The Animation,3747
Kyouiku Shidou The Animation,9588
The Rapeman,4714
Crimson Girls: Chikan Shihai,13325
D+vine Luv,2533
Iyashite Agerun Saiyuuki,2883
Junai Maniac,29915
Kowaremono: Risa The Animation,32267
Maple Colors,2445
Ore wa Kanojo wo Shinjiteru!,9638
Shin Angel,217
Tsuma no Haha Sayuri,11465
Yakin Byoutou San,1389
Kanojo ga Nekomimi ni Kigaetara,30460
Lo Re: Pako Sukusuku Mizuki-chan The Animation,32997
Mesu Kyoushi: Injoku no Kyoushitsu,6685
Musuko no Tomodachi ni Okasarete,6220
Rinkan Biyaku Chuudoku: Nigeba Nashi! 1428-nin no Seito Zenin ni Sex Sareru Reijou Sayaka,31400
Samayou Midara na Lunatics,5993
Taimanin Yukikaze,20757
Bijukubo,8655
Kage (OVA),2138
Nikutai Ten&#039;i,1359
Papa to Kiss in the Dark,746
Seijun Kango Gakuin,2917
Soukan Yuugi 2,6891
Akina to Onsen de H Shiyo!,9849
Binkan Athlete,7266
Hump Bang,14659
Inda no Himekishi Janne,4004
JK to Orc Heidan: Aku Buta Oni ni Ryougyaku Sareta Seijo Gakuen,18653
Kizuna,733
M Ogui: Last Order,18455
Okane ga Nai Specials,30262
Seifuku Shojo The Animation,2861
Angel Blade,2324
Majuu Jouka Shoujo Utea,31885
Secret Journey,32016
Toumei Ningen R,8289
Hitozuma Ryoujoku Sankanbi,2945
Makai Tenshi Djibril 3,7179
Mashou no Nie 3,33165
Oni-Tensei,3427
Waisetsu Missile The Animation,18959
D-Spray,17543
Futari no Aniyome,5321
Hishoka Drop The Animation,13217
Kachou no Koi,8339
Mahou Shoujo Ai San: The Anime,5653
Manin Densha,5209
Mejoku,2194
Nama Lo Re: Namakemono The Animation,33138
Pet Life,10392
Inbaku Gakuen,2943
Magical Witch Academy: Boku to Sensei no Magical Lesson The Animation,3916
Nikuyoku Gangu Takuhainin,2431
Shintaisou: Kari,1633
Shiofuki Mermaid,11523
Taimanin Asagi Special,8837
Aki-Sora: Yume no Naka,8577
Bakunyuu Maid Kari,6402
Cool Devices,1339
Iinari! Saimin Kanojo,24273
Immoral,6235
Kanojo ga Mimai ni Konai Wake,9467
Last Waltz: Hakudaku Mamire no Natsu Gasshuku,8111
Mahou Shoujo Isuka,8653
Bakunyuu Shimai,1779
Chikan Monogatari,2875
Eromame,27879
Love es M The Animation,22901
Nageki no Kenkou Yuuryouji,316
Otome Juurin Yuugi: Maiden Infringement Play,9009
Youkou no Ken,2021
Angel Blade: Cut Scene,4946
Bokura no Sex,34030
Can Can Bunny Extra,1275
Ecchi na Shintai Sokutei Anime Edition,34311
Futago no Haha Seihonnou,3062
Himekishi Angelica,5686
Kodomo no Jikan,4304
Pia Carrot e Youkoso!! 2,214
Seitokaichou Hikaru,8292
Tsuma Tsuma,2507
Chijoku Shinsatsushitsu,753
Discode: Ijou Seiai,3324
Furyou ni Hamerarete Jusei Suru Kyonyuu Okaasan The Animation,17747
Gosenzo San&#039;e,188
Heartwork: Symphony of Destruction,3308
Hi.Me.Go.To,1781
Hitou Meguri Kakure Yu: Mao-hen,15839
Inyouchuu Shoku Special,9287
Kagachi-sama Onagusame Tatematsurimasu: Netorare Mura Inya Hanashi The Animation,19857
Kakushi Dere Special,23477
Momiji,3303
PeroPero☆Teacher,22119
The Guts!,3403
Yakin Byoutou Ni,1388
Choujin Densetsu Urotsukidouji Movie,2359
Dorei Ichiba,3385
Furifure The Animation,25055
Mokkai Shiyo?,24357
Momoiro Milk,30269
One: Kagayaku Kisetsu e - True Stories,1113
Pure Mail,211
Saimin Jutsu Zero,18151
Tokumu Sousakan Rei &amp; Fuko,3998
Toriko Hime: Hakudaku Mamire no Reijou,9778
Yakin Byoutou Kranke,5324
Ai wa Kagi no Kazu dake... Fuuzoku Mansion,1895
Cele Kano,12955
Diabolus: Kikoku,7268
Guren,1821
Imouto de Ikou!,1510
Kazama Mana,2868
Otome Hime,27909
Romance wa Tsurugi no Kagayaki II,3300
Shin Hitou Meguri,19101
Ana no Oku no Ii Tokoro,27881
Inyouchuu Etsu,9904
Bakunyuu Oyako,2871
Choujin Densetsu Urotsukidouji,2341
Gakuen Nanafushigi,3802
Houkago 2: Saiyuri,5213
Ikusa Otome Valkyrie,2858
Injuu Gakuen EX,1274
Koushoku Ichidai Otoko,5924
Kowaremono The Animation,31995
Netorare Zuma,14657
Oshioki: Gakuen Reijou Kousei Keikaku,11749
Rance: Sabaku no Guardian,5259
Saimin Gakuen,5212
Shin Kyouhaku 2 The Animation: Kizu ni Saku Hana Senketsu no Kurenai,2329
Chikan Densha,4363
Kisaku Spirit,2378
Chicchana Onaka,31740
Dorei Kaigo,3538
Dragon Pink,1331
Ikoku na Retro,29703
Jokei Kazoku III: Himitsu - The Anime,27747
"Marriage Blue: &quot;Konyakusha ga Iru no ni, Doushite Konna Otoko ni......&quot;",16187
"Watashi wa, Kairaku Izonshou",32238
Betsu ni Anta no Tame ni Ookiku Nattan Janain Dakara ne!!,10553
Injuu Gakuen La Blue Girl,1272
Ai no Katachi: Ecchi na Onnanoko wa Kirai... Desu ka?,3680
In no Houteishiki,3048
Injuu Gakuen La Blue Girl: Fukkatsu-hen,1273
Minerva no Kenshi,3074
Mouryou no Nie,16091
Soap no Moko-chan,4490
Dark Shell: Ori no Naka no Namameki,3107
Kojin Taxi,2357
Kuraibito,23101
Mashou no Kao,3582
Nerawareta Megami Tenshi Angeltia: Mamotta Ningentachi ni Uragirarete,22655
Niku Mesu R30: Nikuyoku ni Ochita Mesu-tachi The Animation,25669
Soukou Kijo Iris Special,10286
Stainless Night,1407
Choujin Densetsu Urotsukidouji 2,2360
"Hitou Meguri The Animation: Wakaokami, Rachiru",4365
Ikusa Otome Valkyrie Shinshou,2859
Kowaku no Toki,11185
Love Bitch: Yasashii Onna,11969
Nanase Ren,2869
Rei Zero,9006
Watashi no Shiranai Mesu no Kao,7458
Waver,2191
Chikan no Licence,15845
Choisuji,4491
Enbi,23519
Izumo (2003),3329
Kounai Shasei,4164
Kyouhaku II (Second): Mou Hitotsu no Ashita The Animation,2328
Shin Seiki Inma Seiden,2189
Green Green Thirteen: Erolutions,651
Kininaru Kimochi,3350
Maid Ane,10728
Oyako Rankan The Animation,19283
Yarima Queen,1558
Zecchou Rocket,19629
Choukou Sennin Haruka,6558
Elfina: Yoru e to Urareta Oukoku de... The Animation,2437
Hissatsu Chikan Nin,5281
Hotaruko,2371
Kedamono-tachi no Sumu Ie de,29916
Toriko no Chigiri,18695
Inmu Gakuen: Inmu ni Torawareta Bijin Shimai,8290
Kakyuusei 2: Anthology,2139
Kakyuusei 2: Sketchbook,3945
Natural 2: Duo,4729
Ninpou Midare Karakuri,3442
Onna Kyoushi,3452
Anata no Shiranai Kangofu: Seiteki Byoutou 24 Ji,6286
Gekka Bijin,2430
Inma Youjo,4084
Manyuu Hikenchou Specials,10845
Ai Shimai Tsubomi... Kegashite Kudasai,1636
Imouto,2506
Mofukuzuma,9312
Otoko no Ko Ojousama,10429
Shin Choujin Densetsu Urotsukidouji Mataiden,2342
Yama Hime no Mi,4701
Ayatsuri Haramase DreamNote,6635
Cosplay Roshutsu Kenkyuukai,10327
Daraku: Onna Kyoushi Hakai,3578
Inshitsu Otaku ni Ikareru Kanojo,10570
Okusama wa Michael,13379
Septem Charm Magical Kanan,3301
Shameshrine Andorora,4493
Shintaisou: Shin,1632
Spiral Over,5565
Boku no Yayoi-san,29852
Chikansha Thomas,3105
Hitozuma Koukan Nikki,6689
Issunboushi (OVA),3833
Kussetsu,2794
Ryokan Shirasagi,2935
Sailor Fuku Shinryou Tsumaka,10043
Samurai Hormone The Animation,26059
Yakata Jukujo,4555
Imako System,21513
Innocent: Shoujo Memoria,10938
Luv Wave,3254
Mei King,3109
Pia Carrot e Youkoso!!,213
Seikon no Qwaser II Picture Drama,10920
Chibo,2447
Gakuen no Shuryousha,2266
Imakara Atashi......,32982
Moke Moke Taishou Dendo Musume Arisa,3307
Netorare Fighter Yaricchingu!,9008
Senya Ichiya Monogatari,3038
Canary wa Kago no Naka,4000
Haitokuzuma,2137
Hana to Hebi The Animation,3795
Heisa Byoutou,4009
Parade Parade,1390
Shin Ruri-iro no Yuki,5665
Elf no Futagohime: Willan to Arsura,6691
Etsuraku no Tane The Animation,30132
Kokudo Oh,5117
Ryojoku no Rensa,2370
Shuukaku no Yoru,3911
"Aniki no Yome-san nara, Ore ni Hamerarete Hiihii Itteru Tokoro Da yo",31101
Bakunyuu Bomb,7573
Buta no Gotoki Sanzoku ni Torawarete Shojo wo Ubawareru Kyonyuu Himekishi &amp; Onna Senshi,28169
Ryoujoku Guerrilla Kari 3,4480
Shakkin Shimai,4653
Triangle Blue,6694
Binetsukko ♭37℃ The Animation,4011
Choubatsu Yobikou,2435
G-Taste,2530
Hitou Meguri Kakure Yu,9487
Tokio Kidou Police,1405
Chikan Juunin-tai The Animation,4562
Choujin Densetsu Urotsukidouji: Mirai-hen,2343
Classmate no Okaasan,2989
Elf no Wakaokusama,1332
Enyoku,4494
Inbo,3896
Kagirohi: Shaku Kei,7262
Kunoichi Bakumatsu Kitan,4364
Otome Dori,12059
Asa kara Zusshiri Milk Pot,10697
Hitozuma Cosplay Kissa,2958
Innocent Blue,4356
Koukai Benjo The Animation,17012
Magical Twilight,3078
Mesu Nochi Torare,17539
Natural: Another,3370
Reijoku no Yakata,7582
Shino-sensei no Yuuwaku Jugyou,3532
Shoujo Auction,3557
Heisa Byouin,2195
Ikenai Koto The Animation,28517
Inyouchuu Etsu Special,31424
Campus,3039
Gibo,1406
Hatsukoi,5208
Hime Dorei,5211
Houkago 2 The Animation,5210
Ogenki Clinic,2469
Onmyouji Ayakashi no Megami: Inran Jubaku,7264
Arbeit Shiyo!!,8652
Suki da yo!,2440
Dark Blue,12995
Imouto Twins,13643
Natural,3056
Seikoujo: Haitoku no Biden Dorei,3706
Taimanin Asagi 2,31652
Yebisu Celebrities 1st,9232
Kansen: Ball Buster The Animation,20959
Korashime,3382
Miboujin: Numeriau Nikuyoku to Midara ni Nureru Mitsusubo,3108
Mizuiro,1038
Ooedo Forty Eight,5439
Shimai Ijiri,3951
Angelium,2436
Cleopatra,2755
Gitai Saimin,9718
Maro no Kanja wa Gatenkei,30454
Gedou Gakuen,2340
Grope: Yami no naka no Kotoritachi,4732
Ienai Koto The Animation,29730
Kuro no Danshou,220
Kurohime: Shikkoku no Yakata,1385
Houkago Nyannyan,11855
Ingoku Byoutou,3628
Isourou Tengoku,4824
Lovely Day: Boku to Kanojo no Nana Nichikan,13559
Mikagura Tanteidan,3379
Suika: Manatsu no Okurimono,5411
Kaette Kita Court no Naka no Tenshi-tachi,1513
Kiss yori...,3543
Onna Kyoushi Yumi no Houkago,2532
Rape! Rape! Rape!,5316
Seikou!: Osananajimi wa Terekusasou ni Uso wo Tsuku,19633
Septem Charm Magical Kanan: SP Summer Camp,4489
Shuudan Chikan Densha,2187
True Blue,3728
Court no Naka no Tenshi-tachi,1512
Daishikkin Helena,3250
Hakoiri Shoujo: Virgin Territory,10906
Natsuyasumi.,17371
Shiroki Tenshi-tachi no Rondo,3046
Yoru ga Kuru!,1702
Keiraku no Houteishiki Level-C,736
Mitama: Nin,6120
Rasen Sokou no Dystopia,30543
Shusaku Replay,2375
The Urotsuki,1353
Black Gate: Kanin no Gakuen,2145
Cartagra: Tsuki Gurui no Yamai,6422
Fushigi no Kuni no Miyuki-chan,1496
Injuu Seisen: Twin Angels,3569
Kanin Tokkyuu Michishio,8275
Kijoku: Princess Double Kari,2434
Oyome-sama Honey Days♥,24327
Saimin Jutsu Zero Special,23475
Shin Seiki Cream Lemon,9325
Tonari no Oneesan,2540
Uba,827
Vicious,4541
21-ji no Onna: Newscaster Katsuragi Miki,2863
Cambrian,2412
I☆Can,8654
Kyouhaku: Owaranai Ashita,2327
Leatherman,3378
Osananajimi to Doukyuusei,5109
Trouble Evocation,5191
Unbalance,1770
Asgaldh: The Distortion Testament,2872
Donburi Kazoku,3422
Dragon Knight 4,1834
Keraku-No-OH King of Pleasure,4488
Okusama wa Mahoutsukai,2957
Tower of Etruria,4340
Ijou Chitai: Jikken Dorei,11815
Internal Medicine,5399
Issho ni Ecchi,7611
Jinshin Yuugi,828
Karen,3560
Princess Holiday: Korogaru Ringo Tei Senya Ichiya,5408
Seikatsu Shidou!! Anime Edition,34015
Words Worth Gaiden,2185
Boku no Sexual Harassment,755
Dousou Kai,692
Inyoku Tokkyuu Zetsurinou,4730
Mahou Senshi Sweet Knights: Heroine Ryoujoku Shirei,3920
Miyazaki Maya Daizukan,9599
Naisho no Wakana-san,10575
Onna Kyoushi Nijuusan-sai,4852
Tenkousei,4825
Be-yond,4820
Cosplay Rakuen,22081
Haha Sange,7612
Juuninin no Onna Kyoushi,5522
Moonlight Sonata,5556
Shikkaku Ishi,5614
Yuuwaku Countdown,1383
A-Size Classmate,32484
Ai Doll,1791
Kairaku Satsujin Chousakan Kouji,3982
Kakyuusei,2610
Reinou Tantei Miko,2721
Seme♥Chichi,9327
Tsuukin Kairaku: Chikan de Go!!,4355
Yuuwaku Countdown: Akira,4608
Flutter of Birds: Tori-tachi no Habataki,1404
Hooligan,2439
Kowaremono II,3529
Kurai Mirai,3034
Yariman Fudousan,22815
Blind Night,4868
Boku no Yayoi-san 2,33750
Hontou ni Atta,19635
Ikusa Otome Suvia Special,9091
Inmu: Ikenie no Utage,4379
Itoshi no Kotodama,5590
Lunatic Night,4775
Shusaku Liberty,2376
Tokyo Requiem,3681
Choujin Densetsu Urotsukidouji: Inferno Road,2344
Doukyuusei 2 (OVA),4842
Idol Kouhosei,16476
Kyuuketsuki,10325
Ryouki no Ori: Dai 2 Shou,2368
Toushin Toshi II,2838
Fighting of Ecstasy,9434
Haitoku no Shoujo,3411
Hyakki,1782
Jii Tousaku,5403
Mune Kyun! Heartful Cafe,4799
Seijuuden: Twin Dolls,3534
Yubisaki Annainin Shirudaku Settai Okawari Sanhaime,9326
Colosseum no Senki: Another Story,31403
Kunoichi Sakuya,9939
Ebenbourg no Kaze,4487
Ecchies,4834
Endless Serenade,3583
Hininden: Gauss,4378
Mi-da-ra,3384
Nosewasure: Onna Kyoushi Chuuzenji Ayano no Inutsu na Kore kara,28519
V.G.Neo The Animation,2209
Ashita no Yukinojou,5674
Doukyuusei (OVA): Natsu no Owari ni,3558
Inma Daitoshi: Beast City,1595
Inmu 2,4400
Kibun Kibun,4603
Mahou no Shiho-chan,5400
Shin-ban Megami Tantei Vinus File,2956
Sinkan,2588
Terra Story,5612
Darcrows,3439
Kawarazaki-ke no Ichizoku 2,4803
Lolita Anime,4813
After... The Animation,3711
Dragon Rider,3551
Flutter of Birds II: Tenshi-tachi no Tsubasa,2208
Jokuana,3334
Love Forever,5553
Maids in Dream,2444
Manyuu Hikenchou Picture Drama,12239
Megami Kyouju,4350
Onmyouji: Youen Emaki,5049
Ryoujoku Joshi Gakuen,5606
True Blue: Gaiden,3729
Yuuguu Settai: Kotou no Gokuraku e Youkoso,1788
Blood Royale,1386
Guy: Youma Kakusei,2070
Midnight Panther,1763
Choujin Densetsu Urotsukidouji 5: Kanketsu-hen,2345
Fuurinkanzan,19523
Kamyla,3921
Love² Police,7908
Stratosphera no Yousei,2788
Chijoku Kankin,4717
Milkyway,4638
Reiju Gakuen,3922
Soukan Rensa,3556
Uchiyama Aki,3644
Inko,5890
Nankyoku 28 Gou,2326
Yukiyo Ichiya Monogatari,4558
Zoku Gosenzo San&#039;e,4561
Binetsu Shoukougun,3942
Bishoujo Comic Lolicon Angel: Mitsu no Aji,3649
Dousou Kai Again,2007
Fruits Version,14209
Jokutsuma,5173
Karakara-sama no Himitsu,5575
Kowaremono,3454
Tokubetsu Jugyou 2,2380
Keibiin,5664
Mugen no Kyoukai,2373
Shounen Maid Kuuro-kun: Tenshi no Uta,7110
Isaku,3586
Utsukushiki Sei no Dendoushi Reirei,2959
Akebi no Hana: Maho,10552
BaBuKa: Gokudou no Tsuma,11469
Castle Fantasia: Seima Taisen,5645
Hana Dorei,3380
Ijoku,3580
Sukeban Shoukai Cutie Lemon,8523
Dokusen,2541
Gakuen no Ikenie: Nagusami Mono to Kashita Kyonyuu Furyou Shoujo,30658
Ikusa Otome Valkyrie Specials,9486
Injuu Kyoushi,3908
Princess Memory,1402
Shoujo Senki Brain Jacker,10101
Tsuki Kagerou,4606
Yakin Byoutou Specials,24743
Yunyun☆Paradise,3645
Dark,3393
Harenchi Koumon Manyuuki,5566
Kugutsu Ai: Doura Gaiden,5557
M.E.M.: Yogosareta Junketsu,4840
Konna ni Yasashiku Sareta no,23761
Mamahaha,3976
Masaru Ashita no Yukinojou 2,5398
Naoko no Tropic Angel: Hyouryuu,8471
Ningyou Tsukai,4774
Ikenie,4498
Isaku: Respect,3587
Mahou Shoujo Meruru,3526
Megami Tantei Vinus File,6015
Shusaku,2374
Bakuhatsu Sunzen!! Tenshi no Countdown,3040
Dragon Knight,2479
Five Card,4260
Fujimi 2-choume Koukyougakudan,2218
Rasen Kairou,5610
Seisen Gakuin,4492
Sexy Sailor Soldiers,3402
Youjuu Kyoushitsu Gaiden,2339
DNA Hunter,3953
Mahou Shoujo Sae,5401
Maid-san to Boin Damashii,30770
Triangle Heart: Sazanami Joshi Ryo,4849
Angel Core: Tenshi-tachi no Sumika,2946
Auction: Bijo Dorei,5558
Imbalance Girl,9270
Momoko,9887
Nonomura Byouin no Hitobito,4819
Ryoujoku no Machi: Kyouen no Ceremony,3140
Shining May,5571
Spotlight,3902
Fujun Isei Kouyuu: Taisetsu na Kimi e,5550
Injuu Kateikyoushi,4821
Ningyou no Yakata,5613
Gakuen Sodom,3063
Heisei Harenchi Gakuen,6097
Ice,2169
Kara no Shoujo,7265
Kyouhaku: Owaranai Ashita - Special Stage,10409
Netoraserare,30817
Onna Kyoushi: Nikutai Jugyou,5608
Orchid☆Emblem,3383
Shiiku x Kanojo: Tenshi no Kousoku-hen,33125
Doutei Kawaiya,5101
Kara no Naka no Kotori,2443
Kawarazaki-ke no Ichizoku The Animation,4802
U-Jin Brand,3565
Injuu vs. Onna Spy,3428
Suashi no Houkago,5544
Try Z,9341
Kirameki no Kyoudai: Sex Crime,4645
Netorare: Tanabe Yuuka no Dokuhaku,9375
Ona x2,10424
SM no Susume,7154
Buta Himesama,10764
Ko Ko Ro,5588
Love Machine: Animaid Shoufu 23-gou,5607
Mahou no Rouge Lipstick,3643
Shikatte Ingo: Misaki Shunin no Buka Kyouiku-hen,9211
Shitai wo Arau The Animation,2348
El,4357
Kojin Jugyou,4161
Otenki Oneesan,3211
Seisai,2944
Shimai Ningyou,5576
Hinadori no Saezuri,4848
Angel,3633
Gakuen: Chijoku no Zushiki,1511
Gloria: Kindan no Ketsuzoku,3396
Injuu Seisen XX,12061
Kanzen Mushusei: Sorezore no Houkago,5154
Kurutta Kyoutou: Danzai no Gakuen,7455
Maid no Yakata: Zetsubou-hen,2186
Tsubaki Iro no Purijioone,2190
Injoku no Heya,4644
Injuu Nerawareta Hanayome,1784
Kangoku: Injoku no Jikkentou,2395
Shujii no Inbou,9855
Reijou Caster: Ingyaku no Wana,4604
Hiiro no Koku,4731
Pigeon Blood,2351
Utsukushiki Emono-tachi no Gakuen,3539
Youjuu Kyoushitsu,2338
Charm Point 1: Sister&#039;s Rondo,2874
Injuu Onna Kyoushi,5649
Mujintou Monogatari X,3983
Pendant,4822
Tres Marias: Sannin no Sei Shojo,3377
Handle With Care..,4557
Kinbaku no Yakata: Ryakudatsu,2894
Misuzu: Ikenai Koto,33515
Bondage Game: Shinsou no Reijoutachi - Shinsou no Doreitachi,6328
Busou Shoujotai: Blade Briders The Animation,31331
Enzai,724
Princess Road: Bara to Dokuro no Monshou,3639
Shin Reyon Densetsu: Shikkoku no Majin,5159
Shitsurakuen,4479
Aneki no Kounai Kaikinbi,13019
Doukyuusei (OVA): Climax,4841
Lesbian Byoutou,3527
Tokubetsu Jugyou,2379
Flashback Game,3705
Ginga Teikoku no Metsubou Gaiden: Aoki Ookami-tachi no Densetsu,977
Sailor Senshi Venus♥Five,4034
Shownoid Mako-chan,3648
Bad End,2821
Bishoujo Animerama: Gokkun Doll - Choujigen Pico-chan Toujou!!,18481
Okusama wa Joshikousei,5733
Rejuvenation,3912
SeeIn AO,5285
Shoujo Koakuma Kei,3824
Zero no Mono,3826
Body Jack: Tanoshii Yutai Ridatsu,4149
Deep Voice,5646
Ecchi de Happy! Pin! Pin! Pin!,5546
Private Emotion,2936
Shin Reyon Densetsu: Mou Hitori no Flair,5587
Shinjin Tour Conductor,3531
Stairs: Houkago no Album,3082
Bikini Warriors Special,31283
Hyakkiyakou: Warashi,4495
Joou-sama wa M Dorei,3066
Kekkai,3093
Mujintou Monogatari XX,5190
Ail Maniax: Inma Seifukugari &amp; Majogari no Yoru ni,2350
G-Taste (2010),9600
Youjuu Sensen Adventure Kid,2977
Akiko,2979
Aoi Yousei,5586
Concerto,5605
Dyogrammaton,3793
Genzai Byoto,4817
Renzu: Futari no Kyori,3567
Ryuusei Tenshi Primaveil,5108
Virtuacall 2,3530
Visionary,4700
Binetsu: Yakusoku no Toki,9507
Injuu Daikessen,3950
Seishou Jogangu Alice Doll,4867
Shachiku: Kuruma no Naka de Kattemasu,5567
Chimera: Target I Datenshi Kourin,4697
Houkago Mania Club: Koi no Hoshii no,3160
Tragic Silence: Shoujo Yugi,4692
Dochinpira,4693
Matou Kitan Zankan!,4560
Mozu no Nie,3309
2x1,2864
Binetsu Hime: Zange no Shou,5570
Doura,5687
Kigurumi Sentai Quiltian,4832
Magical Moe,4017
MaMa,1499
Bi-Indoushi Miija: Injoku no Gakuen,3980
Datenshi-tachi no Kyouen,5540
Mogitate Marina-chan,5423
"Rinkan Gakuen: Yamete! ...Okaasan, Minaide!",5568
SF Lolita Fantasy Ome-1,7864
Injuu Alien,2315
Pikkoman no Kichikumichi: Mayonaka no Milk Party,3895
Shokuzai no Kyoushitsu,3981
Balthus: Tia no Kagayaki,5107
Harumi-chan no Oita,2991
Rankou Choukyou: Maid ni Natta Shoujo,3094
Reyon Densetsu Flair,3553
Suishou no Yoru: Aoi Kokuhaku yori,5555
Youshou,3536
Ayatsuri Ningyou,5611
Houkago Renai Club: Koi no Étude,4818
Jisshuusei,12551
Momone,3563
Soushitsukyou,5393
Bondage Game: Shinsou no Reijoutachi,2349
Gakuen Maria: Bakunyuu Teachers,6622
Dragon Knight Gaiden,2480
Emi to Yobanaide,5609
Requiem,3581
Star☆Jewel Gaiden: Natsumi Oblivion,13917
Yu-No,3883
Eisai Kyoiku,4699
Custom Reido,4463
Junk Story,4575
Hika Ryoujoku: Wana ni Hamatta Futari,3566
Detective File 1: Kindan no Ai,4675
O-parts: Oman,9851
Pero Pero Candy,4157
Telepathist IQ Saiko,5542
Yaruki Manman,7162
Chu^2,3562
Doll Saaya,9317
Nessa no Wakusei,2551
Kimera,2592
69 Pink Riders,5548
Age Man to Fuku Chin,5564
Rhythm: Koi no Rhythm,5573
Zero Sum Game: Sex Crime,4496
Chounouryoku Shoujo Barabanba,5563
G.T.R G-cup Teacher Rei,5663
Mechiku,3542
Sei Michaela Gakuen Hyouryuuki,2239
My Life As,5383
Houkago no Shokuinshitsu,730
Punky Funky Baby,12563
Tokineiro,2862
Pianist,3564
Pico: My Little Summer Story,6546
Enshou Nihon Mukashibanashi,11825
Pico to Chico,5391
You Bishoujo Miruku-chan,5572
69 Pink Riders 2,5773
Advancer Tina,3635
Pico x CoCo x Chico,4866
Docchi mo Maid,30663
Denki Musou Hana,9257
Aoi Kokuhaku,5560
Boku no Pico,1639
Mirai Choujuu Fobia,4556
Kijutsushi x Majutsushi: Osaka Tanteibu no Jikenbo,4497
Aoi Taiken,8574
Kunoichi Gakuen Ninpouchou,4369
Rebiya,5552
Mahou Shoujo wa Kiss Shite Kawaru,23171
Sei Shoujo Sentai Lakers EX,3890
Kyuukyoku no Sex Adventure Kamasutra,3910
Kaguya-hime: Taketori Monogatari,14471
Fairy Forest Remi-chan,4601
Kateikyoushi Bishounen Kari,5547
Heisei Jogakuen Kagai Lesson,5545
Shirouto Kurabu,5551
Bishoujo Animerama: Miyuki-chan SOS-H Shichauzo,13051
Kouin Tenshi: Haitoku no Lycéenne,3541
Injuu Nerawareta Idol,3584
Maid Meshimase,5402
Yayoi,5561
Youbi Masochist Animation,7343
Henbou Moral Hazard,3540
Wake Up! Aria: Majokko Virgin Kiki Ippatsu,5160
Sei Michaela Gakuen Hyouryuuki II,2240
Dream Hazard: Akuma no Program,4178
Esper Bishoujo Manami,4833
Battle Can²,6025
Mini Skirt Gakuen,2990
Blue Seagull,11141
Prima Donna Mai,6903
Offside Girl,5589
Joshidai: Ecchi Soudanshitsu,4310
Tsui no Sora,5569
Bishoujo Animerama: Manami no Michi Tono Sou Nyuu!?,18483
Bishoujo Animerama: Minami no Watashi no Heart ni Tacchi Shite...,18479
Chou Do M na Hentai Mesu-tachi Otokoton Choukyou Itashimasu!,33960
Citrus,34382
Classical Sex-Zone,29307
Dakaretai Onna,19747
Gin no Otoko,20177
Happy Day,9304
Hataraku Otona no Renai Jijou The Animation,34168
Hi Gekiga Ukiyoe Senya Ichiya,20007
Hitorijime My Hero,33654
Hokenshitsu de Aimashou,9503
Idol Kyousei Sousa,34506
Ikenai Boy,17823
Ikenai Boy: Ikasu Maruhi Hand Power,17825
Junjou Shoujo Et Cetera Specials,32195
Kyonyuu Reijou MC Gakuen,34361
Kyuukyoku no Chef wa Oishinbo Papa,7914
Lovely Series,14207
Manga Edo Erobanashi,23677
Milky Gal: Cats Ai,13959
Misato-chan no Yume Nikki,29994
Nijuusou: Wana ni Ochita Onna-tachi,5559
Nudl Nude,18197
Nudl Nude 2,18199
Nuki Doki! Tenshi to Akuma no Sakusei Battle - Revolution,34492
Onna Spy Goumon: Teki no Ajito wa Jotai Goumonsho,29111
Original C-V-P Momoko,32713
Original Video Romance Animation,12397
Pink no Curtain,17833
Sagurare Otome The Animation,34491
Saimin Class,34312
Sakura no Mori,9504
Shikkoku no Shaga The Animation,34388
Silent Chaser Kagami,29992
Super Erotic Anime,26031
Taimanin Asagi 3,34399
Teleclub no Himitsu,10368
Tenshi no Habataki Jun,9352
The Satisfaction,5541
Toushindai My Lover: Minami tai Mecha-Minami,9316
Under World,5543
Violence Gekiga David no Hoshi,5621
Violence Gekiga Shin David no Hoshi: Inma Densetsu,6133
Yasuji no Pornorama: Yacchimae!!,26081
